# Date/Time = Mon Feb 1 2021 08:00:00
# start database from the beginning of time
-------[ 2021-02-01 08:00:00 ]

## Detector map, format:
## crate slot start_channel end_channel
bb.sh.detmap = ##
#  6     20    2     2  -1
  6     6     4     15 0 #      0
  6     7     0     15 0 #      0
  6     8     0     15 0 #      0
  6     9     0     15 0 #      0
  6     10     0     15 0 #      0
  6     13     0     15 0 #      0
  6     14     0     15 0 #      0
  6     15     0     15 0 #      0
  6     16     0     15 0 #      0
  6     17     0     15 0 #      0
  6     18     0     15 0 #      0
  6     19     0     15 0 #      0
  6     20     0     1  0 #      0

## Optional channel map
bb.sh.chanmap =  0 1  2  3  4  5  6  7
                 8  9 10 11 12 13 14
                15 16 17 18 19 20 21
                22 23 24 25 26 27 28
                29 30 31 32 33 34 35
                36 37 38 39 40 41 42
                43 44 45 46 47 48 49
                50 51 52 53 54 55 56
		57 58 59 60 61 62 63
		64 65 66 67 68 69 70
		71 72 73 74 75 76 77
		78 79 80 81 82 83 84
		85 86 87 88 89 90 91
		92 93 94 95 96 97 98
		99 100 101 102 103 104 105
		106 107 108 109 110 111 112
		113 114 115 116 117 118 119
		120 121 122 123 124 125 126
		127 128 129 130 131 132 133
		134 135 136 137 138 139 140
		141 142 143 144 145 146 147
		148 149 150 151 152 153 154
		155 156 157 158 159 160 161
		162 163 164 165 166 167 168
		169 170 171 172 173 174 175
		176 177 178 179 180 181 182
		183 184 185 186 187 188 -1

## adc channels to mV assume F250 set fot 2V for 4096
bb.sh.adc.conv = 0.4882
# Threshold for pulse finding in waveform (mV)
bb.sh.adc.thres = 4.
# Number of bins (bin=4ns) at the beginning of waveform used to determing average Pedestal
bb.sh.adc.NPedBin = 4
# Number of bins (bin=4ns) before Threshold Bin to use in integrating pulse
bb.sh.adc.NSB = 3
# Number of bins (bin=4ns) before Threshold Bin to use in integrating pulse
bb.sh.adc.NSA = 10
# Number of bin for fixed Threshold if no Threshold Crossing is found
bb.sh.adc.FixThresBin = 14

## Positions in [m] where +z is roated by bb.theta
## BB SH front: 1.89215 m + most probable shower depth 0.065 cm
#bb.sh.position = 0 0 1.95715
## surface of shower from 1st GEM: (90.88-16.00)"x 0.0254 m = 1.901952 cm
bb.sh.position = 0.0088 0.0014 1.901952

##X Offset:0.03022 m
bb.sh.xpos =
1.08128 1.08128 1.08128 1.08128 1.08128 1.08128 1.08128
0.99578 0.99578 0.99578 0.99578 0.99578 0.99578 0.99578
0.91028 0.91028 0.91028 0.91028 0.91028 0.91028 0.91028
0.82478 0.82478 0.82478 0.82478 0.82478 0.82478 0.82478
0.73928 0.73928 0.73928 0.73928 0.73928 0.73928 0.73928
0.65378 0.65378 0.65378 0.65378 0.65378 0.65378 0.65378
0.56828 0.56828 0.56828 0.56828 0.56828 0.56828 0.56828
0.48278 0.48278 0.48278 0.48278 0.48278 0.48278 0.48278
0.39728 0.39728 0.39728 0.39728 0.39728 0.39728 0.39728
0.31178 0.31178 0.31178 0.31178 0.31178 0.31178 0.31178
0.22628 0.22628 0.22628 0.22628 0.22628 0.22628 0.22628
0.14078 0.14078 0.14078 0.14078 0.14078 0.14078 0.14078
0.05528 0.05528 0.05528 0.05528 0.05528 0.05528 0.05528
-0.03022 -0.03022 -0.03022 -0.03022 -0.03022 -0.03022 -0.03022
-0.11572 -0.11572 -0.11572 -0.11572 -0.11572 -0.11572 -0.11572
-0.20122 -0.20122 -0.20122 -0.20122 -0.20122 -0.20122 -0.20122
-0.28672 -0.28672 -0.28672 -0.28672 -0.28672 -0.28672 -0.28672
-0.37222 -0.37222 -0.37222 -0.37222 -0.37222 -0.37222 -0.37222
-0.45772 -0.45772 -0.45772 -0.45772 -0.45772 -0.45772 -0.45772
-0.54322 -0.54322 -0.54322 -0.54322 -0.54322 -0.54322 -0.54322
-0.62872 -0.62872 -0.62872 -0.62872 -0.62872 -0.62872 -0.62872
-0.71422 -0.71422 -0.71422 -0.71422 -0.71422 -0.71422 -0.71422
-0.79972 -0.79972 -0.79972 -0.79972 -0.79972 -0.79972 -0.79972
-0.88522 -0.88522 -0.88522 -0.88522 -0.88522 -0.88522 -0.88522
-0.97072 -0.97072 -0.97072 -0.97072 -0.97072 -0.97072 -0.97072
-1.05622 -1.05622 -1.05622 -1.05622 -1.05622 -1.05622 -1.05622
-1.14172 -1.14172 -1.14172 -1.14172 -1.14172 -1.14172 -1.14172

# bb.sh.xpos =
# 1.1115 1.1115 1.1115 1.1115 1.1115 1.1115 1.1115
# 1.026 1.026 1.026 1.026 1.026 1.026 1.026
# 0.9405 0.9405 0.9405 0.9405 0.9405 0.9405 0.9405
# 0.855 0.855 0.855 0.855 0.855 0.855 0.855
# 0.7695 0.7695 0.7695 0.7695 0.7695 0.7695 0.7695
# 0.684 0.684 0.684 0.684 0.684 0.684 0.684
# 0.5985 0.5985 0.5985 0.5985 0.5985 0.5985 0.5985
# 0.513 0.513 0.513 0.513 0.513 0.513 0.513
# 0.4275 0.4275 0.4275 0.4275 0.4275 0.4275 0.4275
# 0.342 0.342 0.342 0.342 0.342 0.342 0.342
# 0.2565 0.2565 0.2565 0.2565 0.2565 0.2565 0.2565
# 0.171 0.171 0.171 0.171 0.171 0.171 0.171
# 0.0855 0.0855 0.0855 0.0855 0.0855 0.0855 0.0855
# 0.00 0.00 0.00 0.00 0.00 0.00 0.00
# -0.0855 -0.0855 -0.0855 -0.0855 -0.0855 -0.0855 -0.0855
# -0.171 -0.171 -0.171 -0.171 -0.171 -0.171 -0.171
# -0.2565 -0.2565 -0.2565 -0.2565 -0.2565 -0.2565 -0.2565
# -0.342 -0.342 -0.342 -0.342 -0.342 -0.342 -0.342
# -0.4275 -0.4275 -0.4275 -0.4275 -0.4275 -0.4275 -0.4275
# -0.513 -0.513 -0.513 -0.513 -0.513 -0.513 -0.513
# -0.5985 -0.5985 -0.5985 -0.5985 -0.5985 -0.5985 -0.5985
# -0.684 -0.684 -0.684 -0.684 -0.684 -0.684 -0.684
# -0.7695 -0.7695 -0.7695 -0.7695 -0.7695 -0.7695 -0.7695
# -0.855 -0.855 -0.855 -0.855 -0.855 -0.855 -0.855
# -0.9405 -0.9405 -0.9405 -0.9405 -0.9405 -0.9405 -0.9405
# -1.026 -1.026 -1.026 -1.026 -1.026 -1.026 -1.026
# -1.1115 -1.1115 -1.1115 -1.1115 -1.1115 -1.1115 -1.1115

##Y Offset:0.00314 m
bb.sh.ypos =
-0.25964 -0.17414 -0.08864 -0.00314 0.08236 0.16786 0.25336
-0.25964 -0.17414 -0.08864 -0.00314 0.08236 0.16786 0.25336
-0.25964 -0.17414 -0.08864 -0.00314 0.08236 0.16786 0.25336
-0.25964 -0.17414 -0.08864 -0.00314 0.08236 0.16786 0.25336
-0.25964 -0.17414 -0.08864 -0.00314 0.08236 0.16786 0.25336
-0.25964 -0.17414 -0.08864 -0.00314 0.08236 0.16786 0.25336
-0.25964 -0.17414 -0.08864 -0.00314 0.08236 0.16786 0.25336
-0.25964 -0.17414 -0.08864 -0.00314 0.08236 0.16786 0.25336
-0.25964 -0.17414 -0.08864 -0.00314 0.08236 0.16786 0.25336
-0.25964 -0.17414 -0.08864 -0.00314 0.08236 0.16786 0.25336
-0.25964 -0.17414 -0.08864 -0.00314 0.08236 0.16786 0.25336
-0.25964 -0.17414 -0.08864 -0.00314 0.08236 0.16786 0.25336
-0.25964 -0.17414 -0.08864 -0.00314 0.08236 0.16786 0.25336
-0.25964 -0.17414 -0.08864 -0.00314 0.08236 0.16786 0.25336
-0.25964 -0.17414 -0.08864 -0.00314 0.08236 0.16786 0.25336
-0.25964 -0.17414 -0.08864 -0.00314 0.08236 0.16786 0.25336
-0.25964 -0.17414 -0.08864 -0.00314 0.08236 0.16786 0.25336
-0.25964 -0.17414 -0.08864 -0.00314 0.08236 0.16786 0.25336
-0.25964 -0.17414 -0.08864 -0.00314 0.08236 0.16786 0.25336
-0.25964 -0.17414 -0.08864 -0.00314 0.08236 0.16786 0.25336
-0.25964 -0.17414 -0.08864 -0.00314 0.08236 0.16786 0.25336
-0.25964 -0.17414 -0.08864 -0.00314 0.08236 0.16786 0.25336
-0.25964 -0.17414 -0.08864 -0.00314 0.08236 0.16786 0.25336
-0.25964 -0.17414 -0.08864 -0.00314 0.08236 0.16786 0.25336
-0.25964 -0.17414 -0.08864 -0.00314 0.08236 0.16786 0.25336
-0.25964 -0.17414 -0.08864 -0.00314 0.08236 0.16786 0.25336
-0.25964 -0.17414 -0.08864 -0.00314 0.08236 0.16786 0.25336

# bb.sh.ypos =
# -0.2565 -0.171 -0.0855 0 0.0855 0.171 0.2565
# -0.2565 -0.171 -0.0855 0 0.0855 0.171 0.2565
# -0.2565 -0.171 -0.0855 0 0.0855 0.171 0.2565
# -0.2565 -0.171 -0.0855 0 0.0855 0.171 0.2565
# -0.2565 -0.171 -0.0855 0 0.0855 0.171 0.2565
# -0.2565 -0.171 -0.0855 0 0.0855 0.171 0.2565
# -0.2565 -0.171 -0.0855 0 0.0855 0.171 0.2565
# -0.2565 -0.171 -0.0855 0 0.0855 0.171 0.2565
# -0.2565 -0.171 -0.0855 0 0.0855 0.171 0.2565
# -0.2565 -0.171 -0.0855 0 0.0855 0.171 0.2565
# -0.2565 -0.171 -0.0855 0 0.0855 0.171 0.2565
# -0.2565 -0.171 -0.0855 0 0.0855 0.171 0.2565
# -0.2565 -0.171 -0.0855 0 0.0855 0.171 0.2565
# -0.2565 -0.171 -0.0855 0 0.0855 0.171 0.2565
# -0.2565 -0.171 -0.0855 0 0.0855 0.171 0.2565
# -0.2565 -0.171 -0.0855 0 0.0855 0.171 0.2565
# -0.2565 -0.171 -0.0855 0 0.0855 0.171 0.2565
# -0.2565 -0.171 -0.0855 0 0.0855 0.171 0.2565
# -0.2565 -0.171 -0.0855 0 0.0855 0.171 0.2565
# -0.2565 -0.171 -0.0855 0 0.0855 0.171 0.2565
# -0.2565 -0.171 -0.0855 0 0.0855 0.171 0.2565
# -0.2565 -0.171 -0.0855 0 0.0855 0.171 0.2565
# -0.2565 -0.171 -0.0855 0 0.0855 0.171 0.2565
# -0.2565 -0.171 -0.0855 0 0.0855 0.171 0.2565
# -0.2565 -0.171 -0.0855 0 0.0855 0.171 0.2565
# -0.2565 -0.171 -0.0855 0 0.0855 0.171 0.2565
# -0.2565 -0.171 -0.0855 0 0.0855 0.171 0.2565

## Size
bb.sh.size   =  0.595 2.295 0.37 # in meters

## Number of rows and columns
bb.sh.ncols =  7
bb.sh.nrows = 27

## Position of first module
bb.sh.xyz    =   1.105 0.255  0.000
## Space between modules
bb.sh.dxdydz =   0.085  .085  0.000

## Ratio of the signal amplitude at the input of
## Discriminator to the signal amplitude at FADC
bb.sh.trigtoFADCratio = 0.99 1.01 0.97 1.00 0.97 0.99 0.97
		        1.01 1.02 0.99 1.05 1.03 0.99 1.03
			1.04 1.01 1.00 1.04 1.00 1.00 1.01
			1.05 1.07 1.03 1.08 1.07 1.08 1.08
			0.94 0.98 0.96 0.98 0.95 0.98 0.98
			1.02 1.06 1.06 1.07 1.05 1.05 1.06
			1.34 1.37 1.32 1.37 1.33 1.31 1.33
			1.34 1.41 1.38 1.44 1.40 1.42 1.43
			0.98 1.01 0.96 1.03 0.96 0.96 0.97
			0.99 1.02 1.03 1.02 1.03 1.05 1.05
			1.00 1.00 0.99 1.00 0.98 0.98 0.99
			1.00 1.02 1.01 1.03 1.01 1.02 1.03
			0.99 1.00 0.97 0.99 0.97 0.99 0.97
			1.00 1.03 1.00 1.05 1.05 1.01 1.04
			0.97 1.00 0.94 1.01 0.95 0.96 0.95
			0.99 1.05 1.03 1.06 1.04 1.04 1.06
			1.00 1.01 1.04 0.98 0.96 0.96 0.97
			1.02 1.04 1.03 1.07 1.05 1.06 1.05
			1.00 1.00 1.00 1.03 0.98 1.00 0.97
			0.98 1.03 1.06 1.01 1.02 1.04 1.09
			1.01 1.02 0.99 1.04 0.97 0.99 1.00
			1.02 1.02 1.07 1.08 1.03 1.05 1.09
			1.02 1.06 0.90 1.05 1.01 0.99 1.01
			1.04 1.09 1.07 1.10 1.07 1.07 1.12
			1.03 1.04 1.02 1.04 1.02 1.00 0.99
			1.03 1.03 1.06 1.04 1.10 1.09 1.11
			1.06 1.09 1.09 1.11 1.11 1.23 1.22


## emin
bb.sh.emin_clSeed = 0.02 # GeV
bb.sh.emin= 0.02 #GeV
bb.sh.emin_clTotal = 0.02 # GeV

bb.sh.Rmax_dis = 0.15 #m, Search radius for cluster

## Maximum time difference between cluster seed and additional blocks, set to 1000 ns
# keep at 50 ns until we better understand the effects:
bb.sh.tmax = 10.0

#ADCtime offsets w.r.t bbhodo
bb.sh.adc.timeoffset =
-44.7463 -41.9622 -42.0066 -36.9115 -37.8404 -37.0747 -40.103
-40.9298 -42.2131 -43.7492 -42.0535 -39.9037 -41.48 -40.3053
-41.943 -46.1969 -39.3055 -39.6129 -40.744 -40.1601 -43.255
-45.1711 -40.9139 -47.4463 -41.2908 -56.0066 -53.9188 -43.6652
-40.2933 -42.5441 -47.0749 -43.6377 -43.5857 -42.1699 -40.4766
-41.6897 -40.9638 -43.3239 -41.7073 -38.8399 -42.284 -40.7787
-40.2896 -40.0324 -40.5292 -42.8995 -39.4857 -41.6987 -40.8693
-45.8538 -40.4771 -42.3298 -48.2809 -40.8943 -41.7206 -42.436
-45.3874 -41.2318 -44.0932 -41.4844 -39.0852 -46.7415 -42.1058
-41.7979 -45.1235 -42.8916 -44.7982 -44.9548 -45.0294 -43.9808
-44.2693 -45.6933 -41.7307 -45.4521 -43.3394 -44.5564 -48.5506
-45.5019 -44.4808 -46.9132 -44.754 -43.8345 -43.0247 -45.6679
-43.2854 -41.214 -44.5511 -45.0259 -46.5168 -44.4542 -47.5664
-43.7569 -42.5721 -41.782 -44.7707 -43.8942 -39.0126 -43.8497
-43.6665 -46.7675 -46.9911 -44.9159 -43.5224 -43.5358 -46.4258
-44.7989 -41.4075 -46.2148 -41.4838 -45.9629 -44.3366 -51.0407
-46.9277 -44.6637 -40.5537 -44.537 -47.1356 -42.635 -49.3207
-42.4529 -47.33 -45.47 -50.976 -42.682 -44.404 -43.7754
-49.1155 -44.3256 -48.9003 -43.9288 -45.4576 -40.6938 -48.1189
-45.783 -46.479 -44.6503 -47.6288 -45.9917 -47.9987 -46.3245
-44.7333 -47.9926 -39.9227 -45.5176 -38.9974 -43.7457 -44.5427
-44.1425 -44.4976 -44.0552 -46.0298 -43.286 -41.3615 -48.1898
-43.9419 -43.9427 -41.9029 -40.8437 -43.8812 -44.651 -42.0998
-44.0157 -41.4413 0 0 0 0 0
0 0 0 0 0 0 0
0 0 0 0 0 0 0
0 0 0 0 0 0 0

# Preparing for beam. Amplitudes at trigger aligned to 20mV with cosmic.
-------[ 2021-10-11 16:00:00 ]

## Amplitude to Integral Ratios (Calculated from run 10983 (cosmic))
bb.sh.adc.AmpToIntRatio =
1.91045 1.92823 1.93738 2.05116 2.04158 2.03978 1.89823
1.98187 1.98483 1.91742 1.91674 1.91747 1.95895 1.96838
1.95195 1.87745 2.04764 2.06533 2.0178 2.09711 1.98548
1.91138 2.05043 1.88458 2.02772 1.82308 1.80211 1.90983
1.99302 1.97211 1.86175 1.9588 1.98096 1.88447 2.0099
1.93731 1.94364 1.89963 1.96734 1.98736 1.9058 1.94289
2.08077 2.0983 2.08142 2.00517 2.12949 2.04151 2.06986
1.92631 2.07614 2.09153 1.91763 2.0652 2.15943 1.98846
1.90482 1.99854 1.88808 1.98761 2.02041 1.90087 2.00144
2.0003 1.92216 1.96104 1.92183 1.91058 1.88495 1.94039
2.00827 1.99662 1.99169 1.99094 1.96585 1.97249 1.91205
1.9309 2.01341 1.9303 2.01713 2.0699 2.01037 2.00957
1.95419 2.04462 1.97414 1.95024 1.91514 1.92446 1.89671
1.91313 1.86441 1.96162 1.93817 1.94307 2.06007 1.94722
1.98867 1.92848 1.91004 1.93254 1.97912 2.00364 1.99871
1.96392 1.91715 1.91236 2.03911 1.93573 1.95468 1.87865
1.88377 1.96877 2.12154 1.9243 1.915 2.02324 1.91811
2.02649 1.95718 2.0055 1.88881 2.01852 1.97509 2.0299
1.89504 2.04519 1.90216 1.99129 2.00546 2.04656 1.97446
1.95353 1.92166 1.99775 1.94255 1.96814 1.95545 1.94306
1.91054 1.9325 2.03632 1.92799 2.11258 1.93706 1.9239
1.92761 1.93989 1.95852 1.91367 1.91994 1.9794 1.88654
1.96802 1.91872 1.95896 1.97259 2.00339 1.9168 1.95549
1.97666 2.01763 1.80306 1.83473 1.82994 1.88329 1.87679
1.83454 1.82402 1.8249 1.80027 1.85908 1.84098 1.85429
1.81821 1.88136 1.83238 1.86906 1.81279 1.83859 1.82661
1.83619 1.85405 1.79456 1.82089 1.8354 1.81337 1.80125

## Gain factor for energy calibration using cosmic: GeV/pC
## Asuming trigger amplitudes are aligned to 20mV
bb.sh.adc.gain =
0.00693493 0.00699947 0.00703269 0.00744571 0.00741094 0.0074044 0.00689057
0.00719419 0.00720493 0.00696023 0.00695777 0.00696042 0.00711099 0.00714522
0.00708558 0.00681514 0.00743293 0.00749715 0.00732461 0.00761251 0.00720729
0.00693831 0.00744306 0.00684103 0.00736062 0.00661778 0.00654166 0.00693268
0.00723466 0.00715876 0.00675815 0.00711044 0.00719088 0.00684063 0.00729594
0.00703244 0.00705541 0.00689566 0.00714144 0.00721412 0.00691805 0.00705269
0.0075532 0.00761683 0.00755555 0.00727877 0.00773005 0.00741068 0.00751359
0.00699251 0.00753639 0.00759225 0.006961 0.00749668 0.00783873 0.00721811
0.0069145 0.0072547 0.00685373 0.00721502 0.00733409 0.00690016 0.00726523
0.00726109 0.00697744 0.00711858 0.00697624 0.00693541 0.00684237 0.00704362
0.00729002 0.00724773 0.00722983 0.00722711 0.00713604 0.00716014 0.00694074
0.00700917 0.00730868 0.00700699 0.00732218 0.00751374 0.00729764 0.00729474
0.00709371 0.00742197 0.00716613 0.00707937 0.00695196 0.00698579 0.00688506
0.00694466 0.00676781 0.00712068 0.00703556 0.00705334 0.00747805 0.00706841
0.00721887 0.00700038 0.00693345 0.00701512 0.00718421 0.00727321 0.00725532
0.00712903 0.00695925 0.00694187 0.00740197 0.0070267 0.00709549 0.0068195
0.00683809 0.00714664 0.00770119 0.00698521 0.00695145 0.00734436 0.00696274
0.00735616 0.00710456 0.00727996 0.00685638 0.00732723 0.00716958 0.00736854
0.006879 0.00742404 0.00690484 0.00722838 0.00727982 0.00742901 0.00716729
0.00709131 0.00697563 0.00725183 0.00705146 0.00714435 0.00709828 0.00705331
0.00693526 0.00701497 0.00739184 0.0069986 0.00766867 0.00703153 0.00698376
0.00699722 0.0070418 0.00710943 0.00694662 0.00696938 0.00718522 0.00684814
0.00714391 0.00696495 0.00711102 0.0071605 0.00727231 0.00695798 0.00709843
0.00717528 0.007324 0.00654511 0.00666007 0.00664268 0.00683634 0.00681275
0.00665938 0.00662119 0.00662439 0.00653498 0.00674846 0.00668276 0.00673107
0.0066001 0.00682934 0.00665154 0.00678469 0.00658043 0.00667408 0.00663059
0.00666537 0.0067302 0.00651425 0.00660983 0.0066625 0.00658253 0.00653854

# Calibration done with LH2 data for 100% SBS field. SBS-1
-------[ 2021-10-15 16:00:00 ]
bb.sh.adc.gain =
0.00750807 0.00757794 0.0076139 0.00806106 0.00802341 0.00801634 0.00746004
0.00778836 0.00780038 0.00753546 0.00753279 0.00753526 0.00769867 0.00773573
0.00767116 0.00737838 0.00804723 0.00811675 0.00792995 0.00824164 0.00780294
0.00751172 0.00805784 0.00740667 0.00796894 0.0071647 0.00708229 0.00750563
0.00783257 0.00775039 0.00731668 0.00769808 0.00778517 0.00740597 0.00789891
0.00761363 0.00763851 0.00746555 0.00773165 0.00781032 0.00748979 0.00763528
0.00817743 0.00824632 0.00817998 0.00788032 0.0083689 0.00802313 0.00813455
0.00757012 0.00815923 0.00821971 0.00753629 0.00811624 0.00848656 0.00781504
0.00748559 0.00785426 0.00742015 0.00781131 0.00794021 0.00747042 0.00786566
0.00786181 0.00755409 0.00770689 0.00755279 0.00750858 0.00740829 0.00762573
0.0078925 0.00784672 0.00782734 0.00782439 0.00772579 0.00775189 0.00751404
0.00758844 0.0079127 0.00758635 0.00792732 0.00813471 0.00790075 0.00789761
0.00767997 0.00803477 0.00775837 0.00766444 0.0075265 0.00756313 0.00745407
0.0075186 0.00732713 0.00770917 0.00761701 0.00763627 0.00809608 0.00765257
0.00781547 0.00757893 0.00534937 0.0100172 0.00777794 0.00787431 0.00785493
0.00771821 0.00772788 0.00740956 0.0080137 0.00760742 0.00768189 0.00738309
0.00740322 0.00773727 0.00833765 0.0075625 0.00752595 0.00795133 0.00753817
0.00796411 0.00801155 0.00805964 0.00742302 0.00793278 0.0077621 0.00797751
0.00744751 0.0080376 0.00747521 0.00782577 0.00788146 0.00804298 0.00775978
0.00767737 0.00755181 0.00785116 0.00763422 0.00773479 0.00768492 0.00763623
0.00750842 0.00759473 0.00800274 0.007577 0.00830244 0.00761265 0.00756093
0.00757551 0.00762377 0.00769726 0.00752092 0.00754536 0.00777904 0.0074141
0.00773432 0.00754084 0.00769871 0.00775248 0.00787352 0.00753302 0.00768508
0.00776847 0.00792929 0.00708603 0.00721045 0.00719166 0.00740133 0.00737578
0.00720974 0.0071684 0.00717186 0.00707506 0.00730618 0.00723505 0.00728736
0.00714557 0.00739374 0.00720125 0.00734541 0.00712426 0.00722566 0.00717858
0.00721623 0.00728642 0.00705211 0.0071561 0.00721312 0.00712654 0.00707891


# Calibration done with LH2 data for 50% SBS field. SBS-1
-------[ 2021-10-16 17:50:00 ]
bb.sh.adc.gain =
0.00733613 0.0074044 0.00743954 0.00787645 0.00783967 0.00783276 0.0072892
0.00761 0.00762175 0.00736289 0.00736028 0.0073627 0.00752237 0.00755858
0.00749549 0.00720941 0.00786294 0.00793087 0.00774835 0.0080529 0.00762424
0.0073397 0.00787331 0.00723706 0.00778644 0.00700063 0.0069201 0.00733375
0.0076532 0.0075729 0.00714912 0.00752179 0.00760689 0.00723636 0.00771802
0.00743927 0.00746358 0.00729458 0.00755459 0.00763146 0.00731827 0.00746043
0.00799016 0.00805747 0.00799265 0.00769985 0.00817724 0.0078394 0.00794826
0.00739676 0.00797238 0.00803148 0.0073637 0.00793037 0.00829221 0.00763607
0.00731416 0.00914506 0.00737492 0.00763242 0.00775837 0.00729934 0.00768553
0.00687459 0.00686371 0.00770562 0.00744585 0.00765235 0.00709467 0.0074511
0.00672891 0.00782592 0.00742084 0.00765812 0.00773134 0.00783831 0.00734196
0.00615598 0.0075253 0.00739816 0.00733856 0.00832731 0.00657118 0.00481641
0.00490281 0.0073436 0.00787942 0.00734107 0.00680629 0.00674436 0.00503067
0.00741737 0.00796213 0.00736136 0.00727196 0.0076765 0.0078652 0.00747732
0.00623504 0.00718194 0.0067636 0.00631363 0.00692328 0.0063373 0.00570409
0.0054763 0.00616123 0.00609165 0.00735119 0.00648699 0.00625391 0.00434837
0.00476266 0.00686483 0.00688978 0.00719883 0.00698739 0.00719934 0.00582735
0.00569617 0.00684103 0.00691474 0.00621722 0.00660008 0.00708774 0.00648673
0.00560329 0.00641489 0.00699317 0.00678282 0.00757532 0.00685959 0.00570771
0.00579264 0.00737315 0.0063946 0.00690172 0.00654318 0.00737797 0.00746135
0.00606079 0.00703902 0.00698465 0.00655275 0.00765061 0.00766318 0.00738778
0.00559022 0.00668175 0.00657502 0.0063894 0.00662313 0.00701706 0.00724431
0.0064941 0.00653726 0.00691623 0.00576842 0.00713102 0.00688169 0.00750908
0.00759057 0.00766337 0.0066128 0.00679591 0.00737753 0.00833456 0.00720687
0.00704463 0.00700424 0.00700762 0.00691304 0.00713887 0.00706936 0.00712047
0.00698193 0.00722442 0.00703634 0.00717719 0.00696111 0.00706019 0.00701418
0.00705097 0.00711955 0.00689061 0.00699222 0.00704794 0.00696334 0.0069168

# Calibration done with LH2 data for -25% SBS field. SBS-1
-------[ 2021-10-17 12:00:00 ]
bb.sh.adc.gain =
0.00785195 0.00792503 0.00796263 0.00843027 0.00839089 0.0083835 0.00780173
0.00814507 0.00815765 0.0078806 0.0078778 0.00788039 0.00805128 0.00809004
0.00802251 0.00771632 0.0084158 0.00848851 0.00829316 0.00861912 0.00816032
0.00785577 0.0084269 0.00774591 0.00833393 0.00749286 0.00740667 0.0078494
0.00819131 0.00810537 0.00765179 0.00805067 0.00814175 0.00774517 0.00826069
0.00796234 0.00798836 0.00780748 0.00808577 0.00816805 0.00783284 0.00798499
0.00855196 0.00862401 0.00855464 0.00824125 0.0087522 0.00839061 0.00850712
0.00791685 0.00853294 0.00859619 0.00788146 0.00848797 0.00887526 0.00817298
0.00782844 0.008214 0.00776001 0.00816908 0.00830389 0.00781258 0.00822592
0.00822189 0.0115397 0.00814494 0.00835473 0.00785248 0.0077476 0.007975
0.00825399 0.00903119 0.00895007 0.00643468 0.00809735 0.00810693 0.0078582
0.007936 0.00827512 0.00679234 0.00731078 0.0111829 0.00826262 0.00825933
0.00803172 0.00794871 0.00604094 0.00584961 0.00534207 0.00790953 0.00779548
0.00786296 0.00753717 0.00729991 0.00514779 0.00512803 0.00846689 0.00800307
0.00817343 0.00607744 0.00694069 0.00577318 0.00481981 0.00823496 0.0082147
0.00807171 0.00563456 0.0078598 0.00838074 0.0151685 0.00803373 0.00772125
0.00774229 0.00809164 0.00871953 0.00790887 0.00787065 0.00831552 0.00788343
0.00832887 0.00804401 0.00824261 0.00776301 0.00829612 0.00811762 0.00834289
0.00778861 0.00840573 0.00781759 0.0081842 0.00824244 0.00841136 0.0081152
0.00802901 0.00789769 0.00821075 0.00798388 0.00808906 0.0080369 0.00798598
0.00785232 0.00794258 0.00836928 0.00792404 0.0086827 0.00796132 0.00790723
0.00792248 0.00797295 0.0080498 0.00786539 0.00789095 0.00813533 0.00775368
0.00808856 0.00788623 0.00805133 0.00810755 0.00823414 0.00787805 0.00803706
0.00812428 0.00829246 0.00741058 0.0075407 0.00752105 0.00774032 0.00771361
0.00753996 0.00749672 0.00750034 0.00739911 0.00764082 0.00756643 0.00762113
0.00747284 0.00773239 0.00753108 0.00768184 0.00745057 0.0075566 0.00750737
0.00754674 0.00762015 0.00737511 0.00748386 0.00754349 0.00745295 0.00740314

# Calibration done with LH2 data for 0 SBS field. SBS-1
-------[ 2021-10-17 18:00:00 ]
bb.sh.adc.gain =
0.00693493 0.00699947 0.00703269 0.00744571 0.00741094 0.0074044 0.00689057
0.00719383 0.00720493 0.00696023 0.00695777 0.00696005 0.00711099 0.00714522
0.00708558 0.00681514 0.00743293 0.00749715 0.00732461 0.00761251 0.00720729
0.00693831 0.00744273 0.00684128 0.00736062 0.00661778 0.00654166 0.00693268
0.00723466 0.00715876 0.00675815 0.00711044 0.00719088 0.00684063 0.00729594
0.00703244 0.00705541 0.00689566 0.00714144 0.00721412 0.00691805 0.00705244
0.0075532 0.00761683 0.00755555 0.00727877 0.00773005 0.00741068 0.00751359
0.00699225 0.00753639 0.00759225 0.006961 0.00749668 0.00783873 0.00721847
0.00691417 0.00797063 0.00685373 0.00721502 0.00733409 0.00690016 0.00726523
0.00684867 0.00715251 0.00660774 0.00722688 0.00779227 0.00811409 0.00704362
0.0069177 0.00787443 0.00832013 0.00685435 0.0070133 0.0078889 0.00694045
0.00702831 0.00756069 0.00748082 0.00730119 0.00740443 0.00735904 0.00729474
0.00730504 0.00743049 0.0069519 0.00782186 0.00712576 0.00707665 0.00688506
0.00694466 0.00798843 0.00752553 0.0061814 0.00719511 0.00772675 0.00706841
0.00589237 0.00639736 0.00686542 0.00608652 0.00658207 0.00618452 0.00698662
0.00576159 0.00597136 0.00642878 0.00702288 0.00641668 0.00642128 0.00649166
0.00561137 0.00708944 0.00677798 0.00696453 0.00712237 0.00737538 0.00696274
0.00592342 0.00706574 0.00680957 0.00608211 0.00625734 0.00794128 0.00736854
0.00625891 0.0067738 0.00714446 0.00667198 0.00740915 0.00739117 0.00716743
0.00709131 0.00795942 0.0061156 0.00695656 0.00647656 0.00745787 0.00705331
0.00693526 0.00736274 0.00647484 0.00620836 0.00706527 0.00738219 0.00698376
0.00699722 0.00707761 0.00663078 0.00604245 0.00603146 0.00789262 0.00684814
0.00714391 0.00700505 0.00632089 0.00700729 0.0107804 0.00695798 0.00709843
0.00717546 0.007324 0.00654511 0.00666003 0.00664268 0.00683634 0.00681275
0.00665938 0.00662119 0.00662439 0.00653498 0.00674846 0.00668276 0.00673107
0.0066001 0.00682934 0.00665154 0.00678469 0.00658043 0.00667408 0.00663059
0.00666537 0.0067302 0.00651378 0.00660983 0.0066625 0.00658253 0.00653854

# Calibration done with LH2 data for 25% SBS field. SBS-1
-------[ 2021-10-18 00:00:00 ]
bb.sh.adc.gain =
0.00727881 0.00734656 0.00738142 0.00781492 0.00777842 0.00777156 0.00723226
0.00755054 0.0075622 0.00730537 0.00730278 0.00730518 0.0074636 0.00749953
0.00743693 0.00715308 0.00780151 0.00786891 0.00768782 0.00798999 0.00756468
0.00728236 0.0078118 0.00718052 0.00772561 0.00694593 0.00686604 0.00727645
0.00759341 0.00751374 0.00709327 0.00746303 0.00754746 0.00717983 0.00765772
0.00738115 0.00740527 0.00723759 0.00749557 0.00757184 0.0072611 0.00740214
0.00792773 0.00799452 0.00793021 0.0076397 0.00811336 0.00777815 0.00788617
0.00733897 0.00791009 0.00796873 0.00730617 0.00786841 0.00822743 0.00757641
0.00725702 0.00887944 0.00716357 0.010659 0.00769776 0.00724231 0.00762549
0.00743038 0.00703158 0.00718201 0.00717325 0.00800817 0.00781866 0.00739289
0.00726537 0.00787514 0.00784425 0.00748217 0.00772756 0.00791801 0.00728461
0.00647742 0.007561 0.00752661 0.00748596 0.00803713 0.00694717 0.00659617
0.00680223 0.0076141 0.00735159 0.00763172 0.00682371 0.00708643 0.00586815
0.00786609 0.00798643 0.00763934 0.00695281 0.00776813 0.00762522 0.00726895
0.00609864 0.00675734 0.00675993 0.00609001 0.00671619 0.00620063 0.00638306
0.00511323 0.00613679 0.00575345 0.00737861 0.00644194 0.00630766 0.00570101
0.00559961 0.00690422 0.00690489 0.00716479 0.0071674 0.00720378 0.00606108
0.00613825 0.00684913 0.00675925 0.00611281 0.00655085 0.00729801 0.00646268
0.00581667 0.00646675 0.00703363 0.00677132 0.00747145 0.00688346 0.00684114
0.00621031 0.00752327 0.006057 0.00680512 0.0063104 0.00748064 0.00740306
0.00727916 0.00745134 0.00684448 0.00628265 0.00752997 0.00776229 0.00733006
0.00734419 0.0072556 0.00665947 0.00643717 0.00661022 0.00670308 0.00713363
0.00749816 0.00702123 0.00681371 0.00580482 0.00709391 0.00702916 0.00745042
0.00753127 0.00756432 0.00674299 0.00670091 0.00772802 0.00850275 0.00715057
0.0069896 0.00694952 0.00695287 0.00685903 0.00708309 0.00701413 0.00706484
0.00692738 0.00716798 0.00698137 0.00712112 0.00690673 0.00700503 0.00695938
0.00699588 0.00706393 0.00683678 0.00693759 0.00699287 0.00690894 0.00686276

###############################################################################
###                                 SBS-4                                   ###
###############################################################################

# Configuration Change [SBS-1 -> SBS-4]
-------[ 2021-10-18 05:30:00 ]

bb.sh.emin_clTotal = 0.2
# # ADCtime offsets w.r.t TH using all SBS4 LH2 & LD2 data
# # Latest on 08/24/2023 for pass2 readiness. https://logbooks.jlab.org/entry/4170774
# bb.sh.adc.timeoffset =
# -41.3863 -38.7921 -37.926 -33.2715 -34.2029 -32.6321 -40
# -37.6875 -38.1245 -38.6261 -37.1698 -35.3887 -37.2745 -40
# -37.4103 -41.638 -35.1699 -35.1636 -36.4026 -36.3426 -39.0786
# -40.3828 -36.5066 -43.0746 -36.877 -51.9277 -49.6737 -39.3671
# -35.9819 -38.0444 -42.5757 -39.1803 -39.2273 -37.6882 -36.2619
# -36.9033 -36.5316 -38.7483 -36.8925 -34.3989 -37.6791 -35.8979
# -36.1636 -35.7794 -36.5653 -38.1439 -35.1775 -37.0386 -36.5645
# -40.8198 -36.1373 -37.0422 -43.6993 -36.5183 -36.5539 -37.2474
# -40.4586 -36.2732 -39.4775 -37.1358 -34.0192 -41.5873 -37.1385
# -37.2685 -39.5002 -38.5291 -40.3742 -40.2646 -40.9526 -39.5945
# -39.402 -40.855 -37.224 -40.6317 -39.1568 -40.0944 -43.2671
# -40.9569 -39.5491 -42.2486 -40.2475 -38.9792 -38.6435 -39.6631
# -39.7328 -36.4453 -39.5337 -40.619 -41.8349 -39.6235 -42.4117
# -39.8259 -37.7699 -37.1034 -39.5261 -39.0613 -34.5483 -39.5432
# -39.4432 -42.159 -42.3187 -40.3926 -39.0302 -38.8019 -40.1145
# -40.484 -36.8426 -41.4608 -36.8232 -41.3514 -39.7538 -45.4352
# -43.5352 -39.4943 -35.798 -39.9497 -41.6908 -37.9542 -44.182
# -38.0761 -42.2733 -40.3213 -45.6522 -38.3582 -39.9614 -38.3483
# -44.6176 -39.7043 -44.3958 -39.3909 -40.7757 -36.0872 -43.0526
# -41.3348 -42.2334 -40.3548 -43.3263 -41.3801 -43.1899 -41.7809
# -40.0845 -43.687 -35.1931 -40.8496 -34.2113 -38.9689 -39.2216
# -39.5799 -39.6779 -39.5452 -41.3304 -38.2584 -36.7218 -42.187
# -39.7148 -39.7837 -37.489 -36.9253 -37.5539 -40.7032 -37.7691
# -39.931 -36.5999 -48.4672 -48.3104 -49.8749 -39.8113 -41.6395
# -43.0506 -44.4894 -43.6315 -44.0753 -42.5641 -42.2827 -42.6418
# -41.5729 -40.5428 -41.4759 -42.225 -41.556 -40.2239 -40
# -40 -40 -40 -40 -40 -40 -40

# ADCtime offsets w.r.t TH using all of LH2 & LD2 data from SBS4 30p and 0p
# Latest on 11/13/2023 for pass2 readiness. (Aligned 50p dataset seperately)
#bb.sh.adc.timeoffset =
#-41.1545 -38.7524 -37.9258 -33.2715 -34.2036 -32.5834 -40
#-37.5577 -38.177 -38.4916 -37.1374 -35.3143 -37.2511 -40
#-37.3325 -41.5975 -35.1077 -35.1311 -36.3694 -36.314 -39.0817
#-40.3822 -36.4671 -42.8519 -36.8139 -51.8761 -49.6763 -39.3668
#-35.9113 -37.8932 -42.4185 -39.058 -39.106 -37.6365 -36.2626
#-36.821 -36.5106 -38.7362 -36.8279 -34.3486 -37.614 -35.8932
#-36.1141 -35.815 -36.5783 -38.1393 -35.0707 -37.0808 -36.5651
#-40.6933 -36.1199 -36.9881 -43.6411 -36.4936 -36.5469 -37.226
#-40.3723 -36.2774 -39.4459 -37.0211 -33.9787 -41.5863 -37.1372
#-37.2741 -39.4779 -38.5168 -40.3497 -40.255 -40.9495 -39.5907
#-39.3811 -40.8455 -37.1968 -40.5929 -39.0675 -40.0856 -43.1265
#-40.935 -39.5497 -42.2462 -40.2426 -38.9784 -38.552 -39.449
#-39.412 -36.4113 -39.5209 -40.6233 -41.8482 -39.5595 -42.3021
#-39.8201 -37.7677 -37.0237 -39.5238 -39.0687 -34.5492 -39.5322
#-39.4441 -42.0712 -42.3155 -40.3859 -39.0317 -38.8027 -39.8967
#-40.3882 -36.8443 -41.464 -36.8258 -41.35 -39.7534 -45.243
#-43.3467 -39.501 -35.795 -39.9492 -41.6908 -37.957 -44.1248
#-38.0885 -42.2752 -40.3213 -45.6607 -38.3613 -39.9608 -38.3133
#-44.5892 -39.7073 -44.3956 -39.3939 -40.7822 -36.0958 -42.9881
#-41.3414 -42.2347 -40.3562 -43.3275 -41.3375 -43.1875 -41.7776
#-40.085 -43.6936 -35.1935 -40.8538 -34.2332 -38.9016 -39.1996
#-39.527 -39.6789 -39.5439 -41.3294 -38.2602 -36.7194 -42.1866
#-39.6481 -39.7846 -37.4792 -36.9256 -37.5546 -40.7045 -37.758
#-39.9276 -36.5954 -48.4423 -48.2897 -49.84 -39.8087 -41.6357
#-43.1159 -44.4361 -43.6145 -43.9411 -43.0263 -42.2304 -42.5394
#-20.6083 -40.5428 -41.2707 -41.6729 -41.1411 -40.2258 -40
#-40 -40 -40 -40 -40 -40 -40

# using SBS-9 SH ADC time calibration as new default/baseline for recalibration of other GMN kinematics:
bb.sh.adc.timeoffset =
-41.660218	-41.530264	-40.621176	-42.683448	-37.612823	-37.551899	-42.434299
-40.752841	-41.699723	-43.068427	-41.380078	-39.427904	-40.977622	-42.990399
-38.7525195	-42.7944821	-36.4451074	-36.6674707	-37.5048053	-37.3672338	-42.319689
-41.497029	-37.095549	-46.670888	-37.676122	-51.6825158	-50.61931457	-39.645739
-37.975838	-39.8961583	-44.24319736	-40.8774505	-41.0258575	-39.7841261	-37.7021872
-40.1700595	-39.3042806	-41.4173707	-40.0806811	-37.2990984	-40.8573714	-38.617914
-39.2749354	-38.7953908	-39.2316593	-41.446831	-38.2880443	-40.1752042	-40.0667183
-43.8391005	-38.6839574	-40.3941155	-46.2740391	-38.9926184	-39.7885078	-39.5427046
-43.2232953	-39.1282379	-42.0198236	-39.6547076	-36.7567965	-44.9483995	-39.154061
-39.1108789	-42.59540899	-39.9790147	-42.16334963	-42.22508252	-42.3156674	-40.7126421
-40.106517	-41.239631	-37.392094	-41.154461	-39.280053	-40.576667	-42.996223
-41.003051	-39.67212	-42.088613	-40.260906	-39.312041	-38.755985	-39.237408
-39.354449	-36.933991	-40.160498	-40.947726	-42.412786	-40.224246	-43.42089
-40.206707	-39.5341941	-38.440761	-40.9622357	-40.318348	-35.575448	-40.129461
-39.933793	-43.039259	-43.415351	-41.441908	-39.903922	-39.93384	-40.543018
-39.867928	-36.276162	-41.684666	-36.532877	-41.167636	-39.485255	-45.937099
-42.902003	-40.049631	-35.91303	-39.94612	-42.545697	-38.014145	-44.00121
-36.495452	-41.341334	-39.139202	-45.054672	-36.515595	-38.310865	-36.946105
-42.896077	-38.324516	-43.205046	-37.912337	-39.019547	-34.77312	-42.241858
-39.960038	-40.898508	-39.331535	-42.381912	-40.517367	-42.644033	-40.355125
-40.46737	-43.952933	-35.494793	-41.443245	-34.552751	-39.594187	-39.10344
-42.1123414	-42.1459202	-41.5641709	-43.2245518	-40.74541481	-39.031615	-44.8515424
-41.3764482	-41.48786806	-39.22551665	-38.7552596	-40.2380361	-42.77404093	-39.0904855
-41.0856666	-37.804919	-49.470353	-49.210294	-50.665032	-41.6975745	-44.3345826
-48.897497	-51.160985	-49.582807	-50.599245	-49.493398	-48.635878	-45.359397
-47.311081	-48.113913	-46.652275	-47.834579	-47.61515	-46.402751	-47.141544
-45.027792	-43.108384	-44.363284	-45.527113	-46.029313	-33.851113	-52.111313


# Calibration done with cosmics
bb.sh.adc.gain =
0.00693493 0.00699947 0.00703269 0.00744571 0.00741094 0.0074044 0.00689057
0.00719419 0.00720493 0.00696023 0.00695777 0.00696042 0.00711099 0.00714522
0.00708558 0.00681514 0.00743293 0.00749715 0.00732461 0.00761251 0.00720729
0.00693831 0.00744306 0.00684103 0.00736062 0.00661778 0.00654166 0.00693268
0.00723466 0.00715876 0.00675815 0.00711044 0.00719088 0.00684063 0.00729594
0.00703244 0.00705541 0.00689566 0.00714144 0.00721412 0.00691805 0.00705269
0.0075532 0.00761683 0.00755555 0.00727877 0.00773005 0.00741068 0.00751359
0.00699251 0.00753639 0.00759225 0.006961 0.00749668 0.00783873 0.00721811
0.0069145 0.0072547 0.00685373 0.00721502 0.00733409 0.00690016 0.00726523
0.00726109 0.00697744 0.00711858 0.00697624 0.00693541 0.00684237 0.00704362
0.00729002 0.00724773 0.00722983 0.00722711 0.00713604 0.00716014 0.00694074
0.00700917 0.00730868 0.00700699 0.00732218 0.00751374 0.00729764 0.00729474
0.00709371 0.00742197 0.00716613 0.00707937 0.00695196 0.00698579 0.00688506
0.00694466 0.00676781 0.00712068 0.00703556 0.00705334 0.00747805 0.00706841
0.00721887 0.00700038 0.00693345 0.00701512 0.00718421 0.00727321 0.00725532
0.00712903 0.00695925 0.00694187 0.00740197 0.0070267 0.00709549 0.0068195
0.00683809 0.00714664 0.00770119 0.00698521 0.00695145 0.00734436 0.00696274
0.00735616 0.00710456 0.00727996 0.00685638 0.00732723 0.00716958 0.00736854
0.006879 0.00742404 0.00690484 0.00722838 0.00727982 0.00742901 0.00716729
0.00709131 0.00697563 0.00725183 0.00705146 0.00714435 0.00709828 0.00705331
0.00693526 0.00701497 0.00739184 0.0069986 0.00766867 0.00703153 0.00698376
0.00699722 0.0070418 0.00710943 0.00694662 0.00696938 0.00718522 0.00684814
0.00714391 0.00696495 0.00711102 0.0071605 0.00727231 0.00695798 0.00709843
0.00717528 0.007324 0.00654511 0.00666007 0.00664268 0.00683634 0.00681275
0.00665938 0.00662119 0.00662439 0.00653498 0.00674846 0.00668276 0.00673107
0.0066001 0.00682934 0.00665154 0.00678469 0.00658043 0.00667408 0.00663059
0.00666537 0.0067302 0.00651425 0.00660983 0.0066625 0.00658253 0.00653854

# Calibration done with LH2 data for 30% SBS field. SBS-4, (Id: 4311)
# Latest on 12/12/2023 for pass2 (elastic cuts). Prev. -> 08/25/2023
-------[ 2021-10-21 06:30:00 ]
bb.sh.adc.gain =
0.00693493 0.00699947 0.00703269 0.00744571 0.00741094 0.0074044 0.00689057
0.00719419 0.00720493 0.00696023 0.00695777 0.00696042 0.00711099 0.00714522
0.00430595 0.00633825 0.00409338 0.0059514 0.00333799 0.00539387 0.00720729
0.00726006 0.00701095 0.00773944 0.00733123 0.00747772 0.00747945 0.00577468
0.00752338 0.00687298 0.00743074 0.00702386 0.00752524 0.00811731 0.00846369
0.005963 0.00719255 0.00738969 0.00783203 0.00717128 0.00721489 0.00852581
0.0080523 0.00972387 0.0099034 0.00753622 0.00825464 0.00787043 0.00920662
0.00692063 0.00718838 0.00683027 0.0068853 0.00862063 0.00916644 0.00688724
0.00732356 0.00824928 0.00714761 0.00725462 0.0073827 0.00761548 0.00730036
0.00647101 0.00454552 0.0070695 0.00691914 0.00766699 0.00770431 0.0086089
0.00822971 0.00785358 0.00799499 0.0077553 0.00804736 0.00759335 0.00588968
0.00688902 0.00751161 0.00779537 0.00740147 0.00808875 0.00689356 0.00428553
0.00624866 0.00763553 0.00725292 0.00724914 0.00672225 0.00722649 0.00522395
0.0085705 0.00806119 0.00750893 0.00703141 0.00768698 0.00760324 0.00877442
0.00596978 0.00678855 0.00671964 0.00606658 0.00650404 0.00593139 0.00511747
0.00536171 0.00590025 0.0058736 0.00747084 0.00620973 0.00608164 0.00509275
0.00508423 0.00676204 0.00646281 0.00699781 0.0070133 0.00685196 0.00648199
0.00655352 0.00680762 0.00650443 0.00599559 0.00625637 0.00733765 0.00684026
0.00579339 0.00632719 0.00700061 0.00664798 0.00747019 0.00664005 0.0060877
0.00505642 0.00735339 0.00559523 0.00669793 0.00600192 0.00703654 0.00742662
0.00633497 0.00698311 0.0064872 0.00605896 0.00745541 0.0076236 0.00704366
0.00152241 0.0079994 0.00572862 0.00617745 0.00519109 0.00551528 0.00449525
0.00714391 0.00696495 0.00690111 0.00597937 0.00699372 0.00695798 0.00709843
0.00717528 0.007324 0.00654511 0.00666007 0.00664268 0.00683634 0.00681275
0.00665938 0.00662119 0.00662439 0.00653498 0.00674846 0.00668276 0.00673107
0.0066001 0.00682934 0.00665154 0.00678469 0.00658043 0.00667408 0.00663059
0.00666537 0.0067302 0.00651425 0.00660983 0.0066625 0.00658253 0.00653854

# Pass-3 calibration from AJRP's TOF_consolidated script ran with a subset of SBS-30% LH2 and LD2 data: ADR on Dec 15, 2025.
bb.sh.adc.timeoffset =
   -43.99799    -43.01151    -41.90169    -36.92315    -38.36751    -36.20793    -41.52606
   -39.56044    -40.65082    -40.87101    -39.42029    -37.74221    -38.70306    -41.46188
     -36.139    -40.73828    -34.10405    -34.07694    -35.32157    -35.18928    -38.01604
   -39.13666    -34.97318    -42.43548    -35.38359    -51.63256    -47.02417    -37.90743
   -35.65832    -37.61728    -42.20282    -38.78533    -38.83237    -37.39589    -36.07657
   -37.78453    -37.42237    -39.58007    -37.79762    -35.28014    -38.50984    -37.83402
   -37.13978    -36.97042    -37.56579    -39.07705    -36.17125    -38.14086    -38.60213
   -41.42187    -36.62933     -37.4584    -44.34959    -37.00459    -36.90396    -37.87186
   -40.90421    -36.65668    -39.95105    -37.51737    -34.38736    -42.19611    -38.18045
   -36.88184    -39.22428    -38.15685    -40.24025    -39.96339    -40.76362    -39.97703
   -37.57261    -39.23992    -35.51959    -39.02338    -37.44703    -38.34557    -43.34678
   -38.80226    -37.33729    -40.22788    -38.16795     -36.7757    -36.49276     -37.6626
   -38.14995    -34.66326    -37.86024    -38.96058    -40.06415    -37.90482    -41.25386
   -38.86335     -36.7922    -36.02665    -38.56295    -38.01563    -33.43628     -38.9242
   -38.15338    -40.95427    -41.21431    -39.25564    -37.78353    -37.55977    -40.04666
   -38.06631    -34.33981    -39.07179    -34.34774     -38.9644    -37.31057    -43.34997
   -42.06455    -37.37996    -33.66671    -37.87569    -39.66505    -35.75683     -42.7753
   -34.40343    -38.77032    -36.71229    -42.16099    -34.64023    -36.32931    -35.51289
   -40.97978    -35.98792     -40.7973    -35.60369    -37.01139    -32.22082    -39.92987
   -38.16907    -39.16627    -37.27422    -40.34054     -38.1962    -40.12786    -39.12482
   -38.11654    -41.92283      -33.251     -39.0899    -32.34362    -37.13205    -37.91122
     -39.927    -39.84227    -39.74414    -41.59528    -38.37944    -36.76344     -43.5121
   -39.26174    -39.31885     -36.9213      -36.374    -37.11922    -40.21341    -37.76109
   -39.05802    -35.55865    -48.57852    -48.03551    -49.59968    -39.31129    -41.78849
   -47.41865    -49.45131    -48.08553      -48.977    -46.53451    -46.66784    -43.15862
   -45.10123    -46.32035    -44.85872    -46.24678    -45.75118    -44.28129    -44.27951
   -42.81794    -41.31483    -42.56973    -43.73355    -44.16535    -31.72965    -49.24927

# Calibration done with LH2 data for 0% SBS field. SBS-4, (Id: 4011)
# Latest on 12/12/2023 for pass2 (elastic cuts). Prev. -> 08/25/2023
-------[ 2021-10-24 00:01:00 ]
bb.sh.adc.gain =
0.00693493 0.00699947 0.00703269 0.00744571 0.00741094 0.0074044 0.00689057
0.00719419 0.00720493 0.00696023 0.00695777 0.00696042 0.00711099 0.00714522
0.00414086 0.00716127 0.0073303 0.0045215 0.00569874 0.00465535 0.00720729
0.00580697 0.00759181 0.00675494 0.00754211 0.00811397 0.00704838 0.00622479
0.00696377 0.00766753 0.00796924 0.0067374 0.00707026 0.00733237 0.00741736
0.00590757 0.00684734 0.00720903 0.00765821 0.00930806 0.00687768 0.00675687
0.00773119 0.0071333 0.00838027 0.00774297 0.00764018 0.00756853 0.00713931
0.00676764 0.00708159 0.00645288 0.00766333 0.00708419 0.0058235 0.00605979
0.00680839 0.00824264 0.00718747 0.00727303 0.0075832 0.00712526 0.00614309
0.00587614 0.00467447 0.0054742 0.00646074 0.00706634 0.00855024 0.00659185
0.00814572 0.00793602 0.0093772 0.00673293 0.00674861 0.00776208 0.00575862
0.00695298 0.00785351 0.00772435 0.00718944 0.00753434 0.00667031 0.00646781
0.00687988 0.0074901 0.00663581 0.00767423 0.00731012 0.00656974 0.005424
0.00865445 0.00768877 0.00795395 0.0061124 0.00726501 0.00733691 0.00687378
0.00553598 0.00634223 0.00688837 0.0060459 0.00638236 0.00598991 0.00474034
0.00536488 0.00590002 0.00651224 0.00717166 0.0061467 0.00655015 0.00553039
0.00514956 0.00699524 0.00642327 0.00707615 0.00681863 0.00658375 0.00587223
0.00536196 0.00705284 0.00668626 0.00575682 0.00614375 0.00747491 0.0061776
0.00669987 0.00778387 0.00707206 0.00648388 0.0073769 0.00669886 0.00538869
0.0055699 0.0072619 0.00899145 0.00915749 0.00583901 0.00701913 0.00585663
0.00605442 0.00661627 0.00620452 0.00571588 0.00706075 0.00838717 0.00667015
0.00699722 0.00672348 0.00599101 0.00657121 0.00685694 0.00665687 0.00522468
0.00714391 0.00696495 0.00711102 0.0071605 0.00727231 0.00695798 0.00709843
0.00717528 0.007324 0.00654511 0.00666007 0.00664268 0.00683634 0.00681275
0.00665938 0.00662119 0.00662439 0.00653498 0.00674846 0.00668276 0.00673107
0.0066001 0.00682934 0.00665154 0.00678469 0.00658043 0.00667408 0.00663059
0.00666537 0.0067302 0.00651425 0.00660983 0.0066625 0.00658253 0.00653854

# Pass-3 calibration from AJRP's TOF_consolidated script ran with a subset of SBS-0% LH2 and LD2 data: ADR on Dec 15, 2025.
bb.sh.adc.timeoffset =
   -40.36005    -40.09887    -38.44577    -35.06194    -35.59581    -35.08355    -41.73969
   -38.03994    -39.58683      -40.282    -38.98205    -37.19296    -38.24965    -41.57943
   -36.16619    -40.36357    -34.31428      -34.216    -35.28664    -35.16184    -38.07339
   -38.88373    -34.88419    -41.23158    -35.36658    -48.99186    -49.68026    -37.56455
   -35.71135    -37.77379    -42.35979    -38.64089    -38.77687    -37.37365    -35.72126
   -37.71663    -37.39648    -39.76247    -37.82697    -35.28361    -38.55163    -36.35604
   -37.10709    -36.69599     -37.6231    -39.29288    -36.10128    -38.05892    -37.34334
   -41.25055    -36.63107    -37.68382    -44.41294    -36.99556    -37.09211    -37.59199
   -40.80838    -36.66274    -39.97999    -37.56296    -34.33972     -41.9852    -36.98448
   -36.92995    -39.35131    -38.34223    -40.21496    -40.06039    -40.60817    -38.73438
   -37.78219    -39.20855    -35.50914    -38.96079    -37.42997     -38.4322    -40.24127
   -38.82702    -37.34953    -40.26289    -38.19365    -36.81863    -36.50755    -35.53087
     -37.302    -34.75782    -37.86078    -39.03138    -40.43658    -37.84596    -39.16925
   -38.89171    -36.82771    -36.15955    -38.58135    -38.06454     -33.4556     -38.2823
   -38.22898    -40.97773    -41.15493    -39.13665    -37.78673    -37.56368    -36.61824
   -37.83268    -34.38535     -39.1252    -34.34876    -38.93938    -37.25387    -41.69555
   -40.47883    -37.46103    -33.59773    -37.91769    -39.53701     -35.8515    -41.27997
   -34.55459    -38.76287    -36.68265    -42.24422    -34.68163    -36.30834    -33.74178
   -40.96878    -36.02725    -40.76758    -35.63765    -37.03948    -32.28325    -38.57729
   -38.42111    -39.22759    -37.32033    -40.33739    -38.18003     -40.1989     -38.2039
   -38.17699    -41.97908    -33.28262    -39.10483    -32.32265     -37.1911    -36.89635
   -39.76202    -39.89335    -39.73533    -41.61499    -38.45851     -36.7844    -41.83106
   -39.22533    -39.41254    -36.88487    -36.39207    -37.19757    -40.39146    -36.44277
   -38.94887    -35.46105     -47.4253    -47.16448    -48.52028     -39.3937    -40.38333
   -45.73418     -47.7285    -47.64849    -48.92739    -48.23349    -46.18146    -46.88906
   -44.90074    -45.70357    -44.71796    -46.16273    -45.50418    -43.97811    -44.22029
   -42.61745    -40.69804    -41.95294    -43.85526    -43.91834    -31.42648    -49.19006

# Calibration done with LH2 data for 50% SBS field. SBS-4, (Id: 4511)
# Latest on 12/12/2023 for pass2 (elastic cuts). Prev. -> 08/25/2023
-------[ 2021-10-24 10:30:00 ]
bb.sh.adc.gain =
0.00693493 0.00699947 0.00703269 0.00744571 0.00741094 0.0074044 0.00689057
0.00719419 0.00720493 0.00696023 0.00695777 0.00696042 0.00711099 0.00714522
0.00708558 0.00529601 0.00841502 0.00753244 0.00531458 0.00761251 0.00720729
0.00513654 0.00716634 0.00448013 0.00778819 0.00932487 0.00966227 0.00693268
0.00714181 0.00505546 0.00604326 0.00479448 0.00513838 0.00835584 0.015971
0.00573427 0.0057649 0.00744984 0.00847161 0.00753951 0.00563668 0.0108046
0.00865467 0.00844524 0.00928967 0.00737442 0.00784524 0.00889542 0.0129878
0.00540354 0.00814897 0.00658228 0.00652451 0.00881316 0.00852277 0.00712448
0.00699055 0.0091011 0.00605812 0.00634353 0.00774843 0.00645799 0.00826394
0.00697391 0.00448668 0.00788697 0.00735136 0.00676087 0.00715153 0.0104654
0.0083541 0.00827185 0.00811708 0.00790977 0.00779311 0.00834823 0.00636131
0.00674742 0.00752276 0.00796687 0.0079588 0.00861125 0.00619298 0.00321115
0.00366426 0.00732476 0.00799721 0.00737292 0.00679347 0.00697552 0.00527741
0.00848236 0.00803972 0.00752424 0.00742282 0.00758971 0.00788549 0.0106223
0.00651666 0.00709449 0.00670274 0.00607846 0.00662251 0.00608021 0.00418051
0.0055091 0.0059453 0.00575774 0.0075567 0.00622191 0.00602661 0.00423623
0.00366262 0.00655533 0.00656641 0.00694801 0.00694 0.007205 0.00549064
0.00686158 0.0066247 0.006423 0.00596948 0.00627013 0.00726401 0.00835931
0.00583005 0.00628806 0.00695409 0.00678837 0.00760562 0.00644099 0.00532953
0.00488877 0.00719481 0.0055387 0.00660591 0.00593294 0.00701898 0.0104053
0.00614622 0.0070611 0.0066046 0.00595922 0.00753377 0.00807584 0.0071934
0.00699722 0.00720494 0.00751138 0.00697888 0.00522092 0.00893046 0.00684814
0.00714391 0.00696495 0.00711102 0.0071605 0.00727231 0.00695798 0.00709843
0.00717528 0.007324 0.00654511 0.00666007 0.00664268 0.00683634 0.00681275
0.00665938 0.00662119 0.00662439 0.00653498 0.00674846 0.00668276 0.00673107
0.0066001 0.00682934 0.00665154 0.00678469 0.00658043 0.00667408 0.00663059
0.00666537 0.0067302 0.00651425 0.00660983 0.0066625 0.00658253 0.00653854

# Pass-3 calibration from AJRP's TOF_consolidated script ran with a subset of SBS-50% LH2 and LD2 data: ADR on Dec 15, 2025.
bb.sh.adc.timeoffset =
    -43.6255    -43.17741    -39.90346    -42.97258    -37.90196    -37.84103    -42.72343
   -43.15772    -45.47908    -44.05988    -44.64418    -41.65176    -41.26676    -43.04878
   -37.72321    -45.16843    -35.67895    -37.19071    -36.85807    -37.68739    -42.37807
   -43.92801    -35.65377    -46.78333    -37.08783    -52.51176    -45.24904    -39.07756
   -38.33906    -40.33539    -45.43259    -43.33725    -43.42689    -40.88044    -39.06043
   -39.90891    -42.39471    -42.71869    -40.22311     -36.1749    -42.43079    -40.54076
   -40.55704    -42.27386    -41.15053    -42.96536    -40.67918    -41.32615    -42.08791
   -44.00042    -37.12844    -39.02918    -45.61141    -38.75936    -38.54102    -41.04851
   -43.64105    -37.89528    -43.24892    -39.36753    -35.64916    -46.03066    -41.74089
   -36.82467    -39.58224    -38.54955    -41.02642    -42.22469    -40.79697    -43.88862
   -38.12175    -39.45062    -36.04821    -41.17662    -40.06433    -38.65805     -45.0002
   -39.12087    -37.36258      -40.341    -38.32621    -36.88762    -37.52534    -39.15269
    -41.0355    -35.22904     -38.2726    -38.93579    -39.97642    -40.06498    -43.38397
   -38.84339    -36.83488    -35.96751    -38.68077    -37.91017    -33.50316    -41.81771
    -38.1971    -40.92527     -41.2417    -39.36766     -37.8003    -37.61944    -40.64822
   -38.33441    -34.34462     -39.0818    -34.35278    -38.98909    -37.32098    -45.75548
   -44.69177     -37.3421    -33.70847    -37.90344     -39.6481    -35.76135    -45.71606
   -34.29279    -38.78571      -36.737    -42.12528    -34.64718    -36.33872    -37.03708
   -41.56313    -36.00314      -40.814    -35.58594    -37.02418    -32.20446    -42.04281
    -38.2888    -39.15994     -37.2798    -40.35503     -38.2115    -40.11889    -41.30557
   -38.16982    -41.93719    -33.26985    -39.06779    -32.38665     -37.1404    -39.78177
    -40.7032    -39.84253    -39.77026    -41.60217    -38.39243    -36.79451    -47.14601
     -39.261    -39.33896    -36.97425    -36.37205    -37.23637    -40.19031     -39.4483
   -39.08105    -35.65315    -48.99195    -48.56963     -50.0636    -39.21927    -44.56846
   -47.67902    -49.88907    -49.04218    -50.36402    -48.95767    -47.78399     -44.5075
    -46.3077     -47.4423    -46.11165    -47.59936    -47.07942    -45.55086    -46.28965
   -44.02442    -42.43677    -43.82265    -45.29189    -45.49358    -32.99922    -51.25942

# ADCtime offsets w.r.t TH using all of LH2 & LD2 data from SBS4 50p
# Latest on 11/13/2023 for pass2 readiness. (Aligned 30p+0p dataset seperately)
#bb.sh.adc.timeoffset =
#-40 -40.2213 -40 -40 -40 -40 -40
#-43.5259 -43.5728 -42.1493 -42.4842 -39.9636 -37.9256 -40
#-39.1159 -46.1675 -36.7277 -38.1852 -38.0481 -38.7795 -40
#-45.3058 -37.1948 -48.2137 -38.6256 -53.5038 -40 -40
#-38.5792 -40.618 -45.708 -43.7476 -43.7523 -40.8983 -40
#-38.9732 -41.4663 -41.7445 -39.2983 -35.2919 -41.4506 -39.4487
#-39.6265 -41.1927 -40.0895 -41.8487 -39.7119 -40.2504 -40
#-43.3497 -36.6222 -38.4453 -45.0448 -38.0461 -37.8489 -40.9098
#-43.1055 -37.4639 -42.697 -38.974 -35.1931 -45.4487 -41.4158
#-37.1324 -39.8242 -38.8197 -41.1639 -42.5462 -40.9879 -43.6932
#-39.8013 -41.1967 -37.8099 -42.7688 -41.6584 -40.3019 -46.7918
#-41.2694 -39.5511 -42.3785 -40.4167 -38.9214 -39.6046 -41.3855
#-42.7676 -37.0576 -39.9085 -40.6467 -41.6501 -41.8007 -45.1412
#-39.9027 -37.8271 -36.9687 -39.6975 -38.9727 -34.5911 -43.0586
#-39.4253 -42.0825 -42.4657 -40.5721 -39.0539 -38.869 -41.9877
#-40.7843 -36.9292 -41.5291 -36.8153 -41.4316 -39.8424 -48.0433
#-46.739 -39.4645 -35.8855 -39.9724 -41.7355 -38.0348 -47.7106
#-37.9143 -42.3215 -40.407 -45.6133 -38.4127 -40.1097 -40.9126
#-45.257 -39.7996 -44.5138 -39.4472 -40.8564 -36.098 -45.8622
#-41.4295 -42.2843 -40.4454 -43.3901 -41.344 -43.354 -44.4386
#-40.1412 -43.6609 -35.2561 -40.8834 -34.3053 -39.2544 -41.5184
#-40.3655 -39.622 -39.6713 -41.4186 -38.3205 -36.7894 -40
#-39.8275 -39.7683 -37.6666 -36.9178 -37.5095 -40.9064 -39.5676
#-39.8846 -36.6864 -49.4313 -48.6737 -39.9255 -39.9034 -41.5817
#-43.4921 -44.5561 -43.2537 -42.6392 -42.0736 -43.5502 -40
#-40 -40 -40 -40 -40 -40 -40
#-40 -40 -40 -40 -40 -40 -40

# # using SBS-9 SH ADC time calibration as new default/baseline for recalibration of other GMN kinematics:
# bb.sh.adc.timeoffset =
# -41.660218	-41.530264	-40.621176	-42.683448	-37.612823	-37.551899	-42.434299
# -40.752841	-41.699723	-43.068427	-41.380078	-39.427904	-40.977622	-42.990399
# -38.7525195	-42.7944821	-36.4451074	-36.6674707	-37.5048053	-37.3672338	-42.319689
# -41.497029	-37.095549	-46.670888	-37.676122	-51.6825158	-50.61931457	-39.645739
# -37.975838	-39.8961583	-44.24319736	-40.8774505	-41.0258575	-39.7841261	-37.7021872
# -40.1700595	-39.3042806	-41.4173707	-40.0806811	-37.2990984	-40.8573714	-38.617914
# -39.2749354	-38.7953908	-39.2316593	-41.446831	-38.2880443	-40.1752042	-40.0667183
# -43.8391005	-38.6839574	-40.3941155	-46.2740391	-38.9926184	-39.7885078	-39.5427046
# -43.2232953	-39.1282379	-42.0198236	-39.6547076	-36.7567965	-44.9483995	-39.154061
# -39.1108789	-42.59540899	-39.9790147	-42.16334963	-42.22508252	-42.3156674	-40.7126421
# -40.106517	-41.239631	-37.392094	-41.154461	-39.280053	-40.576667	-42.996223
# -41.003051	-39.67212	-42.088613	-40.260906	-39.312041	-38.755985	-39.237408
# -39.354449	-36.933991	-40.160498	-40.947726	-42.412786	-40.224246	-43.42089
# -40.206707	-39.5341941	-38.440761	-40.9622357	-40.318348	-35.575448	-40.129461
# -39.933793	-43.039259	-43.415351	-41.441908	-39.903922	-39.93384	-40.543018
# -39.867928	-36.276162	-41.684666	-36.532877	-41.167636	-39.485255	-45.937099
# -42.902003	-40.049631	-35.91303	-39.94612	-42.545697	-38.014145	-44.00121
# -36.495452	-41.341334	-39.139202	-45.054672	-36.515595	-38.310865	-36.946105
# -42.896077	-38.324516	-43.205046	-37.912337	-39.019547	-34.77312	-42.241858
# -39.960038	-40.898508	-39.331535	-42.381912	-40.517367	-42.644033	-40.355125
# -40.46737	-43.952933	-35.494793	-41.443245	-34.552751	-39.594187	-39.10344
# -42.1123414	-42.1459202	-41.5641709	-43.2245518	-40.74541481	-39.031615	-44.8515424
# -41.3764482	-41.48786806	-39.22551665	-38.7552596	-40.2380361	-42.77404093	-39.0904855
# -41.0856666	-37.804919	-49.470353	-49.210294	-50.665032	-41.6975745	-44.3345826
# -48.897497	-51.160985	-49.582807	-50.599245	-49.493398	-48.635878	-45.359397
# -47.311081	-48.113913	-46.652275	-47.834579	-47.61515	-46.402751	-47.141544
# -45.027792	-43.108384	-44.363284	-45.527113	-46.029313	-33.851113	-52.111313

# Calibrated with cosmic for both magnets off setting, SBS-4 (Id: 4001)
-------[ 2021-10-24 22:00:00 ]
bb.sh.adc.gain =
0.00693493 0.00699947 0.00703269 0.00744571 0.00741094 0.0074044 0.00689057
0.00719419 0.00720493 0.00696023 0.00695777 0.00696042 0.00711099 0.00714522
0.00708558 0.00681514 0.00743293 0.00749715 0.00732461 0.00761251 0.00720729
0.00693831 0.00744306 0.00684103 0.00736062 0.00661778 0.00654166 0.00693268
0.00723466 0.00715876 0.00675815 0.00711044 0.00719088 0.00684063 0.00729594
0.00703244 0.00705541 0.00689566 0.00714144 0.00721412 0.00691805 0.00705269
0.0075532 0.00761683 0.00755555 0.00727877 0.00773005 0.00741068 0.00751359
0.00699251 0.00753639 0.00759225 0.006961 0.00749668 0.00783873 0.00721811
0.0069145 0.0072547 0.00685373 0.00721502 0.00733409 0.00690016 0.00726523
0.00726109 0.00697744 0.00711858 0.00697624 0.00693541 0.00684237 0.00704362
0.00729002 0.00724773 0.00722983 0.00722711 0.00713604 0.00716014 0.00694074
0.00700917 0.00730868 0.00700699 0.00732218 0.00751374 0.00729764 0.00729474
0.00709371 0.00742197 0.00716613 0.00707937 0.00695196 0.00698579 0.00688506
0.00694466 0.00676781 0.00712068 0.00703556 0.00705334 0.00747805 0.00706841
0.00721887 0.00700038 0.00693345 0.00701512 0.00718421 0.00727321 0.00725532
0.00712903 0.00695925 0.00694187 0.00740197 0.0070267 0.00709549 0.0068195
0.00683809 0.00714664 0.00770119 0.00698521 0.00695145 0.00734436 0.00696274
0.00735616 0.00710456 0.00727996 0.00685638 0.00732723 0.00716958 0.00736854
0.006879 0.00742404 0.00690484 0.00722838 0.00727982 0.00742901 0.00716729
0.00709131 0.00697563 0.00725183 0.00705146 0.00714435 0.00709828 0.00705331
0.00693526 0.00701497 0.00739184 0.0069986 0.00766867 0.00703153 0.00698376
0.00699722 0.0070418 0.00710943 0.00694662 0.00696938 0.00718522 0.00684814
0.00714391 0.00696495 0.00711102 0.0071605 0.00727231 0.00695798 0.00709843
0.00717528 0.007324 0.00654511 0.00666007 0.00664268 0.00683634 0.00681275
0.00665938 0.00662119 0.00662439 0.00653498 0.00674846 0.00668276 0.00673107
0.0066001 0.00682934 0.00665154 0.00678469 0.00658043 0.00667408 0.00663059
0.00666537 0.0067302 0.00651425 0.00660983 0.0066625 0.00658253 0.00653854

# Calibration done with LH2 data for 30% SBS field. SBS-4, (Id: 4312)
# Latest on 12/12/2023 for pass2 (elastic cuts). Prev. -> 08/25/2023
-------[ 2021-10-25 01:52:00 ]
bb.sh.adc.gain =
0.00693493 0.00699947 0.00703269 0.00744571 0.00741094 0.0074044 0.00689057
0.00719419 0.00720493 0.00696023 0.00695777 0.00696042 0.00711099 0.00714522
0.00430595 0.00633825 0.00409338 0.0059514 0.00333799 0.00539387 0.00720729
0.00726006 0.00701095 0.00773944 0.00733123 0.00747772 0.00747945 0.00577468
0.00752338 0.00687298 0.00743074 0.00702386 0.00752524 0.00811731 0.00846369
0.005963 0.00719255 0.00738969 0.00783203 0.00717128 0.00721489 0.00852581
0.0080523 0.00972387 0.0099034 0.00753622 0.00825464 0.00787043 0.00920662
0.00692063 0.00718838 0.00683027 0.0068853 0.00862063 0.00916644 0.00688724
0.00732356 0.00824928 0.00714761 0.00725462 0.0073827 0.00761548 0.00730036
0.00647101 0.00454552 0.0070695 0.00691914 0.00766699 0.00770431 0.0086089
0.00822971 0.00785358 0.00799499 0.0077553 0.00804736 0.00759335 0.00588968
0.00688902 0.00751161 0.00779537 0.00740147 0.00808875 0.00689356 0.00428553
0.00624866 0.00763553 0.00725292 0.00724914 0.00672225 0.00722649 0.00522395
0.0085705 0.00806119 0.00750893 0.00703141 0.00768698 0.00760324 0.00877442
0.00596978 0.00678855 0.00671964 0.00606658 0.00650404 0.00593139 0.00511747
0.00536171 0.00590025 0.0058736 0.00747084 0.00620973 0.00608164 0.00509275
0.00508423 0.00676204 0.00646281 0.00699781 0.0070133 0.00685196 0.00648199
0.00655352 0.00680762 0.00650443 0.00599559 0.00625637 0.00733765 0.00684026
0.00579339 0.00632719 0.00700061 0.00664798 0.00747019 0.00664005 0.0060877
0.00505642 0.00735339 0.00559523 0.00669793 0.00600192 0.00703654 0.00742662
0.00633497 0.00698311 0.0064872 0.00605896 0.00745541 0.0076236 0.00704366
0.00152241 0.0079994 0.00572862 0.00617745 0.00519109 0.00551528 0.00449525
0.00714391 0.00696495 0.00690111 0.00597937 0.00699372 0.00695798 0.00709843
0.00717528 0.007324 0.00654511 0.00666007 0.00664268 0.00683634 0.00681275
0.00665938 0.00662119 0.00662439 0.00653498 0.00674846 0.00668276 0.00673107
0.0066001 0.00682934 0.00665154 0.00678469 0.00658043 0.00667408 0.00663059
0.00666537 0.0067302 0.00651425 0.00660983 0.0066625 0.00658253 0.00653854

# ADCtime offsets w.r.t TH using all of LH2 & LD2 data from SBS4 30p and 0p
# Latest on 11/13/2023 for pass2 readiness. (Aligned 50p dataset seperately)
#bb.sh.adc.timeoffset =
#-41.1545 -38.7524 -37.9258 -33.2715 -34.2036 -32.5834 -40
#-37.5577 -38.177 -38.4916 -37.1374 -35.3143 -37.2511 -40
#-37.3325 -41.5975 -35.1077 -35.1311 -36.3694 -36.314 -39.0817
#-40.3822 -36.4671 -42.8519 -36.8139 -51.8761 -49.6763 -39.3668
#-35.9113 -37.8932 -42.4185 -39.058 -39.106 -37.6365 -36.2626
#-36.821 -36.5106 -38.7362 -36.8279 -34.3486 -37.614 -35.8932
#-36.1141 -35.815 -36.5783 -38.1393 -35.0707 -37.0808 -36.5651
#-40.6933 -36.1199 -36.9881 -43.6411 -36.4936 -36.5469 -37.226
#-40.3723 -36.2774 -39.4459 -37.0211 -33.9787 -41.5863 -37.1372
#-37.2741 -39.4779 -38.5168 -40.3497 -40.255 -40.9495 -39.5907
#-39.3811 -40.8455 -37.1968 -40.5929 -39.0675 -40.0856 -43.1265
#-40.935 -39.5497 -42.2462 -40.2426 -38.9784 -38.552 -39.449
#-39.412 -36.4113 -39.5209 -40.6233 -41.8482 -39.5595 -42.3021
#-39.8201 -37.7677 -37.0237 -39.5238 -39.0687 -34.5492 -39.5322
#-39.4441 -42.0712 -42.3155 -40.3859 -39.0317 -38.8027 -39.8967
#-40.3882 -36.8443 -41.464 -36.8258 -41.35 -39.7534 -45.243
#-43.3467 -39.501 -35.795 -39.9492 -41.6908 -37.957 -44.1248
#-38.0885 -42.2752 -40.3213 -45.6607 -38.3613 -39.9608 -38.3133
#-44.5892 -39.7073 -44.3956 -39.3939 -40.7822 -36.0958 -42.9881
#-41.3414 -42.2347 -40.3562 -43.3275 -41.3375 -43.1875 -41.7776
#-40.085 -43.6936 -35.1935 -40.8538 -34.2332 -38.9016 -39.1996
#-39.527 -39.6789 -39.5439 -41.3294 -38.2602 -36.7194 -42.1866
#-39.6481 -39.7846 -37.4792 -36.9256 -37.5546 -40.7045 -37.758
#-39.9276 -36.5954 -48.4423 -48.2897 -49.84 -39.8087 -41.6357
#-43.1159 -44.4361 -43.6145 -43.9411 -43.0263 -42.2304 -42.5394
#-20.6083 -40.5428 -41.2707 -41.6729 -41.1411 -40.2258 -40
#-40 -40 -40 -40 -40 -40 -40

# using SBS-9 SH ADC time calibration as new default/baseline for recalibration of other GMN kinematics:
# bb.sh.adc.timeoffset =
# -41.660218	-41.530264	-40.621176	-42.683448	-37.612823	-37.551899	-42.434299
# -40.752841	-41.699723	-43.068427	-41.380078	-39.427904	-40.977622	-42.990399
# -38.7525195	-42.7944821	-36.4451074	-36.6674707	-37.5048053	-37.3672338	-42.319689
# -41.497029	-37.095549	-46.670888	-37.676122	-51.6825158	-50.61931457	-39.645739
# -37.975838	-39.8961583	-44.24319736	-40.8774505	-41.0258575	-39.7841261	-37.7021872
# -40.1700595	-39.3042806	-41.4173707	-40.0806811	-37.2990984	-40.8573714	-38.617914
# -39.2749354	-38.7953908	-39.2316593	-41.446831	-38.2880443	-40.1752042	-40.0667183
# -43.8391005	-38.6839574	-40.3941155	-46.2740391	-38.9926184	-39.7885078	-39.5427046
# -43.2232953	-39.1282379	-42.0198236	-39.6547076	-36.7567965	-44.9483995	-39.154061
# -39.1108789	-42.59540899	-39.9790147	-42.16334963	-42.22508252	-42.3156674	-40.7126421
# -40.106517	-41.239631	-37.392094	-41.154461	-39.280053	-40.576667	-42.996223
# -41.003051	-39.67212	-42.088613	-40.260906	-39.312041	-38.755985	-39.237408
# -39.354449	-36.933991	-40.160498	-40.947726	-42.412786	-40.224246	-43.42089
# -40.206707	-39.5341941	-38.440761	-40.9622357	-40.318348	-35.575448	-40.129461
# -39.933793	-43.039259	-43.415351	-41.441908	-39.903922	-39.93384	-40.543018
# -39.867928	-36.276162	-41.684666	-36.532877	-41.167636	-39.485255	-45.937099
# -42.902003	-40.049631	-35.91303	-39.94612	-42.545697	-38.014145	-44.00121
# -36.495452	-41.341334	-39.139202	-45.054672	-36.515595	-38.310865	-36.946105
# -42.896077	-38.324516	-43.205046	-37.912337	-39.019547	-34.77312	-42.241858
# -39.960038	-40.898508	-39.331535	-42.381912	-40.517367	-42.644033	-40.355125
# -40.46737	-43.952933	-35.494793	-41.443245	-34.552751	-39.594187	-39.10344
# -42.1123414	-42.1459202	-41.5641709	-43.2245518	-40.74541481	-39.031615	-44.8515424
# -41.3764482	-41.48786806	-39.22551665	-38.7552596	-40.2380361	-42.77404093	-39.0904855
# -41.0856666	-37.804919	-49.470353	-49.210294	-50.665032	-41.6975745	-44.3345826
# -48.897497	-51.160985	-49.582807	-50.599245	-49.493398	-48.635878	-45.359397
# -47.311081	-48.113913	-46.652275	-47.834579	-47.61515	-46.402751	-47.141544
# -45.027792	-43.108384	-44.363284	-45.527113	-46.029313	-33.851113	-52.111313

###############################################################################
###                                 SBS-7                                   ###
###############################################################################

# Configuration Change [SBS-4 -> SBS-7]
-------[ 2021-11-08 17:00:00 ]

bb.sh.emin_clTotal = 0.3

# ADCtime offsets w.r.t TH using all SBS7 LH2 & LD2 data
# Latest on 08/24/2023 for pass2 readiness. https://logbooks.jlab.org/entry/4170774
#bb.sh.adc.timeoffset =
#-45.1698 -41.6027 -40.3125 -35.2995 -37.6228 -36.1717 -40
#-38.0327 -38.296 -39.1691 -37.5665 -35.777 -37.3885 -40
#-37.7167 -41.9539 -35.3444 -35.2493 -36.598 -36.4996 -39.3253
#-40.5423 -36.7691 -43.1341 -37.2537 -53.1382 -49.1376 -39.595
#-36.2272 -38.5681 -43.0663 -39.5303 -39.5635 -38.0845 -36.2984
#-37.3888 -36.841 -39.2529 -37.0582 -35.0463 -37.8176 -37.442
#-36.1573 -35.8187 -36.4697 -38.4747 -35.0742 -37.3795 -36.7628
#-41.2765 -36.3496 -37.5323 -44.3318 -36.6935 -36.6376 -38.8487
#-40.8113 -36.631 -39.8807 -37.463 -34.7435 -42.0376 -38.3886
#-37.8815 -41.3311 -39.132 -40.9175 -40.9327 -42.0288 -39.9254
#-39.6355 -41.4094 -37.5878 -40.9822 -39.3263 -40.3561 -45.9911
#-41.4087 -40.1062 -42.7586 -40.5772 -39.4419 -38.9462 -41.8939
#-39.9099 -37.0221 -39.9642 -41.135 -42.4159 -40.0428 -44.29
#-39.9741 -38.0649 -37.5409 -40.3233 -39.5342 -34.5188 -39.6285
#-39.7787 -42.6148 -42.7212 -40.6897 -39.5322 -39.4189 -41.9464
#-41.1462 -37.4322 -41.7454 -37.4171 -41.76 -40.358 -46.8867
#-45.1393 -40.1415 -36.446 -40.613 -42.526 -38.4855 -45.7029
#-38.0884 -42.7508 -41.1567 -46.2146 -38.7259 -40.2924 -40.1355
#-45.0025 -40.0926 -44.6271 -39.7992 -41.2485 -36.4707 -44.2149
#-42.2467 -42.691 -40.9447 -43.6781 -41.8132 -43.7129 -42.2718
#-40.4656 -43.9594 -35.768 -41.3403 -34.8672 -39.3569 -41.0942
#-39.9816 -40.0818 -39.9085 -42.0048 -38.8879 -36.9853 -44.173
#-40.07 -40.3275 -37.9243 -36.932 -38.2378 -40.9753 -39.2919
#-39.7931 -36.8692 -49.4676 -48.6769 -51.1607 -39.8738 -42.7516
#-44.6411 -46.6858 -48.1635 -45.638 -41.3857 -43.6197 -35.8039
#-42.405 -39.6075 -39.2625 -42.337 -43.9547 -42.8833 -40
#-40 -40 -40 -40 -40 -40 -40

# using SBS-9 SH ADC time calibration as new default/baseline for recalibration of other GMN kinematics:
##bb.sh.adc.timeoffset =
#-41.660218	-41.530264	-40.621176	-42.683448	-37.612823	-37.551899	-42.434299
#-40.752841	-41.699723	-43.068427	-41.380078	-39.427904	-40.977622	-42.990399
#-38.7525195	-42.7944821	-36.4451074	-36.6674707	-37.5048053	-37.3672338	-42.319689
#-41.497029	-37.095549	-46.670888	-37.676122	-51.6825158	-50.61931457	-39.645739
#-37.975838	-39.8961583	-44.24319736	-40.8774505	-41.0258575	-39.7841261	-37.7021872
#-40.1700595	-39.3042806	-41.4173707	-40.0806811	-37.2990984	-40.8573714	-38.617914
#-39.2749354	-38.7953908	-39.2316593	-41.446831	-38.2880443	-40.1752042	-40.0667183
#-43.8391005	-38.6839574	-40.3941155	-46.2740391	-38.9926184	-39.7885078	-39.5427046
#-43.2232953	-39.1282379	-42.0198236	-39.6547076	-36.7567965	-44.9483995	-39.154061
#-39.1108789	-42.59540899	-39.9790147	-42.16334963	-42.22508252	-42.3156674	-40.7126421
#-40.106517	-41.239631	-37.392094	-41.154461	-39.280053	-40.576667	-42.996223
#-41.003051	-39.67212	-42.088613	-40.260906	-39.312041	-38.755985	-39.237408
#-39.354449	-36.933991	-40.160498	-40.947726	-42.412786	-40.224246	-43.42089
#-40.206707	-39.5341941	-38.440761	-40.9622357	-40.318348	-35.575448	-40.129461
#-39.933793	-43.039259	-43.415351	-41.441908	-39.903922	-39.93384	-40.543018
#-39.867928	-36.276162	-41.684666	-36.532877	-41.167636	-39.485255	-45.937099
#-42.902003	-40.049631	-35.91303	-39.94612	-42.545697	-38.014145	-44.00121
#-36.495452	-41.341334	-39.139202	-45.054672	-36.515595	-38.310865	-36.946105
#-42.896077	-38.324516	-43.205046	-37.912337	-39.019547	-34.77312	-42.241858
#-39.960038	-40.898508	-39.331535	-42.381912	-40.517367	-42.644033	-40.355125
#-40.46737	-43.952933	-35.494793	-41.443245	-34.552751	-39.594187	-39.10344
#-42.1123414	-42.1459202	-41.5641709	-43.2245518	-40.74541481	-39.031615	-44.8515424
#-41.3764482	-41.48786806	-39.22551665	-38.7552596	-40.2380361	-42.77404093	-39.0904855
#-41.0856666	-37.804919	-49.470353	-49.210294	-50.665032	-41.6975745	-44.3345826
#-48.897497	-51.160985	-49.582807	-50.599245	-49.493398	-48.635878	-45.359397
#-47.311081	-48.113913	-46.652275	-47.834579	-47.61515	-46.402751	-47.141544
#-45.027792	-43.108384	-44.363284	-45.527113	-46.029313	-33.851113	-52.111313

# New SH time calibration SBS-7: updated 2025/12/19 (EPAF)
bb.sh.adc.timeoffset =
   -45.68271    -42.41446    -41.02925    -35.96134    -38.16303    -36.54168    -39.89912
   -37.15401    -37.83604    -38.84853     -37.1736    -35.56066    -36.81747    -38.68276
   -34.27024    -38.74296    -31.99983    -31.96639    -33.36989     -32.9723    -36.44624
   -36.95207    -32.99237    -39.55223    -33.40614    -49.83297    -45.61898    -35.75501
   -33.54442     -35.8314    -40.45122    -36.88998    -36.97188    -35.41038    -33.57367
   -35.89688    -35.32848    -37.76467    -35.62435    -33.57055     -36.3909    -35.94634
    -34.8225    -34.40861    -35.09582     -37.1412      -33.727     -35.9848    -35.35734
   -39.52692    -34.45062    -35.69726    -42.75688    -34.86249    -34.87479    -36.90069
   -38.99734    -34.72112    -37.99722     -35.5588    -32.74739    -40.40797    -36.55455
    -34.9218    -38.69564    -36.28309    -38.31053     -38.2724    -39.46775    -36.98551
   -35.60895    -37.36138    -33.51988      -37.005    -35.25743    -36.37024    -42.07602
   -37.02115    -35.53589    -38.46845    -36.20937    -34.93835    -34.58911    -37.43193
   -35.88626    -32.90365    -35.95805    -37.13583    -38.42466    -35.97976    -40.46242
     -36.687    -34.72047     -34.1447    -37.06943    -36.14295    -31.07996    -36.15914
   -36.17395    -39.20918    -39.27118    -37.16953     -35.9628    -35.73793     -38.3572
   -36.28477    -32.57458     -37.0148    -32.57992    -36.99218    -35.52861    -42.45361
   -40.71634    -35.62502    -31.79492    -36.07495     -38.0335    -33.83974    -41.37223
   -32.16281     -36.9986    -35.22093     -40.5759    -32.65909    -34.37085    -34.12583
   -39.05935    -34.03474      -38.827    -33.66541    -35.10155    -30.24155    -38.40654
    -36.7864    -37.21329    -35.44856    -38.41555    -36.34696    -38.31039    -36.68619
   -36.21757    -40.03999    -31.39332     -37.1264    -30.58249    -35.12884    -36.98011
   -37.71631    -37.99501    -37.72739    -39.83215    -36.60332    -34.63115    -42.17072
   -37.35084    -37.64172    -35.15245    -34.12848     -35.3681    -38.28339    -36.09242
   -36.78527    -33.62639    -48.11527    -47.38444    -49.01138    -37.27246    -40.17838
   -46.41444    -48.50177    -46.77608    -47.77163     -43.9941    -45.15922    -41.15481
   -43.57164    -44.60357    -43.33958    -44.84727     -44.2588    -42.82521    -42.93696
   -41.28835    -39.59805    -41.05059     -42.5398    -42.67296    -30.27357    -47.90672

## Gain factor for energy calibration using cosmic: GeV/pC (Id: 7001)
## Asuming trigger amplitudes are aligned to 25mV (Run used : 11870 (cosmic))
bb.sh.adc.gain =
0.00550816 0.00545972 0.00546158 0.00579034 0.00583832 0.00584924 0.00570192
0.00573084 0.00577248 0.00549745 0.00563803 0.00559334 0.0057444 0.00558323
0.00565296 0.00535724 0.00599322 0.00608173 0.00580417 0.00615709 0.00557629
0.00552988 0.00600387 0.00556534 0.00587674 0.00533334 0.0053537 0.00553055
0.00578698 0.00568414 0.0053992 0.00566024 0.00562711 0.00547886 0.00576761
0.00560376 0.00563254 0.00559264 0.00582342 0.00564009 0.00553833 0.00567151
0.00617129 0.00612465 0.00588809 0.00557292 0.00627252 0.00596557 0.00572158
0.00558085 0.00611954 0.0061681 0.00543864 0.00609404 0.00628765 0.0058328
0.00555611 0.00583817 0.00550305 0.00585856 0.00592767 0.00556374 0.00577423
0.00591191 0.00559223 0.00575195 0.00567924 0.00564758 0.00559299 0.0055604
0.00593676 0.00587674 0.00590284 0.00586332 0.00579133 0.00581561 0.00554112
0.00568568 0.00594475 0.00568464 0.00593592 0.0061011 0.00594243 0.0059196
0.00578549 0.00599101 0.00582043 0.00577518 0.00565571 0.00568429 0.00548278
0.0056445 0.00548769 0.00579961 0.00570215 0.00570926 0.00609053 0.00547802
0.00585693 0.00567825 0.00564935 0.00571455 0.00581994 0.00592419 0.00584747
0.00577338 0.00566774 0.00568789 0.00601259 0.00569323 0.00577466 0.00552701
0.00552259 0.00580109 0.00623567 0.00569866 0.00563783 0.00596322 0.00560855
0.00597815 0.00578044 0.00591205 0.00553087 0.00596168 0.00584616 0.00601474
0.00556714 0.00602414 0.0056247 0.00585429 0.00589225 0.00605751 0.00578651
0.0057228 0.00568565 0.00588806 0.00572942 0.00579148 0.00574071 0.00563922
0.00533822 0.00551507 0.00591484 0.00559354 0.00617068 0.00564349 0.00543547
0.00555556 0.0056265 0.00564578 0.00557876 0.0056612 0.00584282 0.00542447
0.00569843 0.00557214 0.00576534 0.00582298 0.00588559 0.00565513 0.00570229
0.00570738 0.00581953 0.0052793 0.00538506 0.00537475 0.00543806 0.00541599
0.00544233 0.00533639 0.00539865 0.00529611 0.0055275 0.00544268 0.00548176
0.00533285 0.00554905 0.00545662 0.00554411 0.00534054 0.00544091 0.00539168
0.00542943 0.00548447 0.00533395 0.00537896 0.00538021 0.00538982 0.00526585

# Calibration done with LH2 data for 85% SBS field. SBS-7 Set-1, (Id: 7811-1)
# Latest on 12/12/2023 for pass2 (elastic cuts). Prev. -> 08/25/2023 (w/o sets)
-------[ 2021-11-13 10:00:00 ]
bb.sh.adc.gain =
0.00982544 0.00829271 0.0115284 0.0094757 0.0118593 0.00976949 0.00906697
0.00642434 0.00860685 0.00893374 0.00925421 0.00899764 0.00978967 0.00905424
0.0124457 0.0101333 0.010173 0.0081515 0.0108468 0.0102514 0.00900593
0.00872782 0.00821108 0.00916738 0.00880759 0.00794976 0.00935507 0.00905332
0.0106623 0.00901236 0.0101279 0.0093655 0.00893238 0.00976348 0.00995507
0.00843514 0.00897281 0.00912471 0.00956362 0.00976065 0.00892692 0.0119116
0.00818777 0.00994252 0.00949913 0.00899344 0.00863886 0.00934019 0.0118793
0.00858907 0.00843733 0.00812776 0.00876305 0.009022 0.00980281 0.010138
0.00690971 0.0106412 0.00952328 0.0092932 0.00987964 0.0102722 0.012621
0.00777231 0.00932099 0.00787107 0.00846686 0.00988129 0.0100898 0.00764235
0.00816463 0.00923633 0.010224 0.00880504 0.00943779 0.00976828 0.00678963
0.00815533 0.00916702 0.00961782 0.00843631 0.0104364 0.00888652 0.00930322
0.00812624 0.0100466 0.00799511 0.00879397 0.00887509 0.00965576 0.00820498
0.00902206 0.00876673 0.00901203 0.00904748 0.00936779 0.00895633 0.0111066
0.00680575 0.00862223 0.00906364 0.00743513 0.00841857 0.00800266 0.00755722
0.00659532 0.00780833 0.00781934 0.00946014 0.00812552 0.00825423 0.0065724
0.00638925 0.00894145 0.00800158 0.00901146 0.00967019 0.00870004 0.0082864
0.00750851 0.00916551 0.00921967 0.00816922 0.0084436 0.00922688 0.00987712
0.00688169 0.0079251 0.00902283 0.00833775 0.00894785 0.00837508 0.0104495
0.00701017 0.00909425 0.0071182 0.00862546 0.00794796 0.00964015 0.00750399
0.00846227 0.0118102 0.00838842 0.0127958 0.0123056 0.0144123 0.00829313
0.00650618 0.00855386 0.00840821 0.00868148 0.00857746 0.0084838 0.0091583
0.00811495 0.00888072 0.00968596 0.00810646 0.00952118 0.0108746 0.00967468
0.00947062 0.0116383 0.0135991 0.0113125 0.0152372 0.00920815 0.00922867
0.00919222 0.0091144 0.00907519 0.00903764 0.00899233 0.00909155 0.00868204
0.00916043 0.0091658 0.00923491 0.00938607 0.00912814 0.00921357 0.00883847
0.00925108 0.00944274 0.00926178 0.0092082 0.00915844 0.00922431 0.00898444

# Calibration done with LH2 data for 85% SBS field. SBS-7 Set-2, (Id: 7811-2)
# Latest on 12/12/2023 for pass2 (elastic cuts). Prev. -> 08/25/2023 (w/o sets)
-------[ 2021-11-13 10:00:00 ]
bb.sh.adc.gain =
0.00982544 0.00829271 0.0115284 0.0094757 0.0118593 0.00976949 0.00906697
0.00642434 0.00860685 0.00893374 0.00925421 0.00899764 0.00978967 0.00905424
0.00913229 0.0108328 0.0106388 0.00962153 0.0121617 0.0102514 0.00900593
0.0111607 0.00829804 0.00918105 0.0084755 0.0113823 0.00925653 0.00905332
0.00807353 0.00919001 0.00974981 0.00893035 0.00924823 0.0095331 0.00995507
0.00687166 0.00897542 0.00873935 0.00898641 0.0102497 0.00940081 0.00726454
0.0110952 0.0100344 0.00980354 0.0092894 0.00950854 0.00965539 0.011308
0.00770452 0.00835198 0.00810105 0.00920338 0.00990756 0.00897366 0.0101735
0.00937618 0.0101476 0.00849679 0.00964797 0.0101298 0.0101905 0.00917363
0.00727777 0.00912625 0.00778675 0.00855969 0.00964307 0.00981444 0.00854658
0.00887069 0.00926367 0.00987308 0.00892362 0.00980381 0.00946149 0.00549216
0.00846039 0.00958592 0.00972898 0.00905227 0.00971783 0.009218 0.00905846
0.00832758 0.00964149 0.00835434 0.00883484 0.00901039 0.00958479 0.00881277
0.0112615 0.00862725 0.00913003 0.00886805 0.00956283 0.00891092 0.0070739
0.00603215 0.00857238 0.00877198 0.00771286 0.00797247 0.00795424 0.00602999
0.00720691 0.00775546 0.00807685 0.00962003 0.00764303 0.00774812 0.00847378
0.0073013 0.00905162 0.00806441 0.00922617 0.00928786 0.00874596 0.00835061
0.0106713 0.00940144 0.00960739 0.00783971 0.00793074 0.0104456 0.00609749
0.00621576 0.0081363 0.00860016 0.00851751 0.00945923 0.00955336 0.00870671
0.00989228 0.00892724 0.00748255 0.00909347 0.00758131 0.00868796 0.0103975
0.00846227 0.0108625 0.010226 0.00799995 0.00998958 0.0103092 0.00829313
0.00650618 0.00855386 0.00840821 0.00868148 0.00857746 0.0084838 0.0091583
0.00811495 0.00888072 0.00968596 0.00810646 0.00952118 0.0108746 0.00967468
0.00947062 0.0116383 0.0135991 0.0113125 0.0152372 0.00920815 0.00922867
0.00919222 0.0091144 0.00907519 0.00903764 0.00899233 0.00909155 0.00868204
0.00916043 0.0091658 0.00923491 0.00938607 0.00912814 0.00921357 0.00883847
0.00925108 0.00944274 0.00926178 0.0092082 0.00915844 0.00922431 0.00898444

################################################################################
###                                 SBS-11                                   ###
################################################################################

# Configuration Change [SBS-7 -> SBS-11]
-------[ 2021-11-17 08:00:00 ]

bb.sh.emin_clTotal = 0.3

# ADCtime offsets generated by Andrew P's consolidated timing calibration script
# using a subset of SBS11 LH2 & LD2 data. Latest on 12/08/2025 for pass3 readiness.
# A shift in trigger time was observed during SBS-11. Two sets of ADC time offsets (Set 1 & Set 2)
# are generated to account for the shift. See https://sbs.jlab.org/cgi-bin/DocDB/private/ShowDocument?docid=755
## SBS11 - Set 1
bb.sh.adc.timeoffset =
   -48.88118    -45.97376    -40.21395    -39.06129    -38.43476    -38.26785    -41.96778
   -48.96512    -48.91122    -48.72293    -47.94973    -45.90253    -45.89375    -44.40362
   -39.52629    -48.90146    -36.89246    -37.38218      -38.164    -38.04429    -44.53643
   -46.20234    -37.93992    -51.47648     -38.6977    -56.11536    -48.36452    -42.19168
   -39.35984    -41.50818    -47.19722    -43.93752    -42.77631    -40.38104    -41.11102
   -42.05097    -41.06382     -42.5219    -40.81978    -38.60912    -42.93081    -42.57963
   -41.48838    -40.68881    -39.89999    -42.79821    -39.59066    -41.47449    -42.65615
   -46.84574    -39.25015    -40.52356    -47.86114    -39.50008    -39.21916    -44.49716
   -46.35219    -39.24626     -43.0342    -40.37372    -37.67616    -45.22199    -44.56023
   -39.61242    -43.50513    -40.80713    -42.98857    -43.14696    -43.27998    -45.55097
   -40.26959    -41.98617    -38.33011     -41.5559    -39.88674    -41.08436    -47.36972
   -42.21169    -40.36232    -43.16468    -40.87193    -39.89361    -39.32267    -44.53413
   -45.31486    -37.61406    -40.74569    -41.76711    -43.17094    -40.67821    -47.18298
   -40.96155    -39.65933    -38.88063    -42.10024    -40.97725    -36.02419    -43.54299
   -40.77701    -44.10186    -44.09082    -42.11305    -40.68755    -40.51758    -44.97739
   -41.13173    -37.39378    -41.78686    -37.42681    -41.81368    -40.33322    -51.75353
   -48.79595    -40.58368    -36.55557     -40.9068    -42.92514    -38.68268    -49.35313
   -37.03363    -41.74764    -40.27519    -45.55135    -37.40633    -39.08198    -39.89083
   -44.74421    -38.71285    -43.46373    -38.55628    -39.62368    -35.06701    -45.26664
   -42.12802    -41.98462    -40.06775    -43.16185    -41.20043    -43.01743    -42.52522
   -41.46516    -44.60263    -36.26341    -41.87819    -35.42233     -40.7442    -42.76709
   -48.00051    -42.84134    -42.27906    -44.49712    -41.39066    -39.16265    -48.31575
   -42.20159    -42.76524    -40.11918    -38.64151    -40.70496    -43.69125    -41.30306
   -43.12416    -38.65017    -53.29492    -53.02155    -54.42089    -42.58193    -45.98892
   -51.21168    -53.99822    -53.69681    -53.43893    -46.86478    -51.43863    -41.77955
   -50.20992    -51.49914    -49.50212    -50.16428     -51.1846    -48.94142    -49.31272
   -47.78066    -46.49361    -48.34711    -48.47244    -49.59877    -36.38978    -54.28249

-------[ 2021-12-01 22:06:00 ]
## SBS11 - Set 2. See  https://sbs.jlab.org/cgi-bin/DocDB/private/ShowDocument?docid=755
bb.sh.adc.timeoffset =
   -45.22044    -42.28926    -36.66806    -35.28991    -34.88241    -34.96366    -43.11891
   -45.39409    -45.27451    -45.19765    -44.34913    -42.30735    -42.40595    -42.77272
   -36.00093    -45.52672    -33.31127    -33.76298    -34.63057     -34.5046    -41.27842
   -42.72838    -34.36088    -47.75537    -35.11856    -52.58361    -44.93605     -39.2501
   -35.76695    -37.92852     -43.6191    -40.37024    -39.09285    -36.79169    -37.93971
   -38.47767    -37.54364    -38.90432    -37.26791    -34.99958    -39.41795    -39.17337
   -37.94323    -37.12359    -36.31745    -39.28231     -36.0603    -37.96526    -39.13359
   -43.11088    -35.65767     -36.9569    -44.37607    -35.90405    -35.62089    -41.39688
   -42.83196    -35.67623    -39.46886    -36.76413    -34.08201    -41.68725    -40.99756
   -36.02606    -39.87727    -37.19422    -39.32623    -39.50635    -39.50045    -41.86572
   -36.67715    -38.40275    -34.74592    -37.96803     -36.2923     -37.4723    -43.69297
   -38.63583    -36.79677     -39.5829    -37.28962    -36.36442    -35.72631    -41.01063
   -41.74487    -34.02779    -37.17478    -38.17971    -39.59065    -37.12468    -43.63908
   -37.37101    -36.08275    -35.30372      -38.525    -37.41253    -32.44044    -40.04987
   -37.20532    -40.53324    -40.51579    -38.53223    -37.10914    -36.95895    -41.40858
   -37.51411     -33.7955    -38.17984    -33.84337    -38.23004    -36.75042    -48.01699
    -45.1692    -37.00271    -32.98058    -37.28915    -39.36309    -35.08698    -45.74792
   -33.41399    -38.17322    -36.71573    -41.93138    -33.80519    -35.49371    -36.48559
   -41.12992    -35.14654    -39.85793    -34.94758    -36.05685    -31.51531     -41.7071
   -38.49933    -38.36903     -36.4552    -39.54827    -37.64572    -39.48312    -38.93996
   -37.88423     -40.9394    -32.66761    -38.25646    -31.84591    -37.10949    -38.73925
   -44.46414    -39.26723     -38.6741    -40.93375    -37.82314    -35.59751    -44.75973
   -38.59687    -39.19398    -36.53136    -35.07757     -37.1837    -40.01879     -37.7363
   -39.52159     -35.0705    -49.76931    -49.43469    -51.05656    -38.88303    -42.25957
   -47.51927    -50.33928    -49.62891    -49.74974    -42.46019    -48.51909      -38.421
    -44.5375    -45.51793    -46.09038    -46.37335    -46.52417    -45.31177    -44.60791
   -42.25421     -40.5124     -41.7673    -43.67567    -44.93833    -32.76013    -49.57768

-------[ 2021-12-14 08:00:00 ]
## SBS11 - Set 1. See  https://sbs.jlab.org/cgi-bin/DocDB/private/ShowDocument?docid=755
bb.sh.adc.timeoffset =
   -48.88118    -45.97376    -40.21395    -39.06129    -38.43476    -38.26785    -41.96778
   -48.96512    -48.91122    -48.72293    -47.94973    -45.90253    -45.89375    -44.40362
   -39.52629    -48.90146    -36.89246    -37.38218      -38.164    -38.04429    -44.53643
   -46.20234    -37.93992    -51.47648     -38.6977    -56.11536    -48.36452    -42.19168
   -39.35984    -41.50818    -47.19722    -43.93752    -42.77631    -40.38104    -41.11102
   -42.05097    -41.06382     -42.5219    -40.81978    -38.60912    -42.93081    -42.57963
   -41.48838    -40.68881    -39.89999    -42.79821    -39.59066    -41.47449    -42.65615
   -46.84574    -39.25015    -40.52356    -47.86114    -39.50008    -39.21916    -44.49716
   -46.35219    -39.24626     -43.0342    -40.37372    -37.67616    -45.22199    -44.56023
   -39.61242    -43.50513    -40.80713    -42.98857    -43.14696    -43.27998    -45.55097
   -40.26959    -41.98617    -38.33011     -41.5559    -39.88674    -41.08436    -47.36972
   -42.21169    -40.36232    -43.16468    -40.87193    -39.89361    -39.32267    -44.53413
   -45.31486    -37.61406    -40.74569    -41.76711    -43.17094    -40.67821    -47.18298
   -40.96155    -39.65933    -38.88063    -42.10024    -40.97725    -36.02419    -43.54299
   -40.77701    -44.10186    -44.09082    -42.11305    -40.68755    -40.51758    -44.97739
   -41.13173    -37.39378    -41.78686    -37.42681    -41.81368    -40.33322    -51.75353
   -48.79595    -40.58368    -36.55557     -40.9068    -42.92514    -38.68268    -49.35313
   -37.03363    -41.74764    -40.27519    -45.55135    -37.40633    -39.08198    -39.89083
   -44.74421    -38.71285    -43.46373    -38.55628    -39.62368    -35.06701    -45.26664
   -42.12802    -41.98462    -40.06775    -43.16185    -41.20043    -43.01743    -42.52522
   -41.46516    -44.60263    -36.26341    -41.87819    -35.42233     -40.7442    -42.76709
   -48.00051    -42.84134    -42.27906    -44.49712    -41.39066    -39.16265    -48.31575
   -42.20159    -42.76524    -40.11918    -38.64151    -40.70496    -43.69125    -41.30306
   -43.12416    -38.65017    -53.29492    -53.02155    -54.42089    -42.58193    -45.98892
   -51.21168    -53.99822    -53.69681    -53.43893    -46.86478    -51.43863    -41.77955
   -50.20992    -51.49914    -49.50212    -50.16428     -51.1846    -48.94142    -49.31272
   -47.78066    -46.49361    -48.34711    -48.47244    -49.59877    -36.38978    -54.28249

-------[ 2021-11-17 08:00:00 ]
## Gain factor for energy calibration using cosmic: GeV/pC (Id: 11001)
## Asuming trigger amplitudes are aligned to 25mV (Run used : 11870 (cosmic))
bb.sh.adc.gain =
0.00550816 0.00545972 0.00546158 0.00579034 0.00583832 0.00584924 0.00570192
0.00573084 0.00577248 0.00549745 0.00563803 0.00559334 0.0057444 0.00558323
0.00565296 0.00535724 0.00599322 0.00608173 0.00580417 0.00615709 0.00557629
0.00552988 0.00600387 0.00556534 0.00587674 0.00533334 0.0053537 0.00553055
0.00578698 0.00568414 0.0053992 0.00566024 0.00562711 0.00547886 0.00576761
0.00560376 0.00563254 0.00559264 0.00582342 0.00564009 0.00553833 0.00567151
0.00617129 0.00612465 0.00588809 0.00557292 0.00627252 0.00596557 0.00572158
0.00558085 0.00611954 0.0061681 0.00543864 0.00609404 0.00628765 0.0058328
0.00555611 0.00583817 0.00550305 0.00585856 0.00592767 0.00556374 0.00577423
0.00591191 0.00559223 0.00575195 0.00567924 0.00564758 0.00559299 0.0055604
0.00593676 0.00587674 0.00590284 0.00586332 0.00579133 0.00581561 0.00554112
0.00568568 0.00594475 0.00568464 0.00593592 0.0061011 0.00594243 0.0059196
0.00578549 0.00599101 0.00582043 0.00577518 0.00565571 0.00568429 0.00548278
0.0056445 0.00548769 0.00579961 0.00570215 0.00570926 0.00609053 0.00547802
0.00585693 0.00567825 0.00564935 0.00571455 0.00581994 0.00592419 0.00584747
0.00577338 0.00566774 0.00568789 0.00601259 0.00569323 0.00577466 0.00552701
0.00552259 0.00580109 0.00623567 0.00569866 0.00563783 0.00596322 0.00560855
0.00597815 0.00578044 0.00591205 0.00553087 0.00596168 0.00584616 0.00601474
0.00556714 0.00602414 0.0056247 0.00585429 0.00589225 0.00605751 0.00578651
0.0057228 0.00568565 0.00588806 0.00572942 0.00579148 0.00574071 0.00563922
0.00533822 0.00551507 0.00591484 0.00559354 0.00617068 0.00564349 0.00543547
0.00555556 0.0056265 0.00564578 0.00557876 0.0056612 0.00584282 0.00542447
0.00569843 0.00557214 0.00576534 0.00582298 0.00588559 0.00565513 0.00570229
0.00570738 0.00581953 0.0052793 0.00538506 0.00537475 0.00543806 0.00541599
0.00544233 0.00533639 0.00539865 0.00529611 0.0055275 0.00544268 0.00548176
0.00533285 0.00554905 0.00545662 0.00554411 0.00534054 0.00544091 0.00539168
0.00542943 0.00548447 0.00533395 0.00537896 0.00538021 0.00538982 0.00526585

# Calibration done with LH2 data for 100% SBS field. SBS-11, (Id: 11111)
# Latest on 01/04/2023 for pass2 (elastic cuts). Prev. -> 08/25/23
-------[ 2021-11-25 00:50:00 ]
bb.sh.adc.gain =
0.00982544 0.00954864 0.00978764 0.0094757 0.00983972 0.00976949 0.00906697
0.0091446 0.0088392 0.00914871 0.00893938 0.00919595 0.00978967 0.00905424
0.00568011 0.0139278 0.0101782 0.0109292 0.00996411 0.0102514 0.00900593
0.00973691 0.00821224 0.00978188 0.00775469 0.0156731 0.0086349 0.00905332
0.0093738 0.00848196 0.00975023 0.00839129 0.0088069 0.0093068 0.0148432
0.00793877 0.00870742 0.00853136 0.0083021 0.0103971 0.00875401 0.00717767
0.00774357 0.00916368 0.0087506 0.00852035 0.00875842 0.00932501 0.0114458
0.00842445 0.00791502 0.00725774 0.00891383 0.00856027 0.00924212 0.00730828
0.00871033 0.0087972 0.0083749 0.00939553 0.00985616 0.00911814 0.0121702
0.00828687 0.00880368 0.00726052 0.00834315 0.00985747 0.00923713 0.00670962
0.00757998 0.0087156 0.00964346 0.00832944 0.00905578 0.00903218 0.00651448
0.00979211 0.00912774 0.00988216 0.00838609 0.0089041 0.00888431 0.00887194
0.00846472 0.00959613 0.00762165 0.0074352 0.008668 0.00906321 0.00669716
0.00885545 0.00891868 0.0081107 0.00927984 0.00830211 0.00869174 0.00793804
0.00750645 0.00840961 0.0086256 0.00756998 0.00797172 0.00747477 0.00671748
0.00843784 0.00778262 0.00779264 0.00958447 0.00798737 0.00821219 0.00698949
0.00716717 0.00919995 0.00834404 0.00911877 0.00911525 0.00899049 0.00824719
0.0076094 0.00857529 0.00896896 0.00749954 0.00812299 0.00965446 0.00758483
0.00722896 0.00864222 0.00851774 0.00901039 0.00937768 0.00871237 0.00997057
0.00781918 0.00935445 0.0080218 0.00935137 0.00787766 0.00905488 0.00640973
0.00867122 0.00919454 0.00797274 0.00734604 0.00977131 0.00896424 0.0112142
0.00914499 0.00853048 0.00896192 0.00878277 0.00819387 0.00874322 0.0051031
0.0096239 0.00954259 0.0097283 0.0094697 0.00967932 0.00939855 0.00967468
0.00947062 0.00995191 0.00897738 0.00916217 0.00912727 0.00920815 0.00922867
0.00919222 0.0091144 0.00907519 0.00903764 0.00899233 0.00909155 0.00868204
0.00916043 0.0091658 0.00923491 0.00938607 0.00912814 0.00921357 0.00883847
0.00925108 0.00944274 0.00926178 0.0092082 0.00915844 0.00922431 0.00898444

# Calibration done with LH2 data for 0% SBS field. SBS-11, (Id: 11011)
# Latest on 01/05/2023 for pass2. Prev. -> 08/25/2023
-------[ 2021-12-10 17:35:00 ]
bb.sh.adc.gain =
0.00982544 0.00954864 0.00978764 0.0094757 0.00983972 0.00976949 0.00906697
0.0091446 0.0088392 0.00914871 0.00893938 0.00919595 0.00978967 0.00905424
0.00639943 0.0124641 0.00686434 0.00783698 0.00996411 0.0102514 0.00900593
0.00762262 0.0083555 0.00927441 0.00907327 0.0038894 0.0086349 0.00905332
0.00813861 0.00904251 0.00988587 0.00849457 0.00898132 0.00956052 0.0154612
0.00820364 0.00868674 0.00880064 0.00904512 0.00960939 0.00868882 0.00929427
0.00797791 0.00967084 0.00782874 0.00852076 0.00857343 0.00937374 0.0133441
0.00850487 0.00765519 0.00754459 0.00784452 0.00830142 0.00885797 0.00340319
0.00917384 0.00878748 0.00867896 0.0088506 0.00878723 0.00860989 0.00781033
0.0072364 0.00924495 0.00804682 0.00865421 0.00981716 0.00888383 0.00700454
0.00836029 0.00863838 0.00905614 0.00863793 0.00951213 0.00891268 0.00843104
0.00873924 0.00892637 0.00962839 0.00838564 0.00892929 0.00866843 0.00839325
0.00809141 0.00946539 0.00786907 0.00731816 0.00902691 0.00903394 0.007716
0.00936949 0.00905139 0.00808827 0.00936872 0.00855357 0.00888604 0.0105024
0.0076338 0.00900307 0.00892302 0.00809318 0.00867661 0.00767634 0.0053885
0.00743335 0.00808276 0.00749144 0.00932663 0.00857175 0.00835008 0.00734273
0.00724043 0.00894316 0.00835506 0.00899463 0.00896546 0.00887973 0.00790569
0.00733482 0.00880154 0.0087286 0.00742965 0.00854393 0.00978506 0.00738651
0.00725098 0.00869639 0.00842971 0.00902275 0.00959214 0.0091424 0.0075873
0.00774117 0.00962914 0.00859346 0.00905672 0.00818459 0.00891097 0.00545058
0.00726805 0.00904392 0.00863811 0.00792288 0.00964497 0.00872592 0.00802149
0.0098467 0.00895974 0.00806103 0.00826374 0.00842305 0.00879906 0.00553363
0.0096239 0.00728294 0.00875736 0.00760446 0.0082371 0.00838061 0.00967468
0.00947062 0.00995191 0.00897738 0.00916217 0.00912727 0.00920815 0.00922867
0.00919222 0.0091144 0.00907519 0.00903764 0.00899233 0.00909155 0.00868204
0.00916043 0.0091658 0.00923491 0.00938607 0.00912814 0.00921357 0.00883847
0.00925108 0.00944274 0.00926178 0.0092082 0.00915844 0.00922431 0.00898444

# Calibration done with LH2 data for 100% SBS field. SBS-11, (Id: 11112)
# Latest on 01/04/2023 for pass2 (elastic cuts). Prev. -> 08/25/2023
-------[ 2021-12-11 01:25:00 ]
bb.sh.adc.gain =
0.00982544 0.00954864 0.00978764 0.0094757 0.00983972 0.00976949 0.00906697
0.0091446 0.0088392 0.00914871 0.00893938 0.00919595 0.00978967 0.00905424
0.00568011 0.0139278 0.0101782 0.0109292 0.00996411 0.0102514 0.00900593
0.00973691 0.00821224 0.00978188 0.00775469 0.0156731 0.0086349 0.00905332
0.0093738 0.00848196 0.00975023 0.00839129 0.0088069 0.0093068 0.0148432
0.00793877 0.00870742 0.00853136 0.0083021 0.0103971 0.00875401 0.00717767
0.00774357 0.00916368 0.0087506 0.00852035 0.00875842 0.00932501 0.0114458
0.00842445 0.00791502 0.00725774 0.00891383 0.00856027 0.00924212 0.00730828
0.00871033 0.0087972 0.0083749 0.00939553 0.00985616 0.00911814 0.0121702
0.00828687 0.00880368 0.00726052 0.00834315 0.00985747 0.00923713 0.00670962
0.00757998 0.0087156 0.00964346 0.00832944 0.00905578 0.00903218 0.00651448
0.00979211 0.00912774 0.00988216 0.00838609 0.0089041 0.00888431 0.00887194
0.00846472 0.00959613 0.00762165 0.0074352 0.008668 0.00906321 0.00669716
0.00885545 0.00891868 0.0081107 0.00927984 0.00830211 0.00869174 0.00793804
0.00750645 0.00840961 0.0086256 0.00756998 0.00797172 0.00747477 0.00671748
0.00843784 0.00778262 0.00779264 0.00958447 0.00798737 0.00821219 0.00698949
0.00716717 0.00919995 0.00834404 0.00911877 0.00911525 0.00899049 0.00824719
0.0076094 0.00857529 0.00896896 0.00749954 0.00812299 0.00965446 0.00758483
0.00722896 0.00864222 0.00851774 0.00901039 0.00937768 0.00871237 0.00997057
0.00781918 0.00935445 0.0080218 0.00935137 0.00787766 0.00905488 0.00640973
0.00867122 0.00919454 0.00797274 0.00734604 0.00977131 0.00896424 0.0112142
0.00914499 0.00853048 0.00896192 0.00878277 0.00819387 0.00874322 0.0051031
0.0096239 0.00954259 0.0097283 0.0094697 0.00967932 0.00939855 0.00967468
0.00947062 0.00995191 0.00897738 0.00916217 0.00912727 0.00920815 0.00922867
0.00919222 0.0091144 0.00907519 0.00903764 0.00899233 0.00909155 0.00868204
0.00916043 0.0091658 0.00923491 0.00938607 0.00912814 0.00921357 0.00883847
0.00925108 0.00944274 0.00926178 0.0092082 0.00915844 0.00922431 0.00898444

################################################################################
###                                 SBS-14                                   ###
################################################################################

# Configuration Change [SBS-11 -> SBS-14]
-------[ 2022-01-10 22:30:00 ]

bb.sh.emin_clTotal = 0.2

# ADCtime offsets w.r.t TH using all SBS14 LH2 & LD2 data
# Latest on 08/25/2023 for pass2 readiness. We noticed a time
# shift of ~12ns during run. Two sets of ADC time offsets (Set 1 & Set 2)
# were generated to account for the shift. See https://logbooks.jlab.org/entry/4170774
## SBS14 - Set 2
#bb.sh.adc.timeoffset =
#-40 -40 -40 -40 -40 -40 -40
#-40 -31.2023 -32.6286 -60.1237 -33.5928 -40 -40
#-31.0074 -34.9261 -27.9712 -27.1883 -29.9674 -40 -40
#-33.8669 -29.51 -36.7056 -29.9795 -40 -40 -40
#-29.1749 -31.7417 -35.668 -32.5611 -4.60835 -31.4836 -27.4077
#-30.5681 -29.6749 -32.1079 -30.2407 -28.2405 -5.58951 -40
#-29.4998 -28.8877 -29.3113 -31.2441 -28.7203 -29.6789 -40
#-34.5147 -29.2594 -30.8814 -36.9475 -29.631 -31.5859 -31.4697
#-33.9463 -29.921 -32.446 -30.1687 -27.638 -35.2983 -29.9847
#-30.6682 -33.7993 -31.0805 -33.7692 -33.6371 -33.7101 -32.4763
#-32.9373 -34.2318 -30.2683 -33.9857 -32.2938 -33.3597 -35.4131
#-34.3375 -33.0321 -35.3029 -33.3358 -32.6372 -32.068 -32.5684
#-32.2114 -29.7669 -33.0953 -33.9682 -34.8463 -32.9468 -36.2243
#-32.6623 -31.2755 -30.6062 -33.0381 -32.571 -27.3945 -32.6751
#-32.7215 -35.048 -35.7443 -33.6597 -32.5849 -32.1057 -33.4944
#-33.08 -29.917 -35.1184 -29.9007 -34.5033 -33.0078 -39.5516
#-35.764 -33.423 -29.5215 -32.9682 -35.6167 -30.8444 -37.1177
#-31.1776 -35.5839 -34.1289 -38.8677 -31.4488 -32.5708 -31.9411
#-37.7176 -33.0636 -37.3565 -32.6937 -33.9561 -29.4943 -36.8655
#-34.4077 -35.3844 -33.4829 -36.6159 -34.4931 -36.5918 -34.3525
#-33.3477 -36.6666 -28.6884 -34.0954 -27.6011 -32.5696 -32.9694
#-32.9999 -33.0143 -32.7317 -34.7824 -31.348 -30.2279 -34.6449
#-32.7019 -32.9834 -30.5519 -30.253 -31.5999 -33.9471 -32.9068
#-32.9009 -29.9139 -40 -40 -40 -31.3308 -40
#-40 -40 -40 -40 -40 -40 -40
#-40 -40 -40 -40 -40 -40 -40
#-40 -40 -40 -40 -40 -40 -40

# using SBS-9 SH ADC time calibration as new default/baseline for recalibration of other GMN kinematics:
##bb.sh.adc.timeoffset =
#-41.660218	-41.530264	-40.621176	-42.683448	-37.612823	-37.551899	-42.434299
#-40.752841	-41.699723	-43.068427	-41.380078	-39.427904	-40.977622	-42.990399
#-38.7525195	-42.7944821	-36.4451074	-36.6674707	-37.5048053	-37.3672338	-42.319689
#-41.497029	-37.095549	-46.670888	-37.676122	-51.6825158	-50.61931457	-39.645739
#-37.975838	-39.8961583	-44.24319736	-40.8774505	-41.0258575	-39.7841261	-37.7021872
#-40.1700595	-39.3042806	-41.4173707	-40.0806811	-37.2990984	-40.8573714	-38.617914
#-39.2749354	-38.7953908	-39.2316593	-41.446831	-38.2880443	-40.1752042	-40.0667183
#-43.8391005	-38.6839574	-40.3941155	-46.2740391	-38.9926184	-39.7885078	-39.5427046
#-43.2232953	-39.1282379	-42.0198236	-39.6547076	-36.7567965	-44.9483995	-39.154061
#-39.1108789	-42.59540899	-39.9790147	-42.16334963	-42.22508252	-42.3156674	-40.7126421
#-40.106517	-41.239631	-37.392094	-41.154461	-39.280053	-40.576667	-42.996223
#-41.003051	-39.67212	-42.088613	-40.260906	-39.312041	-38.755985	-39.237408
#-39.354449	-36.933991	-40.160498	-40.947726	-42.412786	-40.224246	-43.42089
#-40.206707	-39.5341941	-38.440761	-40.9622357	-40.318348	-35.575448	-40.129461
#-39.933793	-43.039259	-43.415351	-41.441908	-39.903922	-39.93384	-40.543018
#-39.867928	-36.276162	-41.684666	-36.532877	-41.167636	-39.485255	-45.937099
#-42.902003	-40.049631	-35.91303	-39.94612	-42.545697	-38.014145	-44.00121
#-36.495452	-41.341334	-39.139202	-45.054672	-36.515595	-38.310865	-36.946105
#-42.896077	-38.324516	-43.205046	-37.912337	-39.019547	-34.77312	-42.241858
#-39.960038	-40.898508	-39.331535	-42.381912	-40.517367	-42.644033	-40.355125
#-40.46737	-43.952933	-35.494793	-41.443245	-34.552751	-39.594187	-39.10344
#-42.1123414	-42.1459202	-41.5641709	-43.2245518	-40.74541481	-39.031615	-44.8515424
#-41.3764482	-41.48786806	-39.22551665	-38.7552596	-40.2380361	-42.77404093	-39.0904855
#-41.0856666	-37.804919	-49.470353	-49.210294	-50.665032	-41.6975745	-44.3345826
#-48.897497	-51.160985	-49.582807	-50.599245	-49.493398	-48.635878	-45.359397
#-47.311081	-48.113913	-46.652275	-47.834579	-47.61515	-46.402751	-47.141544
#-45.027792	-43.108384	-44.363284	-45.527113	-46.029313	-33.851113	-52.111313

# New SH time calibration SBS-14 part-1: updated 2025/12/19 (EPAF)
bb.sh.adc.timeoffset =
   -35.21523    -35.08527    -33.09288    -36.23846    -31.16783    -31.10691    -35.98931
   -34.30785    -34.29114    -35.53091    -33.52052     -32.4495    -34.53263    -36.54541
   -31.59823    -36.33899    -28.71461    -28.99959    -30.58405    -30.78083    -35.73329
   -34.54742    -29.21922    -37.17058    -29.73522    -45.54225    -44.03291    -33.05934
   -30.19257    -32.29756    -36.52428    -33.09661    -35.64664    -32.91054    -31.11578
   -32.52315    -31.63913    -33.92743    -32.35376    -29.68969    -34.31223    -32.07277
   -31.75498    -31.08085    -31.47234    -34.55614    -30.72531    -33.63006    -33.11447
   -37.24672    -31.03596    -32.57726      -39.106     -31.1329    -32.60588    -32.59045
   -35.47763     -31.5256    -34.11503    -31.98195    -29.06305    -38.64328    -32.20181
   -31.32527    -34.85381    -32.14169    -34.51792    -34.40124    -34.79941    -33.19136
   -32.40868    -33.77771    -29.75685    -33.48909    -31.67032    -32.82561     -36.1996
   -33.48799    -31.97134    -34.55068    -32.62157    -31.56763    -31.01788     -32.3242
   -31.61712    -29.33437    -32.60767    -33.42408    -34.41827    -32.53814     -36.6213
   -32.65599    -31.36965    -30.73283    -33.26973    -32.53208    -27.66702    -33.29564
   -32.61793    -35.10724    -35.80815    -33.60227    -32.37734    -32.22425    -34.13367
    -31.9289    -28.73136    -33.82204    -28.94133    -33.40765    -31.88255    -39.76753
    -34.8229    -32.37778    -28.46818    -32.20404    -34.66476     -30.1613    -37.44521
   -29.01343    -33.44272    -31.73442    -36.89214    -29.02666    -30.49245    -29.64142
   -35.48767     -30.6587    -35.36446    -30.17316    -31.61616    -26.92831    -35.87332
   -32.54868    -33.44064    -31.81478    -34.77081    -32.64429    -35.40757    -33.36289
   -33.00548    -36.28915    -27.87928    -33.40061    -26.86022    -32.49167    -32.55848
   -34.79867    -34.52526    -33.69622    -36.06511    -32.76888    -31.62969    -38.30658
   -33.77773    -33.94887    -31.57564    -31.04264     -32.8711    -36.17737    -32.54552
   -33.49427    -29.35641    -42.71288    -42.16663    -44.03262    -35.06516    -37.70217
   -41.52677     -43.4246    -43.04026    -43.96683    -42.86098    -42.00346    -38.72698
   -39.94035    -40.37752    -40.10972    -41.20216    -40.98273    -39.77033    -40.50913
   -37.65706    -35.37199    -37.82073     -38.8947     -39.3969     -27.2187     -45.4789

-------[ 2022-01-12 16:00:00 ]
## SBS14 - Set 1. See https://logbooks.jlab.org/entry/4170774
#bb.sh.adc.timeoffset =
#-40 -39.2932 -38.4644 -40 -35.6998 -36.2045 -40
#-39.8045 -40.8251 -42.0934 -40.3676 -38.5036 -39.0974 -40
#-40.5973 -44.3189 -37.789 -38.0524 -38.9178 -38.8329 -42.2335
#-43.5061 -39.1473 -45.6213 -39.7318 -53.3324 -52.2529 -42.096
#-38.8112 -41.1245 -45.095 -41.9198 -42.0674 -40.7092 -38.7609
#-40.2125 -39.3746 -41.6996 -39.9401 -37.1666 -40.5953 -38.5266
#-39.0256 -38.7228 -39.0617 -41.2632 -38.0955 -40.0248 -39.7907
#-43.9734 -39.0503 -40.6158 -46.4152 -39.384 -39.8614 -39.9888
#-43.5117 -39.5702 -42.1669 -40.0483 -37.1335 -44.9852 -39.4631
#-40.0618 -43.4538 -40.8351 -43.0422 -43.1586 -43.3144 -41.8205
#-42.4649 -43.9355 -39.866 -43.5258 -41.7725 -42.942 -44.7563
#-43.9349 -42.5343 -45.0346 -43.0912 -42.1273 -41.5498 -41.8111
#-41.7395 -39.5248 -42.6973 -43.5028 -44.5243 -42.5585 -45.457
#-42.2534 -40.8514 -40.2257 -42.7229 -42.0567 -37.3017 -42.0687
#-42.2859 -44.7426 -45.4543 -43.2589 -42.0447 -41.9654 -42.6001
#-42.7514 -39.587 -44.517 -39.7687 -44.1611 -42.6189 -48.2598
#-45.3615 -42.9608 -39.1376 -42.8144 -45.3089 -40.9157 -46.8191
#-40.8041 -45.1127 -43.4953 -48.3368 -40.9555 -42.4287 -41.0877
#-47.2447 -42.6557 -47.1223 -42.2723 -43.6607 -39.1503 -46.2571
#-44.0338 -44.9261 -43.311 -46.2476 -44.2353 -46.4151 -44.3547
#-43.3325 -46.3357 -38.288 -43.6461 -37.3034 -42.0947 -41.7634
#-42.6635 -42.7192 -42.4195 -44.3524 -41.2926 -39.983 -45.7723
#-42.5136 -42.6278 -40.3394 -39.8988 -41.1447 -43.6456 -40.2485
#-42.535 -39.1209 -49.4349 -49.3423 -46.842 -42.0555 -44.0748
#-46.2162 -47.4399 -46.8511 -46.975 -45.5564 -45.6426 -41.7057
#-44.7308 -44.2372 -44.016 -43.9821 -45.3965 -43.1145 -44.2729
#-40 -43.016 -43.7715 -43.1831 -40 -40 -40

# using SBS-9 SH ADC time calibration as new default/baseline for recalibration of other GMN kinematics:
##bb.sh.adc.timeoffset =
#-41.660218	-41.530264	-40.621176	-42.683448	-37.612823	-37.551899	-42.434299
#-40.752841	-41.699723	-43.068427	-41.380078	-39.427904	-40.977622	-42.990399
#-38.7525195	-42.7944821	-36.4451074	-36.6674707	-37.5048053	-37.3672338	-42.319689
#-41.497029	-37.095549	-46.670888	-37.676122	-51.6825158	-50.61931457	-39.645739
#-37.975838	-39.8961583	-44.24319736	-40.8774505	-41.0258575	-39.7841261	-37.7021872
#-40.1700595	-39.3042806	-41.4173707	-40.0806811	-37.2990984	-40.8573714	-38.617914
#-39.2749354	-38.7953908	-39.2316593	-41.446831	-38.2880443	-40.1752042	-40.0667183
#-43.8391005	-38.6839574	-40.3941155	-46.2740391	-38.9926184	-39.7885078	-39.5427046
#-43.2232953	-39.1282379	-42.0198236	-39.6547076	-36.7567965	-44.9483995	-39.154061
#-39.1108789	-42.59540899	-39.9790147	-42.16334963	-42.22508252	-42.3156674	-40.7126421
#-40.106517	-41.239631	-37.392094	-41.154461	-39.280053	-40.576667	-42.996223
#-41.003051	-39.67212	-42.088613	-40.260906	-39.312041	-38.755985	-39.237408
#-39.354449	-36.933991	-40.160498	-40.947726	-42.412786	-40.224246	-43.42089
#-40.206707	-39.5341941	-38.440761	-40.9622357	-40.318348	-35.575448	-40.129461
#-39.933793	-43.039259	-43.415351	-41.441908	-39.903922	-39.93384	-40.543018
#-39.867928	-36.276162	-41.684666	-36.532877	-41.167636	-39.485255	-45.937099
#-42.902003	-40.049631	-35.91303	-39.94612	-42.545697	-38.014145	-44.00121
#-36.495452	-41.341334	-39.139202	-45.054672	-36.515595	-38.310865	-36.946105
#-42.896077	-38.324516	-43.205046	-37.912337	-39.019547	-34.77312	-42.241858
#-39.960038	-40.898508	-39.331535	-42.381912	-40.517367	-42.644033	-40.355125
#-40.46737	-43.952933	-35.494793	-41.443245	-34.552751	-39.594187	-39.10344
#-42.1123414	-42.1459202	-41.5641709	-43.2245518	-40.74541481	-39.031615	-44.8515424
#-41.3764482	-41.48786806	-39.22551665	-38.7552596	-40.2380361	-42.77404093	-39.0904855
#-41.0856666	-37.804919	-49.470353	-49.210294	-50.665032	-41.6975745	-44.3345826
#-48.897497	-51.160985	-49.582807	-50.599245	-49.493398	-48.635878	-45.359397
#-47.311081	-48.113913	-46.652275	-47.834579	-47.61515	-46.402751	-47.141544
#-45.027792	-43.108384	-44.363284	-45.527113	-46.029313	-33.851113	-52.111313

# New SH time calibration SBS-14 part-2: updated 2025/12/19 (EPAF)
bb.sh.adc.timeoffset =
   -43.66708    -44.04389    -42.51329    -44.64612    -39.77535    -39.71442    -44.59682
   -42.25293    -43.65345    -45.00206    -43.21345    -41.52887    -42.98402    -44.90222
   -40.78106    -44.79137    -38.30211    -38.55466    -39.45876    -39.27905    -44.23151
   -43.51199    -38.91476    -45.59127    -39.47798    -54.21837    -52.46248     -41.4301
    -39.7874    -42.00806    -46.17609     -42.8894     -43.0674    -41.60831    -39.42775
   -42.12214    -41.27904    -43.63342     -41.9738    -39.19557    -42.56135    -40.38565
     -41.143    -40.77293    -41.14573    -43.46752    -40.10679     -42.0309    -41.64914
    -45.8017    -40.65269    -42.35751    -48.40743    -40.87835    -41.65863    -41.37209
   -45.19952     -41.1213    -43.82032    -41.65322     -38.7143    -46.82112    -40.92657
   -40.96565    -44.66316    -41.81798    -44.22665    -44.07047    -44.34002    -42.60708
   -42.01784    -43.41077    -39.36306    -43.16004    -41.31826    -42.49017    -44.39881
   -43.11647    -41.63499    -44.19066    -42.25239    -41.24563    -40.65124    -41.01906
    -41.2856    -39.01061    -42.25956    -43.05409    -44.15944    -42.13302    -45.05353
   -42.31974    -41.04152     -40.3431    -42.95179    -42.18168    -37.34681    -42.15319
   -42.22351    -44.78411    -45.47737    -43.25376     -41.9215    -41.86868    -42.48326
   -41.62973    -38.36252    -43.46634    -38.55798    -43.05527     -41.4896    -47.82371
   -44.47082    -42.02779    -38.04289    -41.89699    -44.41413    -39.78063    -45.83305
   -38.58367    -43.04192    -41.31314    -46.51177    -38.62382    -40.15387    -38.86552
   -44.97161    -40.25924    -44.87906    -39.76451    -41.11934    -36.50945    -43.99411
   -42.16126    -43.04851    -41.38421    -44.43981    -42.27621    -44.63043    -42.31342
   -42.54548    -45.87514     -37.4687    -43.09835    -36.52406    -41.44165    -41.16225
   -44.10078    -44.13382    -43.75349    -45.79203     -42.4774    -41.06451     -46.8327
   -43.39165    -43.60311    -41.18562     -40.6925    -42.06434    -44.65076    -41.04613
   -43.10784    -39.52178    -51.88369    -51.77934    -53.14139    -43.39234    -45.65647
   -51.11779    -53.12956    -51.99614    -53.16829    -51.96976    -50.33064    -46.68128
   -49.53137    -50.33421    -49.06561    -50.40363    -50.09151    -48.09752    -48.46343
   -47.24808    -45.32868    -46.58358    -48.09616    -48.50567    -35.54588     -53.4332

-------[ 2022-01-18 19:00:00 ]
## SBS-14 - Part 3 (SBS field 0%): updated 2025/12/19 (EPAF)
bb.sh.adc.timeoffset =
   -44.33478    -45.56594    -44.08835    -45.12539    -40.05476    -39.99384    -44.28703
    -43.4274    -43.76958    -45.14354    -43.28277     -41.2537    -42.83035    -44.84313
   -40.87112    -44.60034    -38.20406    -38.57173     -39.2135    -39.37721    -44.17242
    -43.8606    -38.51206    -45.88413    -39.32879    -51.86629    -52.47204    -41.49847
   -39.79233    -41.51036    -48.81406    -43.31069    -42.84427    -41.03461    -38.91182
    -42.0551    -41.49491    -43.49256     -41.9054    -38.39335    -43.04478    -40.01686
   -40.94377    -41.10944     -41.1128    -43.72772    -40.19884    -41.86379    -41.40609
   -45.99107      -40.627    -42.26482    -48.24992    -41.11725      -42.641    -43.21119
   -45.37368    -40.79244    -43.88658    -41.67471    -38.31268    -46.99636    -41.51295
   -41.12284    -44.57396    -42.48592     -44.2834    -44.11912    -43.99417    -43.59192
   -41.96465    -43.20495    -38.97039    -43.30147    -41.77808    -42.33072    -45.43691
   -42.99249    -41.44073    -44.17815     -42.3767    -41.28017    -40.67555    -39.78668
   -41.38216    -38.96707    -42.37463    -42.81504    -44.11317    -42.33265    -47.04497
   -42.53193    -41.14173    -40.22114    -43.16311    -42.21337    -37.37135    -43.31972
   -42.30507    -44.84119    -45.43017    -43.22447     -42.1007    -41.79492     -41.4604
    -41.5525    -38.45726    -43.41399     -38.4787    -43.06875    -41.26078    -46.68851
   -44.57614    -42.10646    -38.03172    -41.90987    -44.37013    -39.94406    -45.32857
   -39.04618    -43.16926    -40.99475    -46.60494    -38.58032    -40.10458    -37.30477
   -45.21117     -40.2717    -44.86496    -39.79822     -41.2546    -36.47357    -43.17186
   -42.13652    -43.06314    -41.30062    -44.27006    -42.20648    -44.62734    -41.82985
   -42.87843    -45.89775    -37.35057    -43.06653    -36.33852    -41.59187     -44.0436
   -44.05512    -43.91244    -43.48536    -45.34002    -42.58136    -40.34063    -46.33615
     -43.166    -43.56293    -40.87155    -40.92066    -42.39356    -44.93786    -39.66147
   -42.84931    -39.14433    -50.19697    -50.20649    -51.23351    -41.90422    -44.54123
    -50.0059    -52.26939    -50.41754    -51.16772    -50.06187    -49.20435    -45.56604
   -48.41949    -49.22232    -47.76068    -48.40305    -48.18363    -46.97123    -47.71002
    -46.1362    -44.21679    -45.47169    -46.09559    -46.59779    -34.41959    -52.67979

-------[ 2022-01-18 23:20:00 ]
## SBS-14 - Part 2' (SBS field 70%): updated 2025/12/19 (EPAF)
bb.sh.adc.timeoffset =
   -43.66708    -44.04389    -42.51329    -44.64612    -39.77535    -39.71442    -44.59682
   -42.25293    -43.65345    -45.00206    -43.21345    -41.52887    -42.98402    -44.90222
   -40.78106    -44.79137    -38.30211    -38.55466    -39.45876    -39.27905    -44.23151
   -43.51199    -38.91476    -45.59127    -39.47798    -54.21837    -52.46248     -41.4301
    -39.7874    -42.00806    -46.17609     -42.8894     -43.0674    -41.60831    -39.42775
   -42.12214    -41.27904    -43.63342     -41.9738    -39.19557    -42.56135    -40.38565
     -41.143    -40.77293    -41.14573    -43.46752    -40.10679     -42.0309    -41.64914
    -45.8017    -40.65269    -42.35751    -48.40743    -40.87835    -41.65863    -41.37209
   -45.19952     -41.1213    -43.82032    -41.65322     -38.7143    -46.82112    -40.92657
   -40.96565    -44.66316    -41.81798    -44.22665    -44.07047    -44.34002    -42.60708
   -42.01784    -43.41077    -39.36306    -43.16004    -41.31826    -42.49017    -44.39881
   -43.11647    -41.63499    -44.19066    -42.25239    -41.24563    -40.65124    -41.01906
    -41.2856    -39.01061    -42.25956    -43.05409    -44.15944    -42.13302    -45.05353
   -42.31974    -41.04152     -40.3431    -42.95179    -42.18168    -37.34681    -42.15319
   -42.22351    -44.78411    -45.47737    -43.25376     -41.9215    -41.86868    -42.48326
   -41.62973    -38.36252    -43.46634    -38.55798    -43.05527     -41.4896    -47.82371
   -44.47082    -42.02779    -38.04289    -41.89699    -44.41413    -39.78063    -45.83305
   -38.58367    -43.04192    -41.31314    -46.51177    -38.62382    -40.15387    -38.86552
   -44.97161    -40.25924    -44.87906    -39.76451    -41.11934    -36.50945    -43.99411
   -42.16126    -43.04851    -41.38421    -44.43981    -42.27621    -44.63043    -42.31342
   -42.54548    -45.87514     -37.4687    -43.09835    -36.52406    -41.44165    -41.16225
   -44.10078    -44.13382    -43.75349    -45.79203     -42.4774    -41.06451     -46.8327
   -43.39165    -43.60311    -41.18562     -40.6925    -42.06434    -44.65076    -41.04613
   -43.10784    -39.52178    -51.88369    -51.77934    -53.14139    -43.39234    -45.65647
   -51.11779    -53.12956    -51.99614    -53.16829    -51.96976    -50.33064    -46.68128
   -49.53137    -50.33421    -49.06561    -50.40363    -50.09151    -48.09752    -48.46343
   -47.24808    -45.32868    -46.58358    -48.09616    -48.50567    -35.54588     -53.4332


-------[ 2022-01-10 22:30:00 ]
## Gain factor for energy calibration using cosmic: GeV/pC
## Asuming trigger amplitudes are aligned to 20mV (Run used : 13137 (cosmic))
bb.sh.adc.gain =
0.00694081 0.00691076 0.00688157 0.00736941 0.00740451 0.00736491 0.00704717
0.00726584 0.00728512 0.0069366 0.00710268 0.00707621 0.00721978 0.00706663
0.00713636 0.00680309 0.00757726 0.00766159 0.00735877 0.00776798 0.00717008
0.00697105 0.00760576 0.00700561 0.00743987 0.00676828 0.00676683 0.00693842
0.00733158 0.00720141 0.00671234 0.00713549 0.00713208 0.00691442 0.0072539
0.00708398 0.00716569 0.00703185 0.00732944 0.00720711 0.00699759 0.00705574
0.00781024 0.00778036 0.00754499 0.00709897 0.00790716 0.00757523 0.00719038
0.00707255 0.00772119 0.00771458 0.00706634 0.00769317 0.00788643 0.00719063
0.00698427 0.00733598 0.00694684 0.00743457 0.00745526 0.00699163 0.00719034
0.00743598 0.00702318 0.00723408 0.00716137 0.00710514 0.00700474 0.00687515
0.00744488 0.00739754 0.00742495 0.0073754 0.00729165 0.00728831 0.00696782
0.00708674 0.00748154 0.00715538 0.00746974 0.00762601 0.00744524 0.00738941
0.00727031 0.00755022 0.00731659 0.00729223 0.00713869 0.00712478 0.00682513
0.00713549 0.00686368 0.00730414 0.00715121 0.00714983 0.00765984 0.00681053
0.0074109 0.00711916 0.00709643 0.00721771 0.0073399 0.00747083 0.00729528
0.00737776 0.00711683 0.00715869 0.00754888 0.00713756 0.00727626 0.00688847
0.00692147 0.00731122 0.00783514 0.00715346 0.00706536 0.00751261 0.00700746
0.00757026 0.00728664 0.00733238 0.00689809 0.00757345 0.00739151 0.00760623
0.00696187 0.00758583 0.00710159 0.0073289 0.007375 0.00758075 0.00719557
0.00720613 0.00711397 0.00743954 0.00723354 0.00724653 0.00717303 0.00697675
0.00676951 0.00687076 0.00737191 0.0069035 0.0077025 0.00696677 0.00680066
0.00696517 0.00701853 0.00698009 0.00694412 0.00705487 0.0072898 0.00668947
0.0070834 0.00691878 0.0071935 0.0072938 0.00734385 0.00705563 0.00709886
0.00711894 0.00727891 0.00661586 0.00673888 0.00673605 0.00677249 0.00674294
0.00682298 0.00667855 0.00677068 0.00663858 0.00692346 0.00679859 0.00687475
0.00667477 0.00692931 0.00681478 0.00692172 0.00669535 0.0068216 0.00673674
0.00682367 0.00686919 0.00666025 0.0067351 0.00675783 0.00675721 0.00657629

# Calibration done with LH2 data for 70% SBS field. SBS-14 Set-1, (Id: 14711-1 / 14712-1)
# Latest on 12/12/2023 for pass2 (elastic cuts). Prev. -> 08/25/2023 (w/o sets)
-------[ 2022-01-11 08:30:00 ]
bb.sh.adc.gain =
0.00682349 0.00704086 0.00702169 0.00746078 0.00725517 0.007196 0.00669568
0.00720874 0.00718929 0.00694081 0.00697069 0.00699149 0.00719829 0.00677725
0.00714703 0.0104745 0.00624779 0.00756314 0.00739783 0.00770841 0.00687772
0.00776836 0.0064539 0.0073292 0.00723011 0.0126562 0.00590835 0.00691246
0.00776975 0.00717181 0.00699249 0.00656576 0.015227 0.00747008 0.00506819
0.00607016 0.00632452 0.0062486 0.00684851 0.00785158 0.0117794 0.0328913
0.00709662 0.00737623 0.00725746 0.00710481 0.00667519 0.00726015 0.011314
0.00734266 0.00642529 0.00614725 0.00627085 0.00661688 0.00697315 0.00513625
0.00593078 0.00775384 0.00706338 0.00704096 0.00723833 0.00729634 0.00532806
0.00673864 0.00690666 0.00573227 0.00632531 0.00754904 0.00696958 0.00498133
0.00685804 0.00679827 0.00653258 0.00661913 0.00680778 0.00718425 0.00705786
0.00620563 0.00746071 0.00741461 0.00626598 0.00689578 0.00655832 0.00640204
0.00538953 0.00754809 0.00643576 0.00628023 0.00664633 0.00670692 0.00766738
0.00610896 0.00778744 0.00672793 0.00701545 0.00675221 0.00757111 0.00194126
0.00748399 0.00569344 0.00657381 0.00593973 0.00604586 0.00566081 0.00577857
0.00381039 0.00589783 0.00555298 0.0075003 0.00574307 0.00644085 0.00501695
0.00508127 0.00678802 0.00629054 0.0070412 0.00674324 0.00751007 0.00487232
0.00774124 0.00634964 0.00647866 0.00554321 0.0055538 0.00758988 0.00301894
0.00586706 0.00597692 0.00624583 0.00600731 0.00690365 0.00584337 0.00723518
0.00535517 0.00667091 0.00572784 0.00674069 0.00580257 0.00613912 0.00627975
0.00501876 0.00676866 0.00602445 0.00561266 0.00695669 0.00715355 0.0122524
0.00699276 0.00136365 0.00160114 0.00654066 0.00363201 0.00377045 0.00663971
0.0071943 0.00703389 0.00718243 0.00724348 0.00726403 0.00701574 0.00694027
0.00723942 0.00740629 0.00659941 0.00667847 0.00664882 0.00690346 0.00669757
0.0067502 0.00665499 0.00666083 0.00659883 0.00676741 0.00668501 0.00664461
0.00664239 0.00683816 0.00671118 0.00685192 0.00662152 0.00671427 0.00645893
0.00671717 0.00674494 0.00658878 0.00664373 0.0066763 0.00666835 0.0065067

# Calibration done with LH2 data for 70% SBS field. SBS-14 Set-2, (Id: 14711-2 / 14712-2)
# Latest on 12/12/2023 for pass2 (elastic cuts). Prev. -> 08/25/2023 (w/o sets)
-------[ 2022-01-16 00:30:00 ]
bb.sh.adc.gain =
0.00682349 0.00704086 0.00702169 0.00746078 0.00725517 0.007196 0.00669568
0.00720874 0.00718929 0.00694081 0.00697069 0.00699149 0.00719829 0.00677725
0.0117263 0.00789213 0.00808106 0.00520957 0.00739783 0.00770841 0.00687772
0.00549039 0.00660376 0.0071582 0.00706021 0.00710831 0.00654538 0.00691246
0.00601054 0.00709275 0.00697286 0.00677227 0.00709244 0.00691222 0.00641942
0.00622235 0.00652038 0.0065377 0.00709713 0.00754602 0.00660213 0.0092222
0.00602401 0.00752049 0.00683366 0.00707771 0.00690003 0.00716907 0.00611103
0.00681082 0.0061873 0.00631703 0.0067666 0.00657884 0.00707921 0.00487326
0.00767661 0.00736948 0.00665449 0.0069418 0.00732771 0.00721486 0.00600149
0.00564306 0.00700433 0.00536634 0.00648908 0.00716057 0.00709346 0.00565125
0.00731108 0.0070878 0.00736862 0.00680535 0.00686081 0.0069189 0.00553564
0.00751537 0.00725541 0.00753609 0.00657396 0.0072522 0.00682267 0.00575125
0.00651653 0.00754199 0.0062866 0.00640776 0.00663953 0.00672355 0.00653016
0.00621546 0.00738645 0.0067685 0.00678924 0.00667133 0.007006 0.00611962
0.00572066 0.00573979 0.00649884 0.00574828 0.00622447 0.0058568 0.00435349
0.00477733 0.00557104 0.00591958 0.00730432 0.00604751 0.00629704 0.00574626
0.00472623 0.00722058 0.0064937 0.00681828 0.00718806 0.00645649 0.00591568
0.00720308 0.00644442 0.00689176 0.00541002 0.00627512 0.00743978 0.00593112
0.00538961 0.00645327 0.00625969 0.00640422 0.0068659 0.00622242 0.00576074
0.00538661 0.00688422 0.00595699 0.00671107 0.00563884 0.00672459 0.00458032
0.00667985 0.00694864 0.00644236 0.00574144 0.00718511 0.0070282 0.00667371
0.00699276 0.00457731 0.00368591 0.00744476 0.00674606 0.00495026 0.00483256
0.0071943 0.00703389 0.00718243 0.00724348 0.00726403 0.00701574 0.00694027
0.00723942 0.00740629 0.00659941 0.00667847 0.00664882 0.00690346 0.00669757
0.0067502 0.00665499 0.00666083 0.00659883 0.00676741 0.00668501 0.00664461
0.00664239 0.00683816 0.00671118 0.00685192 0.00662152 0.00671427 0.00645893
0.00671717 0.00674494 0.00658878 0.00664373 0.0066763 0.00666835 0.0065067

# Calibration done with LH2 data for 0% SBS field. SBS-14, (Id: 14011)
# Latest on 12/12/2023 for pass2. Prev. -> 08/25/2023
-------[ 2022-01-18 19:00:00 ]
bb.sh.adc.gain =
0.00682349 0.00704086 0.00702169 0.00746078 0.00725517 0.007196 0.00669568
0.00720874 0.00718929 0.00694081 0.00697069 0.00699149 0.00719829 0.00677725
0.0161918 0.00688404 0.00620997 0.00637347 0.00739783 0.00770841 0.00687772
0.00564114 0.00624147 0.00714121 0.00697945 0.0109357 0.00330707 0.00691246
0.00620664 0.00700221 0.00635601 0.0067843 0.00639768 0.00676394 0.00705157
0.00591489 0.00634388 0.00630609 0.00692267 0.00681404 0.00601552 0.00687592
0.00553647 0.00752035 0.00647481 0.00670123 0.00673989 0.00726915 0.00448684
0.0062335 0.00607303 0.00628041 0.00672038 0.00702077 0.00724105 0.00816484
0.00678749 0.007188 0.00642333 0.00700269 0.00746834 0.00701259 0.00477528
0.00537114 0.00673753 0.0055439 0.0065373 0.00715623 0.00709965 0.00766337
0.00677117 0.00729102 0.00744048 0.00707435 0.00732169 0.00713076 0.00440629
0.00619881 0.00722358 0.0073775 0.00711852 0.00743924 0.00714278 0.00693463
0.00562299 0.00733639 0.00668019 0.00610199 0.00618044 0.00727514 0.00712032
0.00693301 0.0078995 0.00663922 0.0071275 0.00710179 0.00700368 0.00706851
0.00771767 0.00569055 0.00701003 0.00606492 0.00684926 0.00623293 0.00754695
0.00584818 0.00589747 0.00592515 0.00754434 0.00645266 0.00652908 0.00520601
0.00511552 0.00772594 0.00701186 0.00742836 0.00788154 0.00688308 0.00629863
0.00646681 0.00645008 0.00666293 0.00563781 0.00621492 0.00737167 0.00740804
0.00561545 0.00670855 0.0064262 0.00681316 0.0073693 0.00691081 0.00353762
0.00576575 0.00722428 0.00594337 0.00679295 0.00589568 0.00699451 0.00447973
0.00222196 0.00705592 0.00765951 0.00599143 0.00758834 0.00746232 0.00827953
0.00699276 0.00712874 0.00316027 0.00266496 0.0100169 0.00222862 0.00663971
0.0071943 0.00703389 0.00718243 0.00724348 0.00726403 0.00701574 0.00694027
0.00723942 0.00740629 0.00659941 0.00667847 0.00664882 0.00690346 0.00669757
0.0067502 0.00665499 0.00666083 0.00659883 0.00676741 0.00668501 0.00664461
0.00664239 0.00683816 0.00671118 0.00685192 0.00662152 0.00671427 0.00645893
0.00671717 0.00674494 0.00658878 0.00664373 0.0066763 0.00666835 0.0065067

# Calibration done with LH2 data for 70% SBS field. SBS-14 Set-2, (Id: 14713-2)
# Latest on 12/12/2023 for pass2 (elastic cuts). Prev. -> 08/25/2023 (w/o sets)
-------[ 2022-01-18 23:20:00 ]
bb.sh.adc.gain =
0.00682349 0.00704086 0.00702169 0.00746078 0.00725517 0.007196 0.00669568
0.00720874 0.00718929 0.00694081 0.00697069 0.00699149 0.00719829 0.00677725
0.0117263 0.00789213 0.00808106 0.00520957 0.00739783 0.00770841 0.00687772
0.00549039 0.00660376 0.0071582 0.00706021 0.00710831 0.00654538 0.00691246
0.00601054 0.00709275 0.00697286 0.00677227 0.00709244 0.00691222 0.00641942
0.00622235 0.00652038 0.0065377 0.00709713 0.00754602 0.00660213 0.0092222
0.00602401 0.00752049 0.00683366 0.00707771 0.00690003 0.00716907 0.00611103
0.00681082 0.0061873 0.00631703 0.0067666 0.00657884 0.00707921 0.00487326
0.00767661 0.00736948 0.00665449 0.0069418 0.00732771 0.00721486 0.00600149
0.00564306 0.00700433 0.00536634 0.00648908 0.00716057 0.00709346 0.00565125
0.00731108 0.0070878 0.00736862 0.00680535 0.00686081 0.0069189 0.00553564
0.00751537 0.00725541 0.00753609 0.00657396 0.0072522 0.00682267 0.00575125
0.00651653 0.00754199 0.0062866 0.00640776 0.00663953 0.00672355 0.00653016
0.00621546 0.00738645 0.0067685 0.00678924 0.00667133 0.007006 0.00611962
0.00572066 0.00573979 0.00649884 0.00574828 0.00622447 0.0058568 0.00435349
0.00477733 0.00557104 0.00591958 0.00730432 0.00604751 0.00629704 0.00574626
0.00472623 0.00722058 0.0064937 0.00681828 0.00718806 0.00645649 0.00591568
0.00720308 0.00644442 0.00689176 0.00541002 0.00627512 0.00743978 0.00593112
0.00538961 0.00645327 0.00625969 0.00640422 0.0068659 0.00622242 0.00576074
0.00538661 0.00688422 0.00595699 0.00671107 0.00563884 0.00672459 0.00458032
0.00667985 0.00694864 0.00644236 0.00574144 0.00718511 0.0070282 0.00667371
0.00699276 0.00457731 0.00368591 0.00744476 0.00674606 0.00495026 0.00483256
0.0071943 0.00703389 0.00718243 0.00724348 0.00726403 0.00701574 0.00694027
0.00723942 0.00740629 0.00659941 0.00667847 0.00664882 0.00690346 0.00669757
0.0067502 0.00665499 0.00666083 0.00659883 0.00676741 0.00668501 0.00664461
0.00664239 0.00683816 0.00671118 0.00685192 0.00662152 0.00671427 0.00645893
0.00671717 0.00674494 0.00658878 0.00664373 0.0066763 0.00666835 0.0065067

###############################################################################
###                                 SBS-8                                   ###
###############################################################################

# Configuration Change [SBS-14 -> SBS-8]
-------[ 2022-01-20 07:30:00 ]

bb.sh.emin_clTotal = 0.3

# ADCtime offsets w.r.t TH using all SBS8 LH2 & LD2 data
# Latest on 08/25/2023 for pass2 readiness. https://logbooks.jlab.org/entry/4170774
#bb.sh.adc.timeoffset =
#-43.7091 -41.8586 -41.6874 -36.4857 -37.6756 -37.2418 -42.5455
#-41.0685 -42.46 -43.957 -42.1803 -40.0223 -41.4936 -40.5145
#-42.1162 -46.1916 -39.1753 -39.7633 -40.7368 -40.3605 -43.3884
#-45.3295 -40.8279 -47.5833 -41.2725 -55.3045 -54.1315 -44.0035
#-40.4934 -42.5443 -47.2552 -43.7463 -43.3806 -42.1241 -40.332
#-41.8503 -41.0016 -43.3815 -41.7527 -38.8524 -42.5265 -40.8305
#-40.3834 -40.0935 -40.5453 -42.9594 -39.5781 -41.5908 -41.7094
#-45.913 -40.5981 -42.3938 -48.2648 -40.8854 -42.0104 -42.4346
#-45.4168 -41.2105 -44.294 -41.4854 -38.9993 -46.8611 -42.2751
#-41.9908 -45.3221 -43.2167 -44.9129 -45.1213 -45.0333 -44.1965
#-44.3275 -45.7178 -41.7471 -45.5266 -43.479 -44.6201 -48.3475
#-45.5912 -44.482 -46.7827 -44.8738 -43.955 -42.9828 -44.1277
#-43.517 -41.2848 -44.6419 -45.1764 -46.5559 -44.4878 -47.934
#-43.9343 -42.4484 -41.8244 -44.9296 -43.8496 -39.0181 -44.0696
#-43.8042 -46.8279 -46.9362 -45.0498 -43.6539 -43.6576 -45.2015
#-44.841 -41.4278 -46.3452 -41.5492 -45.9057 -44.3483 -50.3701
#-47.2625 -44.7316 -40.6402 -44.6287 -47.3068 -42.742 -49.0741
#-42.6358 -47.3587 -45.5352 -51.0871 -42.6373 -44.434 -43.1079
#-49.1779 -44.4055 -49.0445 -43.837 -45.4775 -40.738 -47.8259
#-45.9047 -46.5463 -44.7522 -47.7321 -46.0268 -48.2065 -46.1698
#-44.8179 -47.9965 -39.9031 -45.604 -38.8862 -43.7946 -44.7807
#-44.174 -44.423 -43.8856 -46.1563 -43.3685 -41.6373 -47.5623
#-44.0133 -44.2266 -41.8277 -40.9793 -42.9943 -45.0887 -41.669
#-43.6888 -40.7646 -56.9639 -51.9536 -54.0693 -44.0726 -40
#-48.5967 -46.54 -52.2394 -50.7544 -42.25 -40 -40
#-40 -40 -40 -40 -40 -40 -40
#-40 -40 -40 -40 -40 -40 -40

# New ADC time calibration for SBS-8, SBS 70% data 10/9/2025 (new default values):
#bb.sh.adc.timeoffset =
#-45.531345	-42.981261	-42.6370015	-37.2661706	-38.865104	-38.1630209	-43.559024
#-40.8960634	-42.3413418	-43.7973748	-41.9168645	-40.1255726	-41.681294	-40.0699714
#-39.407937	-43.728912	-36.709537	-37.081283	-38.192384	-37.636846	-40.718762
#-42.130821	-37.600898	-44.38233	-38.00352	-54.293174	-51.725967	-40.910274
#-38.3097	-40.466717	-45.291726	-41.614185	-41.642051	-40.416586	-38.370444
#-40.9280463	-40.0641824	-42.5349423	-40.8898533	-38.1509959	-41.489847	-39.9038115
#-39.5304257	-39.1905596	-39.7174813	-42.2087456	-38.572901	-40.7468965	-40.272568
#-44.827383	-39.160708	-41.103384	-47.3118057	-39.475907	-40.497912	-41.149095
#-44.053696	-39.868614	-43.010235	-40.194803	-37.710142	-45.726447	-40.745598
#-39.765507	-43.450903	-40.945447	-43.031225	-43.273013	-43.070113	-42.216989
#-40.706828	-42.224806	-38.147233	-42.039494	-39.845761	-41.135267	-45.523642
#-41.726885	-40.591261	-43.115023	-40.965472	-40.080178	-39.164734	-41.923338
#-39.855024	-37.723286	-41.148175	-41.724921	-43.312703	-41.026615	-44.765759
#-41.054336	-40.003251	-39.068602	-42.293214	-41.106751	-36.09635	-41.200236
#-40.692846	-44.09603	-44.078442	-42.122945	-40.570899	-40.572263	-43.643081
#-40.607204	-37.050823	-42.115795	-37.193928	-41.715924	-40.138892	-47.533115
#-43.272988	-40.863236	-36.509421	-40.790702	-43.515956	-38.660807	-45.525452
#-36.966603	-42.135796	-40.066599	-46.037314	-37.022263	-39.137195	-38.27031
#-43.767238	-38.821453	-43.768568	-38.323703	-39.955393	-35.075334	-42.705835
#-40.931425	-41.749216	-39.832843	-43.157143	-41.117752	-43.463337	-41.341588
#-41.012792	-44.607401	-36.001189	-42.16336	-35.284346	-40.233151	-41.591274
#-42.582283	-42.936879	-42.292528	-44.663703	-41.373992	-39.554846	-46.488077
#-42.120494	-42.50876	-39.919955	-38.737581	-41.30156	-43.138659	-40.044444
#-41.500193	-37.935698	-53.033671	-51.6329118	-51.616659	-43.4181923	-39.3455923
#-48.496697	-46.1419995	-52.6559495	-50.81338158	-40.971344	-39.3455923	-39.3455923
#-39.899997	-39.6019995	-40.4165495	-40.05898158	-38.721344	-39.3455923	-39.3455923
#-39.899997	-39.6019995	-40.4165495	-40.05898158	-38.721344	-39.3455923	-39.3455923

# recalibration SBS8, SBS 70% field, 12/27/2025:
bb.sh.adc.timeoffset =
   -45.55029    -43.02114    -42.73398     -37.4872    -38.94134    -38.20102     -43.9195
   -40.92207    -42.35084    -43.83835    -41.94773    -40.16413    -41.70999    -40.12424
   -39.39862    -43.72064    -36.67836    -37.10537    -38.23083    -37.67273    -40.70084
   -42.14526    -37.61149    -44.41613    -38.01076    -54.22159    -51.51267    -40.84774
    -38.3177    -40.46626    -45.29673    -41.60591    -41.65807    -40.43085     -38.3537
   -40.95875    -40.06522     -42.5363    -40.90672    -38.16079    -41.49989    -39.90291
   -39.56592    -39.23425    -39.73343    -42.18872    -38.60871    -40.76282    -40.29544
   -44.77776      -39.186     -41.1134     -47.3267     -39.4776    -40.48746    -41.15733
    -44.0426     -39.8612    -42.99126    -40.17924    -37.71084     -45.7293    -40.71688
   -39.78939    -43.46048    -40.96049    -43.05174    -43.26832    -43.02475     -42.1988
   -40.77886    -42.26315     -38.1988    -42.09116    -39.87308    -41.15574    -45.51384
   -41.73654    -40.62203    -43.11722    -41.00699    -40.10657    -39.19489    -41.88091
   -39.92725     -37.7654    -41.20423    -41.76958    -43.30727    -41.03851    -44.71155
   -41.11455    -40.00453    -39.08455    -42.25267    -41.11762    -36.13446    -41.23222
   -40.73634    -44.08749    -44.09744    -42.14616    -40.59551    -40.61017    -43.65753
   -40.68305     -37.1221    -42.16756    -37.23946    -41.73497    -40.15511    -47.42684
   -43.28144    -40.88928    -36.54854    -40.76352    -43.49806    -38.66878    -45.55034
   -37.01412    -42.12276    -40.11004     -45.9549    -37.05673    -39.13188    -38.27916
   -43.79554    -38.86628     -43.7465    -38.36297     -40.0246    -35.16487    -42.68775
   -40.97316     -41.7823    -39.88025    -43.12215    -41.15072      -43.496      -41.334
   -41.00236    -44.59713    -36.05363    -42.16293    -35.28722    -40.23174    -41.45655
   -42.56018    -42.93528    -42.29499    -44.69369    -41.39502    -39.56557    -46.72497
   -42.03224    -42.43783    -39.90815    -38.73698    -41.22995    -42.90932    -40.13505
   -41.67661    -38.38188    -52.78711     -52.0441    -51.82876    -44.51006    -39.62736
   -49.92959    -47.98972    -54.92316     -52.7709    -42.92886    -40.43746    -39.62736
   -41.33289    -41.44972    -42.68376     -42.0165    -40.67886    -41.30311    -39.62736
   -41.33289    -41.44972    -42.68376     -42.0165    -40.67886    -41.30311    -39.62736

# Calibration done with LH2 data for 0% SBS field. SBS-8, (Id: 8001)
# These parameters will be used for zero field (BB OFF + SBS OFF) optics
# run, 13435. Since, we don't have calibration parameters for such magnet settings
# it seems the best to use the paramters from BB ON + SBS OFF settings.
# Latest on 12/12/2023 for pass2 (elastic cuts). Prev. -> 08/25/2023
-------[ 2022-01-21 18:30:00 ]
bb.sh.adc.gain =
0.00781955 0.0126522 0.0124992 0.03144 0.011681 0.0107021 0.0132648
0.00439654 0.00749675 0.00483288 0.00597903 0.00591665 0.00662586 0.0117638
0.0116079 0.013759 0.0114488 0.0120757 0.0123873 0.011643 0.0113708
0.0115598 0.0108979 0.0130492 0.0118308 0.0131502 0.0139148 0.0120465
0.0109446 0.0122938 0.0115468 0.0120969 0.0131197 0.0125362 0.0110192
0.0105312 0.0122682 0.011805 0.0129648 0.0132603 0.0119964 0.011079
0.0114097 0.0135973 0.0113311 0.0122504 0.0122092 0.0130742 0.0112913
0.0112874 0.0106734 0.0105214 0.0120064 0.01202 0.0132918 0.0102614
0.0123887 0.0135159 0.0115816 0.0131622 0.0137259 0.014001 0.0121487
0.00938486 0.01264 0.00968185 0.0119263 0.0133737 0.013369 0.0116643
0.0118115 0.0120091 0.012522 0.0122314 0.012924 0.0128215 0.0101761
0.0121179 0.0125338 0.0134781 0.0117022 0.0131474 0.0122799 0.0109558
0.0112692 0.0136692 0.0109203 0.010425 0.0117311 0.0131708 0.0107699
0.0118793 0.0119905 0.0113773 0.0125247 0.0119444 0.0126567 0.0106526
0.0100178 0.0104865 0.011928 0.0105065 0.0117061 0.0102171 0.00926602
0.00642108 0.010944 0.0106835 0.0134804 0.0109704 0.0112156 0.00949134
0.0092371 0.00767173 0.010953 0.0124627 0.0134545 0.0120736 0.0109897
0.0105279 0.0117268 0.0115323 0.00893113 0.0174401 0.0238978 0.0106552
0.0101003 0.0106648 0.0108729 0.0113118 0.0121901 0.0109369 0.0104081
0.00789835 0.0110095 0.010298 0.00979752 0.00951077 0.0110299 0.00834922
0.00330491 0.0058717 0.00514233 0.00666383 0.00905167 0.00780571 0.0143466
0.0141255 0.0143345 0.0149993 0.0143575 0.0142924 0.0146007 0.0137539
0.0145789 0.0144577 0.0146451 0.0143839 0.0147011 0.014244 0.0143272
0.0145747 0.0149814 0.0135397 0.0138072 0.0137914 0.0139706 0.0138463
0.0139226 0.0137904 0.0137101 0.013673 0.0136015 0.0136858 0.0134505
0.0138674 0.0138342 0.0139023 0.0141331 0.0137059 0.0138584 0.013422
0.0140334 0.0141565 0.013895 0.0139223 0.0138189 0.0139237 0.0135934

# New ADC time calibration for SBS-8, SBS 0% data 12/27/2025
bb.sh.adc.timeoffset =
   -44.61379    -45.44273    -44.36478    -38.89116    -39.35279    -39.18785    -47.58161
   -41.18735    -42.67811    -44.11875    -42.06163    -40.02794    -40.72686    -40.42934
   -39.62095    -43.61901    -36.64347    -37.29936    -38.00898    -37.88297    -40.44605
   -42.62127    -37.11617    -44.71002    -37.78789    -50.95663     -54.4411    -39.96106
   -38.38523    -40.17853     -48.9931    -42.37189    -41.63384    -40.21667    -38.32586
   -40.87878    -40.25959     -42.5004    -40.86975    -37.29917    -42.08995    -39.69414
   -39.53237    -39.79663    -39.89828    -42.93949    -38.78781    -40.78951    -43.09416
   -44.81569    -39.20611     -41.0163    -47.43215    -39.80783     -41.6766    -41.47076
   -44.40177    -39.48734    -42.88423    -40.27752    -37.27944    -45.94438    -40.55041
   -39.79272    -43.29528     -41.4986    -43.16477     -43.1196    -42.94784    -42.78768
   -40.72109    -42.06312    -37.77391    -42.18544    -40.41456    -41.00882    -44.75588
    -41.7245    -40.44057    -43.08679    -41.21195    -40.17057    -39.27193    -38.49124
   -40.08289    -37.72715    -41.30657    -41.73245    -43.02318    -41.33362    -45.48083
   -41.46555    -39.65171    -38.98112    -42.35199    -41.03873    -36.07673    -41.98417
   -41.05247    -43.76014    -44.20734    -41.94892    -40.86514    -40.56106    -40.26326
   -40.28604    -37.15858    -42.27032    -37.24605    -41.76935    -39.94415    -45.35566
   -43.31281    -40.95026    -36.72915    -40.68308    -43.42563    -38.59572    -44.37887
   -37.75888    -42.10423    -39.95868    -45.44701    -37.07271    -39.33778    -36.33571
   -43.94839     -38.9735    -43.64813    -38.33681    -40.22138     -35.0655    -41.38774
   -40.69184    -41.90983    -39.87694    -43.16515    -40.87607    -43.51453    -40.72926
   -41.15062    -44.56841    -35.89041    -41.65619    -34.95815    -40.46313    -41.84382
   -42.87639    -42.74176    -42.18536    -44.46894    -41.22639    -39.52865    -44.96188
   -41.68785     -42.4545     -39.4206    -39.37062    -40.90862    -43.47522    -38.28779
   -41.96189    -37.85055    -49.75199    -49.02013    -50.43956    -43.09132    -37.17742
   -48.61197    -45.96657    -53.54645     -50.5965    -41.04309    -39.01872    -39.01872
   -40.01527    -39.42657    -41.30705     -39.8421    -38.79309    -39.01872    -39.01872
   -40.01527    -39.42657    -41.30705     -39.8421    -38.79309    -39.01872    -39.01872



# Calibration done with LH2 data for 70% SBS field. SBS-8 Set-1, (Id: 8711-1)
# Latest on 12/12/2023 for pass2 (elastic cuts). Prev. -> 08/25/2023
-------[ 2022-01-21 21:50:00 ]
bb.sh.adc.gain =
0.00897946 0.0121536 0.0135405 0.0276162 0.0122182 0.00778994 0.0132648
0.0112926 0.0108118 0.0069751 0.00649004 0.0133914 0.0126012 0.0123739
0.0122502 0.0138286 0.0119178 0.012409 0.0131269 0.0116203 0.0112511
0.0122475 0.0122058 0.013557 0.0121686 0.0122194 0.0171438 0.0118272
0.0119958 0.0124215 0.0133689 0.0123042 0.0134151 0.0129548 0.0138603
0.0107527 0.0125889 0.012107 0.0131869 0.0142131 0.0130897 0.0107139
0.0115649 0.0137382 0.0126751 0.0130525 0.0124328 0.0131166 0.0118264
0.0120335 0.010815 0.01121 0.0124298 0.0123606 0.0133399 0.0110133
0.0130481 0.0139552 0.0131008 0.0127828 0.0138714 0.0138125 0.0121184
0.0100919 0.0129599 0.0102774 0.0119499 0.014434 0.0129825 0.0116555
0.0123278 0.0120593 0.0128151 0.0123872 0.0128641 0.0127435 0.0108855
0.011937 0.0129961 0.0135746 0.0113421 0.0130075 0.0124947 0.0122764
0.011024 0.0140354 0.0110273 0.0103838 0.0126236 0.0132809 0.0123379
0.0115458 0.013714 0.0116924 0.012861 0.0121913 0.0133106 0.0114095
0.00924817 0.0120196 0.0117296 0.0109423 0.0111498 0.0104137 0.0106366
0.00978786 0.0105981 0.010826 0.0129669 0.01096 0.011315 0.010314
0.0096707 0.013031 0.0107022 0.0124394 0.0137286 0.0126635 0.0106421
0.0105001 0.0124985 0.0115959 0.0111207 0.0103591 0.013803 0.0114344
0.0109516 0.0111448 0.0118156 0.012047 0.0125851 0.0117221 0.0109046
0.00795276 0.0130499 0.0105928 0.0125343 0.0110677 0.0137812 0.00968864
0.00330491 0.00624463 0.00487926 0.0143865 0.0190218 0.00780571 0.0143466
0.0141255 0.0143345 0.0154155 0.0143575 0.0142924 0.0146007 0.0137539
0.0145789 0.0144577 0.0146451 0.0143839 0.0147011 0.014244 0.0143272
0.0145747 0.0149814 0.0135397 0.0138072 0.0137914 0.0139706 0.0138463
0.0139226 0.0137904 0.0137101 0.013673 0.0136015 0.0136858 0.0134505
0.0138674 0.0138342 0.0139023 0.0141331 0.0137059 0.0138584 0.013422
0.0140334 0.0141565 0.013895 0.0139223 0.0138189 0.0139237 0.0135934

# recalibration SBS8, SBS 70% field, 12/27/2025:
bb.sh.adc.timeoffset =
   -45.55029    -43.02114    -42.73398     -37.4872    -38.94134    -38.20102     -43.9195
   -40.92207    -42.35084    -43.83835    -41.94773    -40.16413    -41.70999    -40.12424
   -39.39862    -43.72064    -36.67836    -37.10537    -38.23083    -37.67273    -40.70084
   -42.14526    -37.61149    -44.41613    -38.01076    -54.22159    -51.51267    -40.84774
    -38.3177    -40.46626    -45.29673    -41.60591    -41.65807    -40.43085     -38.3537
   -40.95875    -40.06522     -42.5363    -40.90672    -38.16079    -41.49989    -39.90291
   -39.56592    -39.23425    -39.73343    -42.18872    -38.60871    -40.76282    -40.29544
   -44.77776      -39.186     -41.1134     -47.3267     -39.4776    -40.48746    -41.15733
    -44.0426     -39.8612    -42.99126    -40.17924    -37.71084     -45.7293    -40.71688
   -39.78939    -43.46048    -40.96049    -43.05174    -43.26832    -43.02475     -42.1988
   -40.77886    -42.26315     -38.1988    -42.09116    -39.87308    -41.15574    -45.51384
   -41.73654    -40.62203    -43.11722    -41.00699    -40.10657    -39.19489    -41.88091
   -39.92725     -37.7654    -41.20423    -41.76958    -43.30727    -41.03851    -44.71155
   -41.11455    -40.00453    -39.08455    -42.25267    -41.11762    -36.13446    -41.23222
   -40.73634    -44.08749    -44.09744    -42.14616    -40.59551    -40.61017    -43.65753
   -40.68305     -37.1221    -42.16756    -37.23946    -41.73497    -40.15511    -47.42684
   -43.28144    -40.88928    -36.54854    -40.76352    -43.49806    -38.66878    -45.55034
   -37.01412    -42.12276    -40.11004     -45.9549    -37.05673    -39.13188    -38.27916
   -43.79554    -38.86628     -43.7465    -38.36297     -40.0246    -35.16487    -42.68775
   -40.97316     -41.7823    -39.88025    -43.12215    -41.15072      -43.496      -41.334
   -41.00236    -44.59713    -36.05363    -42.16293    -35.28722    -40.23174    -41.45655
   -42.56018    -42.93528    -42.29499    -44.69369    -41.39502    -39.56557    -46.72497
   -42.03224    -42.43783    -39.90815    -38.73698    -41.22995    -42.90932    -40.13505
   -41.67661    -38.38188    -52.78711     -52.0441    -51.82876    -44.51006    -39.62736
   -49.92959    -47.98972    -54.92316     -52.7709    -42.92886    -40.43746    -39.62736
   -41.33289    -41.44972    -42.68376     -42.0165    -40.67886    -41.30311    -39.62736
   -41.33289    -41.44972    -42.68376     -42.0165    -40.67886    -41.30311    -39.62736

# Calibration done with LH2 data for 0% SBS field. SBS-8, (Id: 8011)
# Latest on 12/12/2023 for pass2 (elastic cuts). Prev. -> 08/25/2023
-------[ 2022-01-22 16:40:00 ]
bb.sh.adc.gain =
00.00781955 0.0126522 0.0124992 0.03144 0.011681 0.0107021 0.0132648
0.00439654 0.00749675 0.00483288 0.00597903 0.00591665 0.00662586 0.0117638
0.0116079 0.013759 0.0114488 0.0120757 0.0123873 0.011643 0.0113708
0.0115598 0.0108979 0.0130492 0.0118308 0.0131502 0.0139148 0.0120465
0.0109446 0.0122938 0.0115468 0.0120969 0.0131197 0.0125362 0.0110192
0.0105312 0.0122682 0.011805 0.0129648 0.0132603 0.0119964 0.011079
0.0114097 0.0135973 0.0113311 0.0122504 0.0122092 0.0130742 0.0112913
0.0112874 0.0106734 0.0105214 0.0120064 0.01202 0.0132918 0.0102614
0.0123887 0.0135159 0.0115816 0.0131622 0.0137259 0.014001 0.0121487
0.00938486 0.01264 0.00968185 0.0119263 0.0133737 0.013369 0.0116643
0.0118115 0.0120091 0.012522 0.0122314 0.012924 0.0128215 0.0101761
0.0121179 0.0125338 0.0134781 0.0117022 0.0131474 0.0122799 0.0109558
0.0112692 0.0136692 0.0109203 0.010425 0.0117311 0.0131708 0.0107699
0.0118793 0.0119905 0.0113773 0.0125247 0.0119444 0.0126567 0.0106526
0.0100178 0.0104865 0.011928 0.0105065 0.0117061 0.0102171 0.00926602
0.00642108 0.010944 0.0106835 0.0134804 0.0109704 0.0112156 0.00949134
0.0092371 0.00767173 0.010953 0.0124627 0.0134545 0.0120736 0.0109897
0.0105279 0.0117268 0.0115323 0.00893113 0.0174401 0.0238978 0.0106552
0.0101003 0.0106648 0.0108729 0.0113118 0.0121901 0.0109369 0.0104081
0.00789835 0.0110095 0.010298 0.00979752 0.00951077 0.0110299 0.00834922
0.00330491 0.0058717 0.00514233 0.00666383 0.00905167 0.00780571 0.0143466
0.0141255 0.0143345 0.0149993 0.0143575 0.0142924 0.0146007 0.0137539
0.0145789 0.0144577 0.0146451 0.0143839 0.0147011 0.014244 0.0143272
0.0145747 0.0149814 0.0135397 0.0138072 0.0137914 0.0139706 0.0138463
0.0139226 0.0137904 0.0137101 0.013673 0.0136015 0.0136858 0.0134505
0.0138674 0.0138342 0.0139023 0.0141331 0.0137059 0.0138584 0.013422
0.0140334 0.0141565 0.013895 0.0139223 0.0138189 0.0139237 0.0135934

# New ADC time calibration for SBS-8, SBS 0% data 12/27/2025
bb.sh.adc.timeoffset =
   -44.61379    -45.44273    -44.36478    -38.89116    -39.35279    -39.18785    -47.58161
   -41.18735    -42.67811    -44.11875    -42.06163    -40.02794    -40.72686    -40.42934
   -39.62095    -43.61901    -36.64347    -37.29936    -38.00898    -37.88297    -40.44605
   -42.62127    -37.11617    -44.71002    -37.78789    -50.95663     -54.4411    -39.96106
   -38.38523    -40.17853     -48.9931    -42.37189    -41.63384    -40.21667    -38.32586
   -40.87878    -40.25959     -42.5004    -40.86975    -37.29917    -42.08995    -39.69414
   -39.53237    -39.79663    -39.89828    -42.93949    -38.78781    -40.78951    -43.09416
   -44.81569    -39.20611     -41.0163    -47.43215    -39.80783     -41.6766    -41.47076
   -44.40177    -39.48734    -42.88423    -40.27752    -37.27944    -45.94438    -40.55041
   -39.79272    -43.29528     -41.4986    -43.16477     -43.1196    -42.94784    -42.78768
   -40.72109    -42.06312    -37.77391    -42.18544    -40.41456    -41.00882    -44.75588
    -41.7245    -40.44057    -43.08679    -41.21195    -40.17057    -39.27193    -38.49124
   -40.08289    -37.72715    -41.30657    -41.73245    -43.02318    -41.33362    -45.48083
   -41.46555    -39.65171    -38.98112    -42.35199    -41.03873    -36.07673    -41.98417
   -41.05247    -43.76014    -44.20734    -41.94892    -40.86514    -40.56106    -40.26326
   -40.28604    -37.15858    -42.27032    -37.24605    -41.76935    -39.94415    -45.35566
   -43.31281    -40.95026    -36.72915    -40.68308    -43.42563    -38.59572    -44.37887
   -37.75888    -42.10423    -39.95868    -45.44701    -37.07271    -39.33778    -36.33571
   -43.94839     -38.9735    -43.64813    -38.33681    -40.22138     -35.0655    -41.38774
   -40.69184    -41.90983    -39.87694    -43.16515    -40.87607    -43.51453    -40.72926
   -41.15062    -44.56841    -35.89041    -41.65619    -34.95815    -40.46313    -41.84382
   -42.87639    -42.74176    -42.18536    -44.46894    -41.22639    -39.52865    -44.96188
   -41.68785     -42.4545     -39.4206    -39.37062    -40.90862    -43.47522    -38.28779
   -41.96189    -37.85055    -49.75199    -49.02013    -50.43956    -43.09132    -37.17742
   -48.61197    -45.96657    -53.54645     -50.5965    -41.04309    -39.01872    -39.01872
   -40.01527    -39.42657    -41.30705     -39.8421    -38.79309    -39.01872    -39.01872
   -40.01527    -39.42657    -41.30705     -39.8421    -38.79309    -39.01872    -39.01872



# Calibration done with LH2 data for 70% SBS field. SBS-8 Set-1, (Id: 8712-1)
# Latest on 12/12/2023 for pass2 (elastic cuts). Prev. -> 08/25/2023
-------[ 2022-01-23 15:20:00 ]
bb.sh.adc.gain =
0.00897946 0.0121536 0.0135405 0.0276162 0.0122182 0.00778994 0.0132648
0.0112926 0.0108118 0.0069751 0.00649004 0.0133914 0.0126012 0.0123739
0.0122502 0.0138286 0.0119178 0.012409 0.0131269 0.0116203 0.0112511
0.0122475 0.0122058 0.013557 0.0121686 0.0122194 0.0171438 0.0118272
0.0119958 0.0124215 0.0133689 0.0123042 0.0134151 0.0129548 0.0138603
0.0107527 0.0125889 0.012107 0.0131869 0.0142131 0.0130897 0.0107139
0.0115649 0.0137382 0.0126751 0.0130525 0.0124328 0.0131166 0.0118264
0.0120335 0.010815 0.01121 0.0124298 0.0123606 0.0133399 0.0110133
0.0130481 0.0139552 0.0131008 0.0127828 0.0138714 0.0138125 0.0121184
0.0100919 0.0129599 0.0102774 0.0119499 0.014434 0.0129825 0.0116555
0.0123278 0.0120593 0.0128151 0.0123872 0.0128641 0.0127435 0.0108855
0.011937 0.0129961 0.0135746 0.0113421 0.0130075 0.0124947 0.0122764
0.011024 0.0140354 0.0110273 0.0103838 0.0126236 0.0132809 0.0123379
0.0115458 0.013714 0.0116924 0.012861 0.0121913 0.0133106 0.0114095
0.00924817 0.0120196 0.0117296 0.0109423 0.0111498 0.0104137 0.0106366
0.00978786 0.0105981 0.010826 0.0129669 0.01096 0.011315 0.010314
0.0096707 0.013031 0.0107022 0.0124394 0.0137286 0.0126635 0.0106421
0.0105001 0.0124985 0.0115959 0.0111207 0.0103591 0.013803 0.0114344
0.0109516 0.0111448 0.0118156 0.012047 0.0125851 0.0117221 0.0109046
0.00795276 0.0130499 0.0105928 0.0125343 0.0110677 0.0137812 0.00968864
0.00330491 0.00624463 0.00487926 0.0143865 0.0190218 0.00780571 0.0143466
0.0141255 0.0143345 0.0154155 0.0143575 0.0142924 0.0146007 0.0137539
0.0145789 0.0144577 0.0146451 0.0143839 0.0147011 0.014244 0.0143272
0.0145747 0.0149814 0.0135397 0.0138072 0.0137914 0.0139706 0.0138463
0.0139226 0.0137904 0.0137101 0.013673 0.0136015 0.0136858 0.0134505
0.0138674 0.0138342 0.0139023 0.0141331 0.0137059 0.0138584 0.013422
0.0140334 0.0141565 0.013895 0.0139223 0.0138189 0.0139237 0.0135934

# New ADC time calibration for SBS-8, SBS 70% data 12/27/2025 (new default values):
bb.sh.adc.timeoffset =
   -45.55029    -43.02114    -42.73398     -37.4872    -38.94134    -38.20102     -43.9195
   -40.92207    -42.35084    -43.83835    -41.94773    -40.16413    -41.70999    -40.12424
   -39.39862    -43.72064    -36.67836    -37.10537    -38.23083    -37.67273    -40.70084
   -42.14526    -37.61149    -44.41613    -38.01076    -54.22159    -51.51267    -40.84774
    -38.3177    -40.46626    -45.29673    -41.60591    -41.65807    -40.43085     -38.3537
   -40.95875    -40.06522     -42.5363    -40.90672    -38.16079    -41.49989    -39.90291
   -39.56592    -39.23425    -39.73343    -42.18872    -38.60871    -40.76282    -40.29544
   -44.77776      -39.186     -41.1134     -47.3267     -39.4776    -40.48746    -41.15733
    -44.0426     -39.8612    -42.99126    -40.17924    -37.71084     -45.7293    -40.71688
   -39.78939    -43.46048    -40.96049    -43.05174    -43.26832    -43.02475     -42.1988
   -40.77886    -42.26315     -38.1988    -42.09116    -39.87308    -41.15574    -45.51384
   -41.73654    -40.62203    -43.11722    -41.00699    -40.10657    -39.19489    -41.88091
   -39.92725     -37.7654    -41.20423    -41.76958    -43.30727    -41.03851    -44.71155
   -41.11455    -40.00453    -39.08455    -42.25267    -41.11762    -36.13446    -41.23222
   -40.73634    -44.08749    -44.09744    -42.14616    -40.59551    -40.61017    -43.65753
   -40.68305     -37.1221    -42.16756    -37.23946    -41.73497    -40.15511    -47.42684
   -43.28144    -40.88928    -36.54854    -40.76352    -43.49806    -38.66878    -45.55034
   -37.01412    -42.12276    -40.11004     -45.9549    -37.05673    -39.13188    -38.27916
   -43.79554    -38.86628     -43.7465    -38.36297     -40.0246    -35.16487    -42.68775
   -40.97316     -41.7823    -39.88025    -43.12215    -41.15072      -43.496      -41.334
   -41.00236    -44.59713    -36.05363    -42.16293    -35.28722    -40.23174    -41.45655
   -42.56018    -42.93528    -42.29499    -44.69369    -41.39502    -39.56557    -46.72497
   -42.03224    -42.43783    -39.90815    -38.73698    -41.22995    -42.90932    -40.13505
   -41.67661    -38.38188    -52.78711     -52.0441    -51.82876    -44.51006    -39.62736
   -49.92959    -47.98972    -54.92316     -52.7709    -42.92886    -40.43746    -39.62736
   -41.33289    -41.44972    -42.68376     -42.0165    -40.67886    -41.30311    -39.62736
   -41.33289    -41.44972    -42.68376     -42.0165    -40.67886    -41.30311    -39.62736



# Calibration done with LH2 data for 70% SBS field. SBS-8 Set-2, (Id: 8712-2) **
# This is where the shift in E/p vs run number plot happens.
# See https://logbooks.jlab.org/entry/4135857
# Latest on 12/12/2023 for pass2 (elastic cuts). Prev. -> 08/25/2023
-------[ 2022-01-24 14:00:00 ]
bb.sh.adc.gain =
0.00897946 0.0121536 0.0135405 0.0276162 0.0122182 0.00778994 0.0132648
0.0114479 0.00779263 0.00690426 0.00631327 0.0133914 0.0126012 0.0123739
0.0111429 0.0136387 0.0118175 0.0124168 0.0130581 0.0121244 0.0112511
0.0116638 0.0120221 0.0129914 0.0124519 0.0127114 0.0134836 0.0118272
0.0116652 0.0128558 0.0133541 0.0123052 0.0132827 0.0128411 0.0133029
0.0107698 0.012551 0.0119813 0.0129617 0.0150279 0.0128251 0.0108152
0.011282 0.0132758 0.011924 0.0129683 0.0123487 0.0127568 0.011713
0.0121168 0.0108517 0.0112485 0.0125517 0.0118947 0.0124208 0.0107951
0.0122587 0.0138867 0.0129343 0.0128588 0.0138903 0.0136193 0.0123044
0.00988554 0.0131471 0.00991551 0.011868 0.0141636 0.0131303 0.0115635
0.0121784 0.0119784 0.0131953 0.0122587 0.0127386 0.0126727 0.0113162
0.0123366 0.0131691 0.0137722 0.0111735 0.0128696 0.012644 0.0121084
0.0108722 0.0142599 0.0110733 0.0101218 0.0128089 0.0133373 0.0121684
0.0113757 0.0138302 0.0116883 0.0127162 0.0123856 0.0133148 0.0119285
0.00928265 0.0122991 0.0118361 0.0111214 0.0112653 0.0105633 0.0103265
0.00953576 0.0108197 0.0108611 0.0130551 0.011135 0.011484 0.0101923
0.00992984 0.0131295 0.0106612 0.0127359 0.0137874 0.0127629 0.0108261
0.0100639 0.0126541 0.012053 0.0111422 0.0106424 0.0138283 0.011943
0.00988928 0.0109633 0.0116772 0.0122828 0.0123947 0.0118973 0.010938
0.0109778 0.0128488 0.0108234 0.0130845 0.0113993 0.0129708 0.011653
0.00330491 0.0160814 0.013972 0.0147349 0.0172882 0.0165693 0.0143466
0.0141255 0.0143345 0.0154155 0.0143575 0.0142924 0.0146007 0.0137539
0.0145789 0.0144577 0.0146451 0.0143839 0.0147011 0.014244 0.0143272
0.0145747 0.0149814 0.0135397 0.0138072 0.0137914 0.0139706 0.0138463
0.0139226 0.0137904 0.0137101 0.013673 0.0136015 0.0136858 0.0134505
0.0138674 0.0138342 0.0139023 0.0141331 0.0137059 0.0138584 0.013422
0.0140334 0.0141565 0.013895 0.0139223 0.0138189 0.0139237 0.0135934

# Calibration done with LH2 data for 100% SBS field. SBS-8, (Id: 8111)
# Latest on 12/12/2023 for pass2 (elastic cuts). Prev. -> 08/25/2023
-------[ 2022-01-25 07:50:00 ]
bb.sh.adc.gain =
0.0102595 0.0133533 0.0160773 0.0323231 0.0144287 0.0134914 0.0132648
0.0100428 0.0128845 0.01261266 0.00325519 0.00799518 0.0126671 0.0136774
0.01136 0.0137464 0.0108239 0.0125099 0.0124747 0.0125445 0.0123535
0.0117795 0.0117021 0.0135371 0.0122076 0.0135875 0.0132888 0.014215
0.0120851 0.0123032 0.0138682 0.0121497 0.0131598 0.0129885 0.0121729
0.0109728 0.0124708 0.0116551 0.0133714 0.013738 0.0134194 0.0117679
0.0110532 0.0127834 0.0119037 0.0123627 0.0119413 0.0130724 0.0117421
0.01208 0.0106473 0.0109476 0.0125659 0.0121383 0.0139254 0.0112782
0.0129024 0.0134141 0.0134172 0.0125123 0.0142123 0.0138099 0.0128914
0.0101178 0.0133126 0.0114078 0.0116967 0.0141287 0.0130307 0.0122415
0.0123666 0.011868 0.0122441 0.0119816 0.0124562 0.0129131 0.0120664
0.0116472 0.0130597 0.013166 0.0115201 0.013341 0.0121303 0.0119379
0.0106128 0.013972 0.0109933 0.0105751 0.0129202 0.0131447 0.0123973
0.0113753 0.0115392 0.0113919 0.0131759 0.0122523 0.0134857 0.0116709
0.00994917 0.0121768 0.0114724 0.0115888 0.0116492 0.0111603 0.0102788
0.00989506 0.0108632 0.0110938 0.0136976 0.0111476 0.011521 0.0106222
0.00999135 0.0127802 0.0107669 0.0123341 0.013649 0.0126934 0.0102413
0.0102978 0.0125952 0.0117357 0.0115582 0.0107378 0.0134806 0.0115281
0.0100547 0.0114451 0.0127583 0.0119186 0.0129124 0.0115779 0.0101834
0.00934579 0.0127444 0.0112862 0.0131694 0.011497 0.0128984 0.0103433
0.0101843 0.0135451 0.0129406 0.0133932 0.0149615 0.0145206 0.0115929
0.0141255 0.0143345 0.0149993 0.0143575 0.0142924 0.0146007 0.0137539
0.0145789 0.0144577 0.0146451 0.0143839 0.0147011 0.014244 0.0143272
0.0145747 0.0149814 0.0135397 0.0138072 0.0137914 0.0139706 0.0138463
0.0139226 0.0137904 0.0137101 0.013673 0.0136015 0.0136858 0.0134505
0.0138674 0.0138342 0.0139023 0.0141331 0.0137059 0.0138584 0.013422
0.0140334 0.0141565 0.013895 0.0139223 0.0138189 0.0139237 0.0135934

# New ADC time calibration for SBS-8, SBS 100% data 12/27/2025:
bb.sh.adc.timeoffset =
   -51.81304    -48.82294    -45.28962    -44.16171    -44.04451    -43.35146    -48.68327
   -44.85259    -45.25485    -45.60264    -43.33417    -41.00104    -42.56251    -45.57793
   -39.29809    -44.23104    -36.40971    -36.73847    -38.09119    -37.47986    -41.31088
   -42.36207    -37.54931    -45.49533     -37.9553    -55.44727    -49.91572    -40.73378
    -38.1727    -40.33031    -45.43056    -41.75175    -41.52133    -40.15509    -38.16739
   -40.96256    -39.99988    -42.23948    -40.83549    -38.07241    -41.63918    -41.28441
   -39.40816    -38.91144    -39.23221    -41.96257     -38.4733    -40.65128    -41.21481
   -44.93212    -39.16615    -40.85904    -47.44518    -39.20663    -40.00736      -42.023
   -44.01777    -39.64927    -43.07181    -40.12201    -37.75828    -45.63978    -42.50049
   -39.68622    -43.49039    -40.95882    -42.91437    -43.04203    -43.15134    -42.60679
   -40.61458    -42.18679    -38.18872    -41.84517    -39.69586    -41.12111    -49.11883
   -41.64204    -40.65466    -42.96751    -41.04314    -40.19286    -39.08801     -42.9948
   -40.95178    -37.68971    -41.11961    -41.80067    -43.28788      -40.952    -47.41354
   -40.95416    -39.48027    -39.06514    -42.25908    -41.13413    -36.09654    -41.27218
   -40.79432    -44.10598    -44.07271    -42.28673    -40.67427    -40.73357    -43.60494
   -40.93816    -37.22354    -42.14009    -37.43681      -41.741    -40.20909    -48.71395
   -45.51981    -40.80015    -36.60892    -40.69178    -43.48793    -38.64161    -46.84042
    -36.7047     -42.1137    -40.20806    -46.11894    -37.11872    -39.04679    -39.04541
   -43.72255    -38.91916    -43.89352    -38.34621    -40.10353    -35.07825    -43.81067
    -41.2748    -41.76009    -39.93411     -43.0841    -41.15022    -43.46723    -41.48617
   -41.10541    -44.61396    -36.26348    -42.28439    -35.29116    -40.21378    -41.96233
   -42.25751    -42.75246    -42.26209     -44.6288    -41.41805     -39.4607    -49.47736
   -42.05527    -42.39644    -40.02262    -38.67386    -41.31875    -43.18481    -39.42978
   -41.71376    -37.90745    -53.36979    -52.55148    -55.20998    -44.73906    -38.09999
   -49.50217    -47.22383    -54.57663     -52.3516    -43.39068    -41.14068     -38.9801
   -40.90547    -40.68383    -42.33723     -41.5972    -41.14068    -41.14068     -38.9801
   -40.90547    -40.68383    -42.33723     -41.5972    -41.14068    -41.14068     -38.9801


# Calibration done with LH2 data for 70% SBS field. SBS-8 Set-2, (Id: 8713-2)
# Latest on 08/25/2023 for pass2 (elastic cuts). Prev. -> 03/16/2023
-------[ 2022-01-28 17:40:00 ]
bb.sh.adc.gain =
0.00897946 0.0121536 0.0135405 0.0276162 0.0122182 0.00778994 0.0132648
0.0112926 0.0131646 0.0157572 0.0127009 0.0133914 0.0126012 0.0123739
0.0126427 0.0131202 0.0114934 0.0117298 0.01323 0.0116203 0.0112511
0.0113748 0.0118123 0.0128829 0.0121063 0.0121654 0.0172857 0.0118272
0.0115584 0.0124169 0.0131779 0.011988 0.0130028 0.0122701 0.0141005
0.0112246 0.012262 0.0118294 0.0126522 0.0147449 0.0124678 0.0112462
0.0110284 0.012697 0.0115737 0.0126417 0.0119438 0.0122067 0.0127511
0.0123138 0.0105368 0.0110383 0.0123464 0.0116867 0.0118699 0.011804
0.0126037 0.0134446 0.0127542 0.0124483 0.0136191 0.0134105 0.0121437
0.00987045 0.0129769 0.00964189 0.0115897 0.0139247 0.0127129 0.0121518
0.012547 0.0115868 0.0130349 0.0119943 0.0125488 0.0122579 0.0121361
0.0128068 0.0127991 0.0137178 0.0108576 0.0127108 0.0122514 0.01303
0.0111916 0.0138908 0.0108865 0.00980573 0.0126715 0.0129704 0.0126723
0.0115284 0.0136177 0.0114649 0.01249 0.012308 0.0129481 0.0124133
0.00931141 0.0121117 0.0116517 0.0109324 0.0110711 0.0102677 0.011036
0.00961532 0.0106513 0.0107513 0.0128344 0.0110105 0.0111577 0.0109596
0.0102402 0.0128681 0.0104655 0.0124753 0.013588 0.0123669 0.0116031
0.0101407 0.0124771 0.0119735 0.011045 0.0104535 0.0136041 0.0116798
0.0103388 0.0106502 0.0116072 0.0120811 0.0122036 0.0115813 0.0104596
0.00937886 0.0128367 0.0108144 0.0130136 0.0112849 0.0124185 0.011653
0.00330491 0.0133995 0.0123636 0.0138912 0.0169747 0.0167345 0.0143466
0.0141255 0.0143345 0.0154155 0.0143575 0.0142924 0.0146007 0.0137539
0.0145789 0.0144577 0.0146451 0.0143839 0.0147011 0.014244 0.0143272
0.0145747 0.0149814 0.0135397 0.0138072 0.0137914 0.0139706 0.0138463
0.0139226 0.0137904 0.0137101 0.013673 0.0136015 0.0136858 0.0134505
0.0138674 0.0138342 0.0139023 0.0141331 0.0137059 0.0138584 0.013422
0.0140334 0.0141565 0.013895 0.0139223 0.0138189 0.0139237 0.0135934

# New ADC time calibration for SBS-8, SBS 70% data 12/27/2025 (new default values):
bb.sh.adc.timeoffset =
   -45.55029    -43.02114    -42.73398     -37.4872    -38.94134    -38.20102     -43.9195
   -40.92207    -42.35084    -43.83835    -41.94773    -40.16413    -41.70999    -40.12424
   -39.39862    -43.72064    -36.67836    -37.10537    -38.23083    -37.67273    -40.70084
   -42.14526    -37.61149    -44.41613    -38.01076    -54.22159    -51.51267    -40.84774
    -38.3177    -40.46626    -45.29673    -41.60591    -41.65807    -40.43085     -38.3537
   -40.95875    -40.06522     -42.5363    -40.90672    -38.16079    -41.49989    -39.90291
   -39.56592    -39.23425    -39.73343    -42.18872    -38.60871    -40.76282    -40.29544
   -44.77776      -39.186     -41.1134     -47.3267     -39.4776    -40.48746    -41.15733
    -44.0426     -39.8612    -42.99126    -40.17924    -37.71084     -45.7293    -40.71688
   -39.78939    -43.46048    -40.96049    -43.05174    -43.26832    -43.02475     -42.1988
   -40.77886    -42.26315     -38.1988    -42.09116    -39.87308    -41.15574    -45.51384
   -41.73654    -40.62203    -43.11722    -41.00699    -40.10657    -39.19489    -41.88091
   -39.92725     -37.7654    -41.20423    -41.76958    -43.30727    -41.03851    -44.71155
   -41.11455    -40.00453    -39.08455    -42.25267    -41.11762    -36.13446    -41.23222
   -40.73634    -44.08749    -44.09744    -42.14616    -40.59551    -40.61017    -43.65753
   -40.68305     -37.1221    -42.16756    -37.23946    -41.73497    -40.15511    -47.42684
   -43.28144    -40.88928    -36.54854    -40.76352    -43.49806    -38.66878    -45.55034
   -37.01412    -42.12276    -40.11004     -45.9549    -37.05673    -39.13188    -38.27916
   -43.79554    -38.86628     -43.7465    -38.36297     -40.0246    -35.16487    -42.68775
   -40.97316     -41.7823    -39.88025    -43.12215    -41.15072      -43.496      -41.334
   -41.00236    -44.59713    -36.05363    -42.16293    -35.28722    -40.23174    -41.45655
   -42.56018    -42.93528    -42.29499    -44.69369    -41.39502    -39.56557    -46.72497
   -42.03224    -42.43783    -39.90815    -38.73698    -41.22995    -42.90932    -40.13505
   -41.67661    -38.38188    -52.78711     -52.0441    -51.82876    -44.51006    -39.62736
   -49.92959    -47.98972    -54.92316     -52.7709    -42.92886    -40.43746    -39.62736
   -41.33289    -41.44972    -42.68376     -42.0165    -40.67886    -41.30311    -39.62736
   -41.33289    -41.44972    -42.68376     -42.0165    -40.67886    -41.30311    -39.62736



# Calibration done with LH2 data for 50% SBS field. SBS-8, (Id: 8511)
# Latest on 08/25/2023 for pass2 (elastic cuts). Prev. -> 03/16/2023
-------[ 2022-01-29 18:30:00 ]
bb.sh.adc.gain =
0.00782729 0.012035 0.0135628 0.0318891 0.0113276 0.00973325 0.0132648
0.0105097 0.0101593 0.00313114 0.0129208 0.0134536 0.0129701 0.0125293
0.0125271 0.0132747 0.0119556 0.012393 0.0130963 0.011366 0.0118385
0.0116426 0.0120453 0.013166 0.0118943 0.0127628 0.0176089 0.010312
0.012221 0.013067 0.0140176 0.0122768 0.0129159 0.0130097 0.0132554
0.011214 0.0128914 0.0120293 0.0130346 0.0146249 0.0129107 0.0131594
0.0112494 0.0133275 0.012293 0.0125754 0.0123139 0.0129013 0.0119412
0.0120104 0.0110911 0.0111438 0.0123813 0.0118117 0.0133055 0.00987378
0.0127147 0.0127423 0.0130794 0.0127556 0.0142887 0.0139792 0.011886
0.00990649 0.0133663 0.0114425 0.0116265 0.0138744 0.012942 0.0112384
0.0121641 0.0120353 0.0127829 0.0118463 0.0124883 0.0126932 0.0115435
0.0119178 0.0130813 0.0133886 0.0113883 0.0128236 0.012496 0.0112732
0.0113799 0.013915 0.0112036 0.0105464 0.0127923 0.0130147 0.011922
0.0112252 0.01246 0.011383 0.0132348 0.0122431 0.0132875 0.0111441
0.0103325 0.0127049 0.01216 0.0117905 0.0118961 0.0112953 0.0096457
0.00984603 0.0108966 0.0113546 0.0139061 0.0116656 0.0118792 0.0098753
0.00998606 0.0128884 0.0116199 0.0127939 0.0137202 0.0127878 0.0101939
0.0114816 0.0131102 0.0119988 0.0119003 0.0111292 0.0134982 0.0120745
0.0106161 0.0111488 0.0126774 0.0121866 0.0127579 0.0115396 0.0122045
0.0091655 0.0196862 0.0180891 0.0166654 0.0117599 0.0147191 0.00847575
0.00330491 0.00619194 0.00507681 0.00701436 0.00838063 0.00780571 0.0143466
0.0141255 0.0143345 0.0134417 0.0143575 0.0142924 0.0146007 0.0137539
0.0145789 0.0144577 0.0146451 0.0143839 0.0147011 0.014244 0.0143272
0.0145747 0.0149814 0.0135397 0.0138072 0.0137914 0.0139706 0.0138463
0.0139226 0.0137904 0.0137101 0.013673 0.0136015 0.0136858 0.0134505
0.0138674 0.0138342 0.0139023 0.0141331 0.0137059 0.0138584 0.013422
0.0140334 0.0141565 0.013895 0.0139223 0.0138189 0.0139237 0.0135934

# New ADC time calibration for SBS-8, SBS 50% data 12/27/2025:

bb.sh.adc.timeoffset =
    -43.7637    -42.66064    -41.56047    -37.51853    -38.61982    -38.07804    -44.20527
   -40.88719    -42.70614    -43.73545    -42.11281    -39.99646    -41.19963    -40.59216
   -39.46781    -43.44715    -36.74266     -37.3578    -38.17185    -37.75043    -40.68874
   -42.46137    -37.55491    -44.56123    -37.90225    -52.92997    -52.77722    -40.23471
   -38.53626    -40.41362    -45.34486    -41.60719    -41.64604    -40.42027    -37.91524
   -41.05837    -40.14177    -42.55787     -40.8976    -37.85799      -41.645    -38.80959
   -39.70013    -39.41485    -40.01192    -42.14563    -38.70451    -40.80636    -40.36291
    -44.6919    -39.21805    -41.18759    -47.10171     -39.6088    -41.20597    -40.09266
   -44.28615    -39.56464    -43.03866    -40.13053    -37.72163    -45.80634    -39.74961
   -39.84816      -43.444    -41.56182    -42.95033    -43.27723     -42.9635    -41.79601
   -40.92365    -42.26347    -37.99321    -42.07895    -39.91661    -41.15105    -43.39395
   -41.60058    -40.58615    -42.97139    -41.07033    -40.14911    -39.25021    -38.11249
   -39.94892    -37.74001    -41.28085    -41.85947     -43.3004    -41.09497    -43.15285
   -41.20026    -39.64503    -39.00715    -42.46532    -41.08188     -36.1229    -41.14721
   -41.04021    -44.13436    -44.16102    -42.22773    -40.71566    -40.78262    -39.80606
   -40.61956    -37.10163    -42.32697    -37.28406    -41.79154     -40.1438    -45.55769
   -43.28232    -40.83294     -36.7734    -40.74563    -43.47125    -38.65397    -44.00945
   -37.32974    -42.30891    -40.05418    -46.10301     -37.1136    -38.99071    -36.57024
   -43.94642    -38.96616    -44.09226    -38.33827     -40.2071     -35.0704    -42.41227
   -40.91189    -41.75788    -40.07406    -43.08032    -41.18035    -43.68477    -40.85472
   -41.03752    -44.50086    -36.19349    -42.29788    -35.12438    -40.30283    -39.55038
   -42.55717    -43.08641    -42.32313    -44.42745    -41.48923    -39.68367    -45.03484
   -42.16387    -42.39795    -39.86755    -39.27026    -41.61246    -43.26764      -38.515
   -41.53275    -37.32583    -51.44841    -50.05406    -53.76382    -43.18906    -36.83692
   -48.63955    -45.92021    -53.23083    -51.04815    -41.94452    -39.68342    -36.83692
   -40.04285    -39.38021    -40.99143    -40.29375    -39.69452    -39.68342    -36.83692
   -40.04285    -39.38021    -40.99143    -40.29375    -39.69452    -39.68342    -36.83692


# Calibration done with LH2 data for 70% SBS field. SBS-8 Set-2, (Id: 8714-2)
# Latest on 12/12/2023 for pass2 (elastic cuts). Prev. -> 08/25/2023
-------[ 2022-01-30 03:50:00 ]
bb.sh.adc.gain =
0.00897946 0.0121536 0.0135405 0.0276162 0.0122182 0.00778994 0.0132648
0.0114479 0.00779263 0.00690426 0.00631327 0.0133914 0.0126012 0.0123739
0.0111429 0.0136387 0.0118175 0.0124168 0.0130581 0.0121244 0.0112511
0.0116638 0.0120221 0.0129914 0.0124519 0.0127114 0.0134836 0.0118272
0.0116652 0.0128558 0.0133541 0.0123052 0.0132827 0.0128411 0.0133029
0.0107698 0.012551 0.0119813 0.0129617 0.0150279 0.0128251 0.0108152
0.011282 0.0132758 0.011924 0.0129683 0.0123487 0.0127568 0.011713
0.0121168 0.0108517 0.0112485 0.0125517 0.0118947 0.0124208 0.0107951
0.0122587 0.0138867 0.0129343 0.0128588 0.0138903 0.0136193 0.0123044
0.00988554 0.0131471 0.00991551 0.011868 0.0141636 0.0131303 0.0115635
0.0121784 0.0119784 0.0131953 0.0122587 0.0127386 0.0126727 0.0113162
0.0123366 0.0131691 0.0137722 0.0111735 0.0128696 0.012644 0.0121084
0.0108722 0.0142599 0.0110733 0.0101218 0.0128089 0.0133373 0.0121684
0.0113757 0.0138302 0.0116883 0.0127162 0.0123856 0.0133148 0.0119285
0.00928265 0.0122991 0.0118361 0.0111214 0.0112653 0.0105633 0.0103265
0.00953576 0.0108197 0.0108611 0.0130551 0.011135 0.011484 0.0101923
0.00992984 0.0131295 0.0106612 0.0127359 0.0137874 0.0127629 0.0108261
0.0100639 0.0126541 0.012053 0.0111422 0.0106424 0.0138283 0.011943
0.00988928 0.0109633 0.0116772 0.0122828 0.0123947 0.0118973 0.010938
0.0109778 0.0128488 0.0108234 0.0130845 0.0113993 0.0129708 0.011653
0.00330491 0.0160814 0.013972 0.0147349 0.0172882 0.0165693 0.0143466
0.0141255 0.0143345 0.0154155 0.0143575 0.0142924 0.0146007 0.0137539
0.0145789 0.0144577 0.0146451 0.0143839 0.0147011 0.014244 0.0143272
0.0145747 0.0149814 0.0135397 0.0138072 0.0137914 0.0139706 0.0138463
0.0139226 0.0137904 0.0137101 0.013673 0.0136015 0.0136858 0.0134505
0.0138674 0.0138342 0.0139023 0.0141331 0.0137059 0.0138584 0.013422
0.0140334 0.0141565 0.013895 0.0139223 0.0138189 0.0139237 0.0135934

# New ADC time calibration for SBS-8, SBS 70% data 12/27/2025 (new default values):
bb.sh.adc.timeoffset =
   -45.55029    -43.02114    -42.73398     -37.4872    -38.94134    -38.20102     -43.9195
   -40.92207    -42.35084    -43.83835    -41.94773    -40.16413    -41.70999    -40.12424
   -39.39862    -43.72064    -36.67836    -37.10537    -38.23083    -37.67273    -40.70084
   -42.14526    -37.61149    -44.41613    -38.01076    -54.22159    -51.51267    -40.84774
    -38.3177    -40.46626    -45.29673    -41.60591    -41.65807    -40.43085     -38.3537
   -40.95875    -40.06522     -42.5363    -40.90672    -38.16079    -41.49989    -39.90291
   -39.56592    -39.23425    -39.73343    -42.18872    -38.60871    -40.76282    -40.29544
   -44.77776      -39.186     -41.1134     -47.3267     -39.4776    -40.48746    -41.15733
    -44.0426     -39.8612    -42.99126    -40.17924    -37.71084     -45.7293    -40.71688
   -39.78939    -43.46048    -40.96049    -43.05174    -43.26832    -43.02475     -42.1988
   -40.77886    -42.26315     -38.1988    -42.09116    -39.87308    -41.15574    -45.51384
   -41.73654    -40.62203    -43.11722    -41.00699    -40.10657    -39.19489    -41.88091
   -39.92725     -37.7654    -41.20423    -41.76958    -43.30727    -41.03851    -44.71155
   -41.11455    -40.00453    -39.08455    -42.25267    -41.11762    -36.13446    -41.23222
   -40.73634    -44.08749    -44.09744    -42.14616    -40.59551    -40.61017    -43.65753
   -40.68305     -37.1221    -42.16756    -37.23946    -41.73497    -40.15511    -47.42684
   -43.28144    -40.88928    -36.54854    -40.76352    -43.49806    -38.66878    -45.55034
   -37.01412    -42.12276    -40.11004     -45.9549    -37.05673    -39.13188    -38.27916
   -43.79554    -38.86628     -43.7465    -38.36297     -40.0246    -35.16487    -42.68775
   -40.97316     -41.7823    -39.88025    -43.12215    -41.15072      -43.496      -41.334
   -41.00236    -44.59713    -36.05363    -42.16293    -35.28722    -40.23174    -41.45655
   -42.56018    -42.93528    -42.29499    -44.69369    -41.39502    -39.56557    -46.72497
   -42.03224    -42.43783    -39.90815    -38.73698    -41.22995    -42.90932    -40.13505
   -41.67661    -38.38188    -52.78711     -52.0441    -51.82876    -44.51006    -39.62736
   -49.92959    -47.98972    -54.92316     -52.7709    -42.92886    -40.43746    -39.62736
   -41.33289    -41.44972    -42.68376     -42.0165    -40.67886    -41.30311    -39.62736
   -41.33289    -41.44972    -42.68376     -42.0165    -40.67886    -41.30311    -39.62736


###############################################################################
###                                 SBS-9                                   ###
###############################################################################

# Configuration Change [SBS-8 -> SBS-9]
-------[ 2022-02-01 17:42:00 ]

bb.sh.emin_clTotal = 0.1

# ADCtime offsets w.r.t TH using all SBS9 LH2 & LD2 data
# Latest on 08/25/2023 for pass2 readiness. https://logbooks.jlab.org/entry/4170774
#bb.sh.adc.timeoffset =
#-39.3236 -38.9157 -37.7421 -40 -34.9807 -35.1176 -40
#-38.9898 -39.9799 -41.1478 -39.532 -37.4031 -38.8014 -40.5561
#-39.7181 -43.2441 -36.8779 -37.0919 -37.9716 -38.0622 -40.0933
#-42.592 -38.216 -44.4827 -38.7673 -51.9424 -50.5486 -41.056
#-38.1469 -40.0009 -44.2629 -41.0224 -41.1309 -39.8951 -37.8691
#-39.3936 -38.5564 -40.6063 -39.2742 -36.5527 -40.0142 -37.6011
#-38.3335 -37.8816 -38.284 -40.3961 -37.3676 -39.2714 -39.0727
#-43.039 -38.0802 -39.7749 -45.5068 -38.4122 -39.2211 -39.0274
#-42.6385 -38.5852 -41.5208 -39.1514 -36.2999 -44.3359 -38.7867
#-39.3084 -42.5459 -40.1272 -42.1818 -42.3242 -42.4256 -40.9737
#-41.6944 -42.8028 -38.986 -42.6121 -40.8379 -42.1096 -44.4092
#-42.966 -41.7116 -43.9467 -42.2369 -41.2971 -40.7283 -41.266
#-40.8804 -38.5976 -41.7191 -42.4581 -43.9211 -41.7806 -44.7463
#-41.2257 -40.5092 -39.4961 -41.8635 -41.331 -36.6837 -41.2453
#-41.1112 -44.1172 -44.5181 -42.4855 -41.1295 -41.1263 -41.7722
#-42.1053 -38.5463 -43.7979 -38.7232 -43.2994 -41.6274 -47.8075
#-44.9563 -42.1371 -38.128 -42.003 -44.6182 -40.1241 -46.0609
#-39.6742 -44.3887 -42.3391 -47.7455 -39.8541 -41.5525 -40.1814
#-46.2284 -41.7896 -46.3433 -41.4093 -42.5648 -38.4346 -45.7298
#-42.9216 -43.8684 -42.3509 -45.2484 -43.5059 -45.5156 -43.3583
#-42.256 -45.4311 -37.4373 -43.1179 -36.4144 -41.3347 -40.8267
#-41.8334 -41.8515 -41.3438 -43.0547 -40.6602 -39.2071 -44.7429
#-41.5391 -41.5417 -39.296 -38.8727 -40.361 -42.8641 -39.4043
#-41.3614 -38.2439 -48.9708 -48.0662 -46.7316 -41.3033 -43.4003
#-44.9299 -46.2243 -45.6068 -45.8703 -44.4607 -43.7593 -41.3464
#-43.017 -43.6559 -42.8673 -43.4137 -42.7972 -41.2701 -44.6579
#-42.0561 -40.4652 -41.7201 -42.3004 -42.8026 -30.6244 -48.8846



# updated SH SBS-9 time calibration 1/8/2026 (AJRP): matches corresponding updated hodo calibration
bb.sh.adc.timeoffset =
   -43.14031    -41.86327    -40.84942     -36.6222    -37.86796    -37.48496    -44.78511
     -40.455    -41.68299    -43.03914     -41.3164    -39.42061    -40.66044    -44.81705
   -38.76713    -42.74434    -36.38883    -36.63857     -37.4661    -37.36911    -40.29439
   -41.49359    -37.03839    -47.86466    -37.61271    -51.97732    -50.18745    -39.70867
   -37.93464    -39.82004     -44.1976     -40.8401    -40.99303    -39.68141    -37.57051
    -40.1062    -39.28203    -41.34683    -40.01656    -37.23815    -40.79455    -38.39704
   -39.21115    -38.75266    -39.17245    -41.38777    -38.18956    -40.07558    -39.89638
   -43.86549    -38.66022    -40.37004    -46.24187    -38.89721    -39.69274    -39.48427
   -43.16388    -39.05421    -41.98724    -39.60095     -36.7035    -44.91169    -39.07181
   -39.06702    -42.55602    -39.94103    -42.09319    -42.15071    -42.20006    -40.63985
   -40.10912     -41.2438    -37.37678    -41.13829    -39.24962    -40.54481    -42.98134
   -41.00361    -39.66802     -42.0366    -40.22928    -39.27384    -38.73729    -39.16127
   -39.33695    -36.96031     -40.1561    -40.91653     -42.3853    -40.17942    -43.35849
    -40.1735    -39.52599    -38.40343     -40.8961    -40.28977    -35.52972    -40.14935
   -39.90756    -42.98385    -43.36345     -41.3914    -39.89258    -39.91482    -40.52095
   -39.89549    -36.30068    -41.67197    -36.47524    -41.11159    -39.43026    -45.91487
   -42.87053    -40.01724    -35.92367    -39.88147    -42.48698    -37.96121    -43.87924
   -36.44527     -41.2756    -39.11079     -44.9481    -36.49585    -38.27411    -36.83226
   -42.84674    -38.27999    -43.14198    -37.87153    -38.99579    -34.74205    -42.18971
   -39.93642    -40.90488     -39.3279    -42.34753    -40.51711    -42.64267    -40.27461
   -40.42346    -43.81726     -35.4853    -41.37171    -34.53373     -39.5321    -39.03851
   -41.99727    -42.09222     -41.5322    -43.17605     -40.6736    -38.95668    -44.83525
   -41.33522    -41.43104    -39.15493    -38.72305    -40.21974    -42.72232    -39.04253
   -41.01053     -37.7125    -49.51245    -49.22165    -50.57541    -41.48841    -43.75811
   -48.78204    -50.89609    -50.08917    -50.68396    -49.34425    -48.50912    -45.29521
   -46.61874    -46.98526    -45.76138     -46.4148     -47.2479    -46.00913    -48.99656
   -44.45872    -43.16089    -44.58164    -45.78633    -46.54542    -34.80593    -52.57205


# Calibration done with LH2 data for 70% SBS field. SBS-9, (Id: 9711)
# Latest on 01/04/2023 for pass2 (elastic cuts). Prev. -> 08/25/2023
-------[ 2022-02-01 22:00:00 ]
bb.sh.adc.gain =
0.00549245 0.00579206 0.0057352 0.00603649 0.00587363 0.00584111 0.00524558
0.00580059 0.00582415 0.00562055 0.00565412 0.00571289 0.00595915 0.00545162
0.00580661 0.00562087 0.00611051 0.00612497 0.00602824 0.00623198 0.00558947
0.00551086 0.00367224 0.000236528 0.00607528 0.00550366 0.00530622 0.00571353
0.00525668 0.0058511 0.00573908 0.00472843 0.00355232 0.00378103 0.00573601
0.00459514 0.00519827 0.00485633 0.00548308 0.00608531 0.00537394 0.00453827
0.00528291 0.0057677 0.00548549 0.00556692 0.0053197 0.00554425 0.00523388
0.00510694 0.00483176 0.00498598 0.00519369 0.00531731 0.00546689 0.00443299
0.00511896 0.00567242 0.00551746 0.00541777 0.00575612 0.00561978 0.00479392
0.00433586 0.00534772 0.00456706 0.00503458 0.00583851 0.00548206 0.00491435
0.00504114 0.0050098 0.00552418 0.00515352 0.00537958 0.00538722 0.00442988
0.00518641 0.00551475 0.00561762 0.00496105 0.00560573 0.00527822 0.00439097
0.00456086 0.00574707 0.00472701 0.00463834 0.00556026 0.00545702 0.00459881
0.00504837 0.00672914 0.00515982 0.0054895 0.00540706 0.00559855 0.00474888
0.00380311 0.00498284 0.00497229 0.00455693 0.00489746 0.00458513 0.00394443
0.00397426 0.0043014 0.00458255 0.00546919 0.00482691 0.00489319 0.00416148
0.0039514 0.00548986 0.00468198 0.00530074 0.00583972 0.00551458 0.00409308
0.00452609 0.00515164 0.00488221 0.00473465 0.004656 0.00577467 0.00471522
0.00424215 0.00504793 0.00508038 0.00500864 0.00539472 0.00524955 0.00419601
0.00416028 0.00522302 0.00456484 0.00526017 0.00478911 0.00529019 0.00395038
0.00448113 0.00540232 0.00493387 0.00468438 0.00553259 0.00552201 0.00471562
0.00416592 0.00503967 0.00484793 0.0047047 0.00504546 0.00506118 0.00353321
0.00583434 0.00400773 0.00261252 0.00424562 0.00350339 0.00413696 0.00550947
0.00583771 0.0060026 0.00536157 0.0054628 0.00544149 0.00558163 0.00543893
0.00553046 0.00544137 0.0054459 0.00539447 0.00549443 0.00544843 0.00524965
0.00547122 0.00554464 0.00549695 0.00557916 0.00540873 0.00547718 0.00518315
0.00553136 0.00559668 0.00542357 0.00544724 0.00546722 0.00553804 0.00534092

########################################################
########################################################

############           Starting GEN         ############

########################################################
########################################################

## Preparing for beam. Amplitudes at trigger aligned to 20mV with cosmic.
## Starting from run 1475
-------[ 2022-09-19 23:00:00 ]

bb.sh.tmax = 15.0

## ADCtime offsets using cosmic data (Target ADC time = 40 ns)
## Used pass 1 He3 runs 2035-2199 on Feb 10 2025
bb.sh.adc.timeoffset =
-41.1427 -38.1765 -39.6639 -33.6498 -37.499 -36.2469 -40.9598
-36.8873 -37.4143 -38.5046 -36.9793 -35.5071 -37.1537 -38.1157
-35.8675 -39.6132 -33.4355 -33.6759 -34.7678 -34.5252 -37.2901
-38.9276 -34.3201 -40.3619 -34.8222 -50.5186 -46.4634 -37.005
-34.8077 -36.7579 -40.9111 -37.8779 -38.0109 -36.6006 -34.8824
-36.3408 -35.6497 -38.6777 -36.1908 -33.7488 -36.6707 -36.9462
-35.7651 -35.2349 -35.6285 -37.9202 -35.0512 -36.721 -36.7573
-40.3998 -35.2697 -36.49 -42.8444 -35.3154 -35.7198 -37.6669
-40.1143 -35.7172 -38.6173 -36.3489 -33.3292 -41.0135 -37.8725
-36.6657 -39.7765 -37.4836 -39.6826 -39.5382 -40.0207 -39.1604
-39.0146 -40.6281 -37.4075 -40.3879 -38.5845 -39.6628 -45.7231
-41.0891 -39.4852 -42.0676 -40.1161 -39.1251 -38.2638 -41.7805
-43.2106 -36.848 -39.8248 -40.5094 -42.1182 -39.9988 -45.3063
-39.7474 -41.7145 -37.8421 -40.4078 -39.5458 -34.9703 -39.96
-39.6681 -43.0362 -43.3804 -41.005 -39.8956 -39.6087 -42.2244
-40.8311 -37.5695 -42.276 -37.6304 -41.7122 -40.2427 -47.9202
-47.7632 -40.5047 -36.7528 -40.0821 -42.7618 -38.4846 -46.2874
-36.7962 -41.7076 -40.2387 -45.3266 -37.2169 -38.9694 -38.8071
-43.6858 -38.8331 -43.4544 -38.4621 -40.0359 -35.2523 -43.4116
-40.2297 -41.0806 -39.2844 -42.3867 -40.2709 -42.5267 -40.4851
-38.7867 -41.9075 -33.8658 -39.2687 -33.1843 -37.6182 -39.4718
-38.7989 -37.6791 -37.6799 -39.4053 -36.3556 -35.1275 -41.7299
-36.9113 -37.4306 -35.0237 -34.065 -36.1319 -38.2526 -36.0068
-35.9299 -32.9408 -45.4967 -45.172 -46.6301 -36.3591 -39.3641
-42.7541 -44.3445 -43.1505 -43.9955 -40.6466 -41.551 -35.7443
-40.4974 -38.8003 -40.5713 -40.7232 -40.8875 -38.7297 -40.2446
-38.5821 -37.6188 -39.3575 -39.0502 -38.9957 -38.0114 -39.6903

## Amplitude to Integral Ratios (Calculated from run 1462 (cosmic))
bb.sh.adc.AmpToIntRatio =
1.88575 1.8903 1.87882 1.99802 2.00741 2.00143 1.88463
1.98047 1.97845 1.9034 1.92937 1.91973 1.95675 1.92768
1.92787 1.85194 2.04401 2.06999 1.99092 2.09192 1.95007
1.89935 2.06916 1.89701 2.03135 1.81298 1.80996 1.89123
1.98474 1.97315 1.81258 1.94358 1.95416 1.87727 1.96769
1.93301 1.94718 1.8986 1.98306 1.97263 1.91289 1.90823
2.11866 2.12241 2.05101 1.94863 2.12979 2.05867 1.95322
1.91809 2.08862 2.10647 1.91901 2.09086 2.13573 1.94972
1.90057 1.99709 1.89186 2.00742 2.03288 1.89629 1.95666
2.01528 1.9042 1.96149 1.92871 1.91818 1.88915 1.86743
2.02834 1.99855 2.00709 2.002 1.97438 1.97685 1.88101
1.9082 2.0321 1.9447 2.02064 2.0719 2.01089 1.99815
1.9664 2.05394 1.98006 1.9725 1.92523 1.92605 1.84838
1.9289 1.89601 1.96349 1.93693 1.93672 2.08403 1.84545
1.99964 1.93397 1.92373 1.96736 1.9933 2.02146 1.97604
1.99553 1.93706 1.9428 2.03869 1.93257 1.97276 1.86108
1.87389 1.9712 2.11968 1.93895 1.91185 2.03548 1.89715
2.05201 1.96853 1.98243 1.85965 2.04987 1.99727 2.05461
1.88836 2.05113 1.91047 1.97709 1.99871 2.0557 1.94201
1.95296 1.92189 2.01522 1.95547 1.96519 1.94154 1.89097
1.81416 1.85253 1.99938 1.87263 2.08955 1.88677 1.81567
1.87754 1.90286 1.89347 1.88371 1.91324 1.97425 1.81908
1.92493 1.86141 1.95195 1.98185 1.97556 1.90922 1.91956
1.92489 1.96676 1.79787 1.8289 1.8226 1.82939 1.82009
1.84365 1.80465 1.8298 1.79661 1.86548 1.84055 1.85585
1.80921 1.87821 1.84646 1.86995 1.80949 1.843 1.81237
1.84807 1.8624 1.80758 1.82486 1.8154 1.82668 1.76699

## Gain factor for energy calibration using cosmic: GeV/pC
## Asuming trigger amplitudes are aligned to 20mV (Run 1475)
## Correction factor applied = 1.21 => Cosmic eng. dep = 72.6 MeV
bb.sh.adc.gain =
0.00684527 0.00686179 0.00682012 0.00725281 0.0072869 0.00726519 0.00684121
0.00718911 0.00718177 0.00690934 0.00700361 0.00696862 0.007103 0.00699748
0.00699817 0.00672254 0.00741976 0.00751406 0.00722704 0.00759367 0.00707875
0.00689464 0.00751105 0.00688615 0.0073738 0.00658112 0.00657015 0.00686516
0.00720461 0.00716253 0.00657967 0.0070552 0.0070936 0.00681449 0.00714271
0.00701683 0.00706826 0.00689192 0.00719851 0.00716065 0.00694379 0.00692687
0.00769074 0.00770435 0.00744517 0.00707353 0.00773114 0.00747297 0.00709019
0.00696267 0.00758169 0.00764649 0.00696601 0.00758982 0.0077527 0.00707748
0.00689907 0.00724944 0.00686745 0.00728693 0.00737935 0.00688353 0.00710268
0.00731547 0.00691225 0.00712021 0.00700122 0.00696299 0.00685761 0.00677877
0.00736287 0.00725474 0.00728574 0.00726726 0.007167 0.00717597 0.00682807
0.00692677 0.00737652 0.00705926 0.00733492 0.007521 0.00729953 0.00725328
0.00713803 0.0074558 0.00718762 0.00716017 0.00698858 0.00699156 0.00670962
0.00700191 0.00688252 0.00712747 0.00703106 0.00703029 0.00756503 0.00669898
0.00725869 0.00702031 0.00698314 0.00714152 0.00723568 0.0073379 0.00717303
0.00724377 0.00703153 0.00705236 0.00740044 0.00701523 0.00716112 0.00675572
0.00680222 0.00715546 0.00769444 0.00703839 0.00694002 0.00738879 0.00688665
0.0074488 0.00714576 0.00719622 0.00675053 0.00744103 0.00725009 0.00745823
0.00685475 0.0074456 0.00693501 0.00717684 0.00725532 0.00746219 0.0070495
0.00708924 0.00697646 0.00731525 0.00709836 0.00713364 0.00704779 0.00686422
0.0065854 0.00672468 0.00725775 0.00679765 0.00758507 0.00684898 0.00659088
0.00681547 0.00690738 0.0068733 0.00683787 0.00694506 0.00716653 0.00660326
0.0069875 0.00675692 0.00708558 0.00719412 0.00717128 0.00693047 0.006968
0.00698735 0.00713934 0.00652627 0.00663891 0.00661604 0.00664069 0.00660693
0.00669245 0.00655088 0.00664217 0.00652169 0.00677169 0.0066812 0.00673674
0.00656743 0.0068179 0.00670265 0.00678792 0.00656845 0.00669009 0.0065789
0.00670849 0.00676051 0.00656152 0.00662424 0.0065899 0.00663085 0.00641417

########################################################

############              GEN2              ############

########################################################

-------[ 2022-10-14 17:40:00 ]
-------[ 2022-10-14 20:00:00 ] # Beginning of GEN2 -> set 1: 2033 - 2085
bb.sh.adc.timeoffset = 
   -44.12749    -40.83582    -42.40044    -36.71634    -40.04691    -38.54111    -43.55362 
   -38.87229    -39.43455    -40.43813    -38.81111    -37.33819     -38.8439    -39.64549 
   -36.60902    -40.64335    -34.03354    -34.31274    -35.37938     -34.8784    -37.79854 
   -39.85892    -34.92381    -41.23957    -35.35902    -51.42138    -47.21377    -37.35944 
    -35.8491    -37.76409    -42.07472    -38.86399    -39.05622     -37.4394    -35.44796 
   -37.98992    -37.18848    -40.19061    -37.72684    -35.23609    -38.14602    -38.30956 
   -36.91663    -36.28032    -36.70825    -39.13092    -35.97343    -37.58533    -37.53203 
   -42.16685    -36.40944    -37.69215    -44.35096    -36.44391    -36.79875     -38.7857 
   -41.35961    -36.86882     -39.8603    -37.55655     -34.4019     -42.4093    -38.95514 
   -36.85595    -40.17331    -37.72559    -40.19905    -40.00325    -40.63118    -38.41453 
   -37.49119    -39.04678    -35.66892    -38.89375    -37.00255    -38.08338    -44.49138 
   -39.14797    -37.40041    -40.09348    -38.08165    -37.07834    -36.18787    -39.80967 
   -41.09433    -34.46902    -37.73034    -38.40274    -40.16856    -37.81284    -43.24466 
   -38.08565    -40.13381    -36.14813    -38.87446     -37.9871    -33.12686    -38.25489 
     -37.634     -41.0683    -41.39719    -39.09929    -37.84681    -37.46918    -40.27188 
   -38.06461    -34.40553    -39.33623    -34.47087     -38.8827    -37.26328    -45.08009 
   -45.54826    -37.88918    -33.95297    -37.60431    -40.33799     -35.6826     -43.8944 
   -33.91957    -39.02326    -37.46942    -42.85137    -34.37173    -36.09566    -35.91203 
   -41.24955    -36.13113    -40.96464    -35.71102    -37.29394    -32.27275    -40.75875 
   -38.20107    -38.90665    -37.02772    -40.29167    -38.18695     -40.4079    -38.22234 
   -38.49705    -41.69413     -33.3366    -39.11372    -32.71619    -37.29865      -39.023 
   -41.05321    -39.81971    -39.68521    -41.87454    -38.34312    -36.97253    -43.74578 
   -39.17525    -39.78864     -37.2593    -36.30014    -38.30049    -40.42337    -37.94958 
   -38.91673    -35.81524    -49.15623    -48.74683    -50.18034    -39.49951    -42.69543 
   -48.21129     -50.0539    -48.84169    -49.85102     -46.1647    -47.34598    -40.89961 
   -47.72705    -45.45975    -47.32961    -47.66337    -48.17348    -45.60603    -47.66689 
   -46.33066    -44.14161     -46.5645    -46.51921    -47.51745    -46.44968    -52.84851 

## Gain factor for energy calibration using cosmic: GeV/pC [GEN2]
## Asuming trigger amplitudes are aligned to 15mV (Run 1932)
## Correction factor applied = 1.21 => Cosmic eng. dep = 72.6 MeV
bb.sh.adc.gain =
0.00894466 0.00901426 0.00922194 0.00910573 0.00946709 0.00943447 0.00898047
0.00899349 0.00881993 0.00901556 0.00883929 0.00892985 0.00924793 0.00875866
0.0092294 0.00883063 0.00979432 0.00983982 0.00965091 0.0100523 0.00894858
0.00843394 0.00990317 0.00856128 0.00975299 0.00866142 0.00841289 0.00872357
0.00901586 0.0094772 0.00893779 0.00937537 0.00936434 0.00894839 0.00926357
0.00876263 0.00926516 0.0089389 0.00934827 0.00963741 0.0090387 0.00904543
0.00944797 0.00978735 0.00977346 0.00947048 0.0100427 0.00984717 0.00926894
0.00876103 0.0100288 0.00989746 0.00917954 0.00985497 0.0099235 0.00908463
0.00870484 0.00956089 0.00898493 0.00947096 0.00961669 0.00897297 0.00907766
0.00949855 0.00909281 0.00931168 0.00913022 0.00894253 0.00890729 0.00882298
0.00953248 0.00949047 0.0095697 0.00919377 0.00924697 0.00948592 0.00899349
0.00878963 0.00963915 0.00921492 0.00961035 0.00986392 0.00943771 0.00940998
0.00923443 0.00947958 0.00940281 0.00945465 0.00918017 0.0087953 0.00904688
0.00912776 0.00900942 0.0093746 0.00921405 0.00919518 0.00985109 0.00891373
0.0092338 0.00920147 0.00912805 0.0093819 0.00945475 0.00960803 0.0097676
0.00931831 0.00915941 0.0091492 0.00974563 0.00922097 0.00939033 0.00875595
0.00908957 0.00933225 0.0100435 0.00922044 0.00909533 0.00968794 0.00894964
0.00948693 0.00935485 0.00952594 0.00893546 0.00973653 0.00947725 0.00984969
0.00861491 0.0097812 0.00913516 0.00951229 0.0095453 0.00982041 0.00924237
0.0090916 0.00922393 0.00963363 0.00933205 0.00939763 0.00923409 0.00878281
0.0088785 0.00926942 0.00972085 0.00921642 0.0100375 0.00915665 0.00917499
0.00897854 0.00929803 0.00934178 0.00918095 0.00920311 0.0094426 0.00887845
0.00930112 0.00915162 0.00935093 0.00940344 0.00939333 0.00917596 0.00928128
0.00917945 0.00967574 0.00860818 0.0087755 0.00868093 0.00895206 0.00878237
0.00874878 0.00865615 0.00865818 0.00864816 0.0087575 0.00869796 0.00831033
0.00869903 0.00890676 0.00878116 0.00890967 0.0086289 0.00876853 0.0082765
0.00874936 0.00883334 0.0085669 0.00869937 0.00871892 0.00864647 0.00856041



# Calibration done with LH2 data for 30% SBS field. GEN2
# Run list in BBCal_replay/macros/Run_list/
# Latest on 09/08/2023 for pass 0 (elastic cuts). First run is 1998
-------[ 2022-10-17 00:30:00 ]
bb.sh.adc.gain =
0.00684527 0.00686179 0.00682012 0.00725281 0.0072869 0.00726519 0.00684121
0.00718911 0.00718177 0.00690934 0.00700361 0.00696862 0.007103 0.00699748
0.00699817 0.00672254 0.00741976 0.00751406 0.00722704 0.00759367 0.00707875
0.00689464 0.00751105 0.00688615 0.0073738 0.00658112 0.00657015 0.00686516
0.00720461 0.00682873 0.00287756 0.00729724 0.00707336 0.00769656 0.00714271
0.0047612 0.0063521 0.00669807 0.00671036 0.00696045 0.00616706 0.00171119
0.00602284 0.00718811 0.00657163 0.00666588 0.00601693 0.0065532 0.00754548
0.00543702 0.00583421 0.00577421 0.00616556 0.006543 0.0071348 0.0066164
0.00692169 0.00684521 0.00642568 0.00637202 0.00673611 0.00671964 0.00698707
0.00533062 0.00648878 0.00523509 0.00607107 0.00676896 0.00703521 0.00668775
0.00603508 0.00661877 0.006704 0.00663208 0.00664756 0.00661102 0.00565962
0.00737029 0.00665803 0.00718026 0.00620552 0.00720316 0.00605499 0.00643934
0.00504862 0.0076826 0.00588611 0.00629696 0.00653598 0.00661928 0.0075277
0.0087427 0.00663088 0.0067874 0.00675356 0.00643779 0.00647334 0.00391084
0.00501734 0.00578265 0.00616429 0.0054767 0.00579886 0.00511731 0.00588268
0.00418911 0.00293268 0.00538801 0.00691807 0.0055613 0.00547677 0.0053229
0.00497663 0.00781115 0.00580994 0.00696828 0.00548912 0.00662381 0.00972912
0.0074488 0.00714576 0.00719622 0.00675053 0.0368936 0.00725009 0.00745823
0.00685475 0.0074456 0.00693501 0.00717684 0.00725532 0.00746219 0.0070495
0.00708924 0.00697646 0.00731525 0.00709836 0.00713364 0.00704779 0.00686422
0.0065854 0.00672468 0.00725775 0.00679765 0.00758507 0.00684898 0.00659088
0.00681547 0.00690738 0.0068733 0.00683787 0.00694506 0.00716653 0.00660326
0.0069875 0.00675692 0.00708558 0.00719412 0.00717128 0.00693047 0.006968
0.00698735 0.00713934 0.00652627 0.00663891 0.00661604 0.00664069 0.00660693
0.00669245 0.00655088 0.00664217 0.00652169 0.00677169 0.0066812 0.00673674
0.00656743 0.0068179 0.00670265 0.00678792 0.00656845 0.00669009 0.0065789
0.00670849 0.00676051 0.00656152 0.00662424 0.0065899 0.00663085 0.00641417

# Calibration done with LH2 data for 100% SBS field. GEN2
# Latest on 4/11/2025 for pass 2 (elastic cuts). Runs 2008-2018
-------[ 2022-10-17 04:21:00 ]
bb.sh.adc.gain =
0.00912698 0.00930611 0.00954235 0.00975294 0.00994576 0.010109 0.00938558
0.00909542 0.00898522 0.00889311 0.00869438 0.00872575 0.00897099 0.00967366
0.00905056 0.00850165 0.0096664 0.00967763 0.00953335 0.00995452 0.00921778
0.00886431 0.00989824 0.00845345 0.00958504 0.00868136 0.00839319 0.00929333
0.00905864 0.00917441 0.00866137 0.00922804 0.00911357 0.0087301 0.00951955
0.00893662 0.00907727 0.00878203 0.00920568 0.00964641 0.00885952 0.00955987
0.00961626 0.00926928 0.00942517 0.00912103 0.00961543 0.00957275 0.0103133
0.00880967 0.0100086 0.00967158 0.00913903 0.00976606 0.0097903 0.00945325
0.000187692 0.00830514 0.00570051 0.00801085 0.00430612 0.00994663 0.00335374
0.00253196 0.00706139 0.00472849 0.00566574 0.00769912 0.0123624 -0.000434416
0.00296639 0.00767549 0.00818978 0.00682585 0.00776615 0.00739661 0.00551701
0.00759007 0.00737717 0.00923176 0.00631869 0.00879676 0.00711407 0.00588852
0.00624534 0.0082899 0.00558528 0.00589793 0.00718807 0.00776349 0.00558941
0.00712688 0.00763246 0.00655315 0.00809927 0.00754342 0.00708976 0.00683008
0.00444099 0.00687126 0.00732734 0.00556942 0.00662787 0.00460479 0.0036648
0.00376971 0.00607767 0.00603188 0.00808398 0.00575981 0.00557122 0.00741008
0.0043932 0.00777661 0.00597471 0.00781501 0.00870439 0.00614955 0.00649993
0.00572686 0.00729125 0.0070512 0.00663147 0.00494618 0.00848439 0.00519476
0.00502361 0.0060913 0.0088172 0.00679881 0.00824875 0.00641232 0.00301588
0.002304 0.00876922 0.00476563 0.00756419 0.00499691 0.00799936 0.0029162
0.00384306 0.00851626 0.00596999 0.00473025 0.00817765 0.0103057 0.00828454
0.00440776 0.00777767 0.00657338 0.0138762 0.00873928 0.0067039 0.0032048
0.00903764 0.0121203 0.0121548 0.0073889 0.0104739 0.00733725 0.0167179
0.00868538 0.00951413 0.0129792 0.0129864 0.0107512 0.0111119 0.00898531
0.00863199 0.00863388 0.00865097 0.0086651 0.00878247 0.00863335 0.00827209
0.00850049 0.00897259 0.00881228 0.00895356 0.00864143 0.00878039 0.00832417
0.00875614 0.00886049 0.00863069 0.00864313 0.00858195 0.00846061 0.00826958

# Latest on 01/12/2026 for pass 2 (elastic cuts). Runs 2093-2118
-------[ 2022-10-20 05:30:00 ]
bb.sh.adc.gain =
0.00912698 0.00930611 0.00954235 0.00975294 0.00994576 0.010109 0.00938558
0.00909542 0.00898522 0.00889311 0.00869438 0.00872575 0.00897099 0.00967366
0.00905056 0.00850165 0.0096664 0.00967763 0.00953335 0.00995452 0.00921778
0.00886431 0.00989824 0.00845345 0.00958504 0.00868136 0.00839319 0.00929333
0.00905864 0.00917441 0.00866137 0.00922804 0.00911357 0.0087301 0.00951955
0.00893662 0.00907727 0.00878203 0.00920568 0.00964641 0.00885952 0.00955987
0.00961626 0.00926928 0.00942517 0.00912103 0.00961543 0.00957275 0.0103133
0.00880967 0.0100086 0.00967158 0.00913903 0.00976606 0.0097903 0.00945325
0.00196857 0.00902297 0.0163617 0.00820452 0.0084083 0.00760868 0.00978179
0.00524831 0.00817614 0.00603127 0.00752383 0.00870996 0.00882525 0.00607409
0.00680456 0.00838213 0.00913137 0.00813834 0.00862685 0.00846877 0.00602437
0.008003 0.0081259 0.00918025 0.0077389 0.00924154 0.00824217 0.00737635
0.00742824 0.00883457 0.0070695 0.00724888 0.00802015 0.00829513 0.00707488
0.00831108 0.00817587 0.00786122 0.00854024 0.00826909 0.00815496 0.00834248
0.00614488 0.00799168 0.00818186 0.00712557 0.00787141 0.00653104 0.00654712
0.0057819 0.00743893 0.00747346 0.00891104 0.00739644 0.00704608 0.00788541
0.00639692 0.00858156 0.00768124 0.00842155 0.0089315 0.00775004 0.00808064
0.00740811 0.00836745 0.00834288 0.00749715 0.00700353 0.00913777 0.00799087
0.00629133 0.00762431 0.00882093 0.00806477 0.00909454 0.0074216 0.00605172
0.00535037 0.00888794 0.0066298 0.00853206 0.00683111 0.00846794 0.0081222
0.00817827 0.0088161 0.00749563 0.00656699 0.00862177 0.00940906 0.00936071
0.00613579 0.00868632 0.00942337 0.00859274 0.00999215 0.0065042 0.00917025
0.00903764 0.00965346 0.00800508 0.00658732 0.0105067 0.0105701 0.00953175
0.00868538 0.00951413 0.0128245 0.0154508 0.0187932 0.00870784 0.00898531
0.00863199 0.00863388 0.00865097 0.0086651 0.00878247 0.00863335 0.00827209
0.00850049 0.00897259 0.00881228 0.00895356 0.00864143 0.00878039 0.00832417
0.00875614 0.00886049 0.00863069 0.00864313 0.00858195 0.00846061 0.00826958

-------[ 2022-10-21 03:50:00 ] # GEN2 -> set 2: 2125 - 2149
bb.sh.adc.timeoffset = 
   -41.76422    -38.48686    -39.97768    -34.39473    -37.69539    -36.10049    -41.02462 
   -36.45948    -37.04839    -38.05904     -36.4611     -34.9303    -36.43494    -37.26051 
   -34.22243    -38.31542    -31.65112    -31.95633    -33.04303    -32.52077    -35.37338 
   -37.50411    -32.52537     -38.9003     -32.9773    -49.04593    -44.88767    -35.02205 
   -33.46537    -35.37907    -39.73435    -36.51413    -36.75883     -35.0752    -33.07425 
   -35.61278    -34.79819    -37.89862    -35.37229    -32.87135    -35.79698    -35.93525 
   -34.61153    -33.92212    -34.35347     -36.8029    -33.61634    -35.27957    -35.20083 
   -39.82938    -34.09738    -35.44288    -42.02993    -34.10409    -34.48162    -36.40539 
   -39.20261    -34.52654    -38.00551    -35.18138    -32.07209    -40.04591    -36.56468 
   -34.50232    -37.87742    -35.35879     -37.8832    -37.68388    -38.23845    -36.95285 
   -35.10092    -36.74449    -33.30633    -36.58262    -34.64181     -35.7375    -42.18707 
   -36.83481    -35.07903    -37.76189    -35.76011    -34.77983     -33.8986    -37.41259 
   -38.83354    -32.14959    -35.43673    -36.09093     -37.8696    -35.46244     -40.9365 
   -35.71439     -37.8365    -33.79243     -36.5279    -35.64994    -30.74941    -35.90045 
   -35.27567    -38.74287    -39.07552    -36.77479    -35.50966    -35.17246    -37.92913 
   -35.68992    -32.04198    -37.03228    -32.12649    -36.59631    -34.94261    -42.81227 
   -43.16917    -35.56965    -31.59563    -35.29414    -38.08722    -33.37964    -41.63412 
   -31.59376    -36.73091    -35.17662    -40.61076    -32.06277    -33.82746    -33.60615 
    -38.9677    -33.83468    -38.68099    -33.40749    -35.00692    -29.96665    -38.43037 
   -35.79789    -36.57278    -34.69448     -37.9717     -35.8501    -38.09193    -35.81531 
   -36.08064    -39.36634     -30.9625    -36.79799    -30.31693    -34.91827    -36.66706 
   -38.64695    -37.44886    -37.36444    -39.22402    -35.99244     -34.5512    -41.40449 
   -36.82042    -37.30894    -34.80185    -33.83207    -35.93978     -38.1216    -35.51555 
   -36.52735    -33.36892    -46.85128    -46.56156    -48.41476      -37.138    -40.33459 
   -45.79106    -47.67431    -46.47421    -47.48799    -43.84313    -44.94624     -38.5673 
   -45.53389    -43.10273    -44.99061    -45.40277    -45.87171    -43.37275    -44.86383 
   -44.91716    -42.06414    -44.02813    -45.40408     -45.6484    -44.22702    -50.18557 

-------[ 2022-10-22 00:50:00 ] # GEN2 -> set 3: 2164 - 2176
bb.sh.adc.timeoffset = 
   -41.86556    -38.52937    -40.02203    -34.33899    -37.63175    -36.14909     -41.2061 
   -36.53619     -37.0875    -38.11684    -36.47919    -34.95451    -36.51311    -37.23024 
   -34.28759    -38.38187    -31.69482    -31.96253    -33.11755    -32.58904    -35.48387 
   -37.46291    -32.57456     -38.9529    -32.98509    -49.16427    -44.90911    -35.04176 
   -33.45338    -35.42038    -39.74539    -36.53569    -36.74752    -35.09326    -33.11076 
   -35.60888    -34.85642    -37.95862    -35.38757    -32.90544    -35.86106    -35.99855 
   -34.62549    -33.98743    -34.37945    -36.85129    -33.65082    -35.33088    -35.28438 
   -39.87388    -34.12414    -35.48069    -42.06751    -34.16755    -34.51418    -36.47583 
    -39.1952    -34.54975    -38.05121    -35.21624     -32.1054    -40.11082    -36.54473 
   -34.51202    -37.91122     -35.3714    -37.87055    -37.70681    -37.99298     -36.9903 
    -35.1553    -36.78176     -33.3517    -36.64456    -34.67667    -35.78375    -42.29085 
   -36.91973    -35.13446    -37.84431    -35.80754    -34.81833    -33.98841    -37.49019 
   -38.87855    -32.21054    -35.48631    -36.14328    -37.91793    -35.51339    -41.09781 
   -35.74472     -37.9015    -33.85851    -36.57481    -35.68248    -30.79071    -36.02004 
   -35.28173    -38.77528    -39.12729    -36.81166    -35.53783    -35.21512    -37.98744 
   -35.71576    -32.09558    -37.11099    -32.19326    -36.66472    -34.95257    -42.82352 
   -43.20669     -35.6604    -31.63788    -35.35356    -38.16191    -33.42239    -41.66298 
   -31.60158    -36.78486    -35.19213    -40.65293    -32.11954     -33.8835    -33.65343 
   -38.93332    -33.88718    -38.75482    -33.44971    -35.03514     -29.9804    -38.49641 
   -35.81697    -36.64322    -34.75071    -38.04884    -35.90014    -38.14593    -35.89377 
    -36.1483    -39.43951    -31.00974    -36.87147    -30.38756     -35.0203    -36.68604 
    -38.6549    -37.50635    -37.37473    -39.21073    -36.04814     -34.6092    -41.53493 
   -36.83616    -37.37361    -34.84931    -33.87825    -35.98262    -38.16128    -35.55519 
   -36.53189    -33.40825     -46.9294    -46.60592    -48.42498    -37.17161    -40.27199 
   -45.90473    -47.77047    -46.48319     -47.6252    -43.85524    -44.98512    -38.68038 
   -45.29628    -43.11699     -45.0825    -45.03868     -45.4587    -43.11392    -44.49768 
   -43.97098    -41.80457    -42.85614    -43.88128    -44.56181    -43.23772    -49.63655 

-------[ 2022-10-24 07:38:00 ] # GEN2 -> set 4: 2199 - 2249
bb.sh.adc.timeoffset = 
   -41.62677    -38.42519    -40.01362    -34.30113    -37.56893    -36.09825    -41.21927 
   -36.48142     -37.0933    -38.17611    -36.52824    -34.98961    -36.48755    -37.23286 
   -34.27851    -38.38736    -31.67231    -31.97068    -33.12673    -32.58935    -35.41639 
   -37.48488    -32.54568    -38.94911    -32.98809    -49.19867    -44.80923    -34.98924 
   -33.41679    -35.36144    -39.72777     -36.4552    -36.70055    -35.03873    -33.00122 
    -35.5769    -34.80798    -37.96449    -35.39625    -32.88814    -35.80971    -35.84592 
   -34.55486    -33.91937    -34.32835    -36.79777    -33.59175    -35.26857    -35.07734 
   -39.93286    -34.08332    -35.49546    -42.03879     -34.1107    -34.45367    -36.38909 
   -39.15326    -34.46686    -37.72252    -35.15922    -32.06952      -40.011     -36.4782 
   -34.39119    -37.82021    -35.34245    -37.84224    -37.64902    -37.93959    -36.90621 
   -35.12451    -36.75416    -33.31853    -36.60828    -34.65559    -35.76222    -42.20557 
   -36.82629    -35.09525    -37.78567    -35.76448    -34.82686    -33.93669    -37.46161 
   -38.79331    -32.17944     -35.4429    -36.16062    -37.92143    -35.50117    -40.97235 
   -35.66171    -37.87831    -33.80999    -36.58003    -35.67332    -30.76879    -35.89909 
   -35.21814    -38.73528    -39.07184    -36.79191    -35.46637    -35.17401    -37.91596 
   -35.63615    -32.04869    -37.03581    -32.13621    -36.60152    -34.90413    -42.84346 
   -43.08561    -35.55868    -31.56483    -35.27288    -38.06106    -33.34396    -41.57737 
   -31.52855    -36.72596    -35.15069    -40.57696    -32.06116    -33.82275    -33.53925 
   -38.86531    -33.81164    -38.66306    -33.41298    -34.99235    -29.93884    -38.39463 
   -35.74808    -36.61188     -34.6877    -37.99316     -35.8474    -38.11627    -35.80816 
    -36.0238    -39.42743    -30.97785    -36.79587    -30.35343    -34.95232    -36.64346 
   -38.65014    -37.48341    -37.35595    -39.22134    -35.98978    -34.58802    -41.53912 
   -36.80636    -37.33264    -34.80227    -33.81565     -35.9683    -38.14624    -35.54255 
   -36.44879    -33.33912    -47.02452    -46.68909    -48.44128    -37.04396    -40.18483 
   -45.77866     -47.6402    -46.42174    -47.39023    -43.71376    -44.76907    -38.50361 
   -44.78345    -42.83233    -44.79564    -45.00942    -45.26582    -42.99471    -45.05604 
   -43.35544     -42.0549    -44.42822    -44.18497    -44.46303    -43.21174    -49.61057 

-------[ 2022-10-26 16:20:00 ] # GEN2 -> set 5: 2250 - 2276
bb.sh.adc.timeoffset = 
   -41.70516    -38.43795    -40.00152     -34.1649    -37.46108    -35.95227    -41.06741 
   -36.43323    -37.06658    -38.19418    -36.52734    -34.89289    -36.43829    -37.22602 
   -34.33131    -38.45074     -31.6972    -32.01891    -33.13563    -32.59056    -35.47299 
   -37.48818    -32.58341    -39.03512    -33.03167    -49.22135    -44.94906    -35.00507 
   -33.46623    -35.43846    -39.77793    -36.53322    -36.78558    -35.15351    -33.00922 
   -35.59273    -34.85984    -38.04123    -35.42904    -32.92155    -35.87219    -35.95566 
   -34.60912     -33.9632    -34.41327    -36.91453    -33.65272    -35.35903    -35.19798 
   -40.14378    -34.16982    -35.67591      -42.168    -34.21102    -34.51786    -36.44735 
   -39.21973    -34.56211    -38.19354    -35.25542    -32.16032    -40.14097    -36.46066 
   -34.50331    -37.96055    -35.40494    -37.96055    -37.73482    -38.01449    -37.03771 
   -35.24275    -36.89173    -33.43965    -36.75473    -34.77483    -35.85532    -42.33126 
   -36.97642    -35.21476    -37.93766    -35.88918    -34.96977    -34.06218    -37.54187 
   -38.93414    -32.32109    -35.61276      -36.337    -38.07918      -35.621    -41.12004 
   -35.72651    -38.03659    -33.96615    -36.72999    -35.81383    -30.87935    -36.03866 
   -35.29112    -38.84068    -39.21946    -36.92978     -35.5865     -35.2933    -38.03246 
   -35.72617     -32.1968    -37.22423    -32.29183    -36.75824    -35.04308    -43.04852 
   -43.23903    -35.72958      -31.691    -35.44196    -38.24091    -33.49669    -41.64948 
   -31.68159    -36.91846    -35.33757    -40.84266    -32.23934     -34.0263     -33.7184 
   -39.05697    -34.04035    -38.90695    -33.63572    -35.25251    -30.13884    -38.61705 
   -35.84453     -36.7811     -34.8337    -38.19655    -35.99779    -38.31637    -35.92466 
   -36.07962    -39.51868    -31.06539     -36.8956    -30.38781    -35.03549    -36.75273 
   -38.54697    -37.47449    -37.33124    -39.18454    -35.97722     -34.5328    -41.47472 
   -36.80883    -37.35171    -34.81199    -33.78128    -35.96319    -38.16866    -35.48506 
   -36.50856    -33.38154    -47.27391     -46.6922    -48.49746    -37.11694    -40.25288 
   -45.95733    -47.89316    -46.48227    -47.69929    -43.76143    -45.07969    -38.54982 
   -45.00535    -42.96093    -44.73928    -45.30425    -45.11392    -43.25737    -44.36567 
   -43.68005    -41.64851    -42.51292    -44.14685    -44.21703    -43.38117    -49.50308 

-------[ 2022-10-29 01:12:00 ] # GEN2 -> set 6: 2302 - 2323
bb.sh.adc.timeoffset = 
    -39.6818    -36.49766    -37.99448    -32.27178    -35.54357    -33.97298    -39.38194 
   -34.45701    -35.07846    -36.15818    -34.50485    -32.97631    -34.45685    -35.41914 
   -32.28338    -36.43189    -29.70891    -30.00363    -31.19758    -30.62904     -33.5444 
   -35.47102    -30.53892    -36.98647    -30.99406    -47.23228    -42.92341     -33.0432 
   -31.43057    -33.41374    -37.74661     -34.5025    -34.75291    -33.06742    -31.05213 
   -33.53495    -32.81705    -36.03255    -33.39466    -30.87853    -33.82718    -33.83616 
   -32.57565     -31.9439    -32.37068     -34.8382    -31.63655    -33.32031    -33.26906 
   -38.06683    -32.18327    -33.64948    -40.09954    -32.18452    -32.54193    -34.40235 
   -37.15471    -32.50542    -36.19707    -33.20447    -30.08098    -38.07653    -34.43052 
   -32.47341    -35.88616     -33.3503    -35.87695    -35.67397    -35.95605    -34.87843 
   -33.17938     -34.8562    -31.38639    -34.69186    -32.72296    -33.80917    -40.33878 
   -34.98056    -33.16986    -35.90912     -33.8691    -32.92639    -32.03683    -35.55071 
   -36.94905    -30.26992    -33.55557    -34.27646    -36.00291    -33.61596    -39.13653 
   -33.67521     -35.9604    -31.88935     -34.6284    -33.71475    -28.81928     -34.0928 
   -33.22561    -36.79036    -37.13726    -34.86162    -33.52148    -33.22912    -36.01193 
   -33.59939    -30.07566    -35.13702    -30.20425    -34.66668    -32.97109    -40.90302 
   -41.14346    -33.66101    -29.66627    -33.37969    -36.17384    -31.42685    -39.60885 
   -29.60589    -34.84741    -33.27222    -38.74858    -30.16556     -31.9442    -31.66085 
   -37.01155    -31.95692    -36.83463    -31.51484    -33.15949    -28.09349    -36.61785 
   -33.75606    -34.70681    -32.76533    -36.15038    -33.87956    -36.19142      -33.913 
   -34.05295    -37.52807    -29.04699     -34.8568    -28.33082    -32.96914    -34.64465 
   -36.54237    -35.43707    -35.30491    -37.16306    -33.96227    -32.51962    -39.32616 
   -34.79669    -35.33685    -32.80312    -31.81964     -33.9903    -36.14722    -33.50182 
   -34.44744    -31.30859    -45.20669    -44.66901    -46.69197    -35.00679    -38.15477 
   -43.78985    -45.65153    -44.54865    -45.45889    -41.53079     -42.8861    -36.38834 
   -43.48797    -40.62131     -43.2324    -43.81646     -44.1209    -41.96435    -42.85666 
   -42.16267    -40.24729    -41.82978    -42.65906    -43.22401    -42.08815    -47.99407 


########################################################

############              GEN3              ############

########################################################

-------[ 2022-11-10 00:00:00 ] # Beginning of GEN3 -> set1: 2506 - 2587
bb.sh.adc.timeoffset = 
   -47.51068    -44.45553    -39.82498    -38.14243    -37.20189    -37.28093    -40.60508 
   -41.81454     -41.9201    -42.37121    -40.03524    -37.86879    -39.00569     -40.0239 
   -35.37954    -40.12761    -32.66879    -32.85699    -34.13254    -33.64268     -38.3616 
   -40.95088    -33.62095    -42.19248    -34.08503    -51.28099    -44.96266     -37.5237 
   -35.27909    -36.43176     -41.0614    -37.81355    -37.75225    -35.99322    -35.37536 
   -37.91792     -35.9022    -38.75804    -36.54309    -34.12183    -37.39942    -38.23851 
   -37.38699    -34.88259    -35.29295    -37.90807    -34.71627    -36.53396    -38.65401 
   -42.77332    -35.09007    -36.54027    -43.27533    -35.18097     -35.3871    -40.06196 
   -43.18889    -35.56303    -39.20841    -36.12614    -33.26106    -41.33382    -39.89042 
    -35.4918    -39.27482    -36.74936    -38.87917    -38.81826    -38.76071    -40.72267 
   -36.19749    -37.83114    -34.27437    -37.61996    -35.46464     -36.9372    -43.27763 
   -38.36388    -36.18555     -38.6951    -36.62959    -35.77251    -34.07822    -40.28325 
   -41.73319    -33.27026    -36.70425    -37.45718    -39.00939    -36.59259    -43.11928 
   -36.29327    -39.10842    -34.94222     -37.7506    -36.92072    -31.82789    -38.67781 
   -36.12822    -39.68562    -39.94067    -37.83226    -36.26491    -36.21085    -39.98057 
   -36.39565     -32.7291    -37.73075    -33.25052    -37.61967    -35.88906    -46.40243 
   -43.28608    -36.54371    -32.25515    -36.25937    -39.13444    -34.47173     -44.4199 
   -32.92561    -37.68193     -36.1592    -41.84009    -32.88361    -34.77432    -35.57385 
   -42.53544    -34.59239    -39.40944    -34.52208    -35.66263    -31.03694    -40.34966 
    -37.4015    -37.13725    -35.58989    -38.85079    -36.96095    -39.03298    -37.79445 
   -37.43696    -40.42354    -32.24486    -37.96401    -31.41163    -36.26702     -37.7353 
   -41.34494    -38.23669    -38.36707    -40.19584    -37.20614    -35.10714    -44.01164 
   -37.57973     -38.6594    -36.10435    -34.40711    -37.03334    -39.00439    -36.73983 
   -37.80052    -34.52407    -48.26188     -48.2148    -49.92697     -38.1786    -41.62452 
   -46.70685    -49.36574    -48.37052    -48.85853    -42.93299     -46.8933    -37.66441 
   -45.86275    -41.22821    -46.75491    -46.70297    -47.76371    -44.95601    -46.21383 
   -46.11856    -45.61839    -49.39267    -49.59426    -52.68716    -50.69096    -50.84074 

# Calibration done with LH2 data for 100% SBS field. GEN3
# Latest on 01/12/2026 for pass 2 (elastic cuts). Runs 2496-2505
-------[ 2022-11-11 00:05:00 ]
bb.sh.adc.gain =
0.00912698 0.00930611 0.00954235 0.00975294 0.00994576 0.010109 0.00938558
0.00909542 0.00898522 0.00889311 0.00869438 0.00872575 0.00897099 0.00967366
0.00905056 0.00850165 0.0096664 0.00967763 0.00953335 0.00995452 0.00921778
0.00886431 0.00800514 0.00785609 0.00912628 0.0185919 0.0135432 0.00929333
0.00287222 0.00875948 0.00909368 0.0090015 0.0104433 0.00879214 0.00712046
0.00985564 0.00863818 0.00810377 0.00909627 0.0103531 0.00979639 0.0092176
0.00981259 0.0080439 0.00874468 0.00831693 0.00760092 0.00955553 0.0057255
0.0102791 0.00700368 0.00732463 0.0085102 0.00799445 0.00879324 0.0129209
0.00780401 0.00943416 0.00979889 0.00870617 0.00903713 0.0100495 0.00966025
0.00614042 0.00892641 0.00717901 0.00800232 0.00976932 0.00902346 0.00801568
0.00723772 0.00824214 0.0084575 0.00837463 0.008336 0.00904516 0.00990611
0.011979 0.00830613 0.00889066 0.00802951 0.00906499 0.00599346 0.0133735
0.00730804 0.00887422 0.00806353 0.00758004 0.00917101 0.00901502 0.00866572
0.010274 0.00852174 0.00783475 0.00931265 0.00842171 0.00902292 0.00708135
0.00504028 0.0080061 0.00832386 0.00746689 0.00823717 0.00697825 0.00914778
0.0073299 0.00693907 0.0074539 0.00921452 0.00783828 0.00750345 0.00670259
0.00517788 0.00843612 0.00686409 0.00895875 0.00920154 0.00829686 0.00909902
0.00725141 0.00765253 0.00837719 0.00750026 0.00642688 0.0093276 0.00283145
0.00379582 0.0068496 0.00761311 0.00715756 0.00755781 0.0082581 0.00404179
0.00658572 0.0086504 0.00692072 0.00830741 0.00822497 0.00868298 0.0107336
0.00441382 0.0098656 0.00861325 0.00877107 0.00861833 0.0130387 0.00549752
0.00656736 0.00648377 0.0117019 0.0101292 0.0155001 0.00826952 0.0108523
0.00548365 0.0159057 0.0159462 0.0101529 0.00891927 0.00935235 0.00953175
0.00868538 0.0174909 0.0104372 0.00860716 0.0138857 0.0157313 0.00898531
0.00863199 0.00863388 0.00865097 0.0086651 0.00878247 0.00863335 0.00827209
0.00850049 0.00897259 0.00881228 0.00895356 0.00864143 0.00878039 0.00832417
0.00875614 0.00886049 0.00863069 0.00864313 0.00858195 0.00846061 0.00826958

-------[ 2022-11-16 09:10:00 ] # GEN3 -> set2: 2613 - 2699
bb.sh.adc.timeoffset = 
   -46.60317    -43.45668    -38.82796    -36.15785    -36.39886    -36.50943    -39.56437 
   -39.99336    -40.05799    -40.64461    -38.23967    -36.10019     -37.1923    -38.24144 
   -33.63055    -38.37519    -30.92327    -31.10677    -32.41036    -31.89353    -36.64657 
   -39.15606    -31.86767    -40.39781    -32.29804    -49.44639     -43.1912    -35.76191 
   -33.44794    -34.69259     -39.3257    -36.05087    -35.97548    -34.20686    -33.59561 
   -36.14296    -34.14353    -37.08847    -34.80413    -32.36776    -35.65899    -36.46942 
   -35.57495    -33.12049    -33.53873    -36.15082    -32.96419    -34.79006    -36.81617 
   -41.05417    -33.33529    -34.79662    -41.55498    -33.44658    -33.64071    -38.40674 
   -41.44758    -33.84891    -37.51137     -34.3905    -31.55852    -39.65443    -38.14712 
    -33.7715    -37.57407    -35.05325      -37.186    -37.10308    -37.03384     -38.9257 
   -34.50537    -36.14135    -32.57729    -35.93197    -33.74158    -35.20739    -41.53738 
   -36.65432    -34.49807    -37.00083    -34.91976    -34.07326     -32.3578    -38.52982 
   -40.08792     -31.5771    -35.02398    -35.75878    -37.31252    -34.90307    -41.35192 
   -34.51511    -37.40819    -33.22902    -36.06035    -35.21386    -30.11991    -36.88778 
   -34.33266    -37.96423    -38.22188    -36.10455    -34.51117    -34.48433    -38.19067 
    -34.6231    -30.99298    -36.00591    -31.49758    -35.87112    -34.12523    -44.55358 
   -41.53576    -34.80904    -30.51956    -34.51782    -37.40113    -32.72375    -42.62496 
   -31.13829    -35.96905    -34.42731    -40.10702    -31.15623    -33.06616    -33.79414 
   -40.69072    -32.87767    -37.70342     -32.8046      -33.955    -29.34744    -38.60393 
   -35.58425    -35.40625    -33.84044     -37.1243     -35.1994    -37.29163    -35.96864 
   -35.62411    -38.69752    -30.37836     -36.2107    -29.67522    -34.50781      -35.929 
   -39.54732    -36.48649    -36.61772     -38.4178    -35.47765    -33.38001    -42.20765 
   -35.83449    -36.92878    -34.36782    -32.65602    -35.30875    -37.25839    -34.99467 
   -36.06831    -32.82495    -46.58696    -46.54269    -48.15371    -36.48006     -39.9862 
   -45.02402    -47.68502    -46.69701    -47.04797    -41.30407    -45.24664    -36.10263 
   -44.31708    -40.19825    -44.63588    -45.40351    -45.98988    -43.42499    -44.52488 
   -44.31456    -43.63725     -48.3329    -49.14745    -52.32604    -50.14471    -50.46283 

-------[ 2022-11-20 02:38:00 ] # GEN3 -> set3: 2700 - 2770
bb.sh.adc.timeoffset = 
   -45.74041     -42.6377    -38.10196    -36.13564    -35.45136    -35.51327    -38.48247 
   -40.00621    -40.03922    -40.62892    -38.25973    -36.05028    -37.18467    -38.34852 
   -33.66065    -38.39281    -30.93963    -31.11654    -32.45095    -31.91228    -36.71749 
   -39.11421    -31.87214    -40.36741    -32.35502     -49.5205    -43.25831    -35.72467 
   -33.45132    -34.71248    -39.34654    -36.09513    -36.04516    -34.25837     -33.6007 
   -36.12452    -34.17008    -37.14257    -34.84433    -32.42524    -35.69787    -36.47017 
   -35.55193    -33.14422    -33.56452    -36.18619    -32.97383    -34.83241    -36.84431 
   -40.99916    -33.36638    -34.83622    -41.58448     -33.4839    -33.68491    -38.37777 
   -41.37324    -33.88621    -37.54202    -34.40995    -31.57697    -39.68098    -38.13405 
   -33.78339    -37.58092    -35.05344    -37.17026    -37.10652     -36.9751    -38.87776 
   -34.50477    -36.13807    -32.57956    -35.92604     -33.7403    -35.21767    -41.56716 
   -36.58354     -34.5105    -37.00424    -34.92693    -34.09335    -32.36837    -38.47158 
   -40.11439    -31.60071    -35.03461    -35.77454    -37.33435    -34.91378    -41.44161 
   -34.51841    -37.43222    -33.25529    -36.06798    -35.24068    -30.13353    -36.84986 
   -34.33707    -37.99032    -38.25344    -36.12685    -34.53568    -34.49211    -38.16968 
   -34.61771    -31.01722    -36.03147    -31.52273    -35.89263    -34.14124    -44.44767 
   -41.55389    -34.83337    -30.54282    -34.53952    -37.43545    -32.75775    -42.60711 
   -31.15652    -35.96966    -34.43996    -40.14579    -31.17542     -33.0865    -33.82845 
   -40.66629    -32.90437    -37.71077     -32.8259    -33.96965    -29.35356    -38.51557 
   -35.58979    -35.44796    -33.87125     -37.1678      -35.225    -37.32021    -35.97274 
     -35.655    -38.75354    -30.42074    -36.24014    -29.72586    -34.55489    -35.91522 
   -39.61478    -36.56229     -36.6812    -38.49729    -35.55817    -33.42591     -42.1774 
   -35.85188    -37.00743    -34.43153    -32.67296    -35.33611    -37.26475    -35.04151 
   -35.97825    -32.76832     -46.4802    -46.46438    -48.19037    -36.39841    -39.92109 
   -44.97343    -47.54618    -46.65239    -47.01314    -41.24244    -45.27775     -36.1249 
   -44.89788    -40.11681    -45.38544    -45.12535    -45.70468    -44.47982    -44.61403 
   -45.25725    -44.47064    -48.38987    -48.34131    -51.60623    -49.39446    -49.74635 

# Latest on 01/12/2026 for pass 2 (elastic cuts). Runs 2827-2845
-------[ 2022-11-24 07:00:00 ]
bb.sh.adc.gain =
0.00912698 0.00930611 0.00954235 0.00975294 0.00994576 0.010109 0.00938558
0.00909542 0.00898522 0.00889311 0.00869438 0.00872575 0.00897099 0.00967366
0.00905056 0.00850165 0.0096664 0.00967763 0.00953335 0.00995452 0.00921778
0.00886431 0.00800514 0.0140069 0.0100333 0.0243922 0.0140591 0.00929333
0.00287222 0.0102135 0.00739703 0.00817461 0.00836334 0.00922967 0.00712046
0.00940365 0.00904204 0.0090047 0.00928321 0.00971711 0.00824979 0.0114207
0.00840551 0.00895821 0.00894644 0.00879717 0.00878188 0.00976877 0.00463163
0.00944832 0.00813233 0.00810379 0.00920234 0.00871392 0.00947168 0.0118769
0.00768159 0.00911141 0.00983618 0.00893488 0.0094912 0.0100115 0.00906637
0.00695473 0.0090372 0.00727454 0.00857171 0.00981874 0.00907517 0.00869205
0.00900879 0.00848967 0.00922742 0.00891246 0.00873507 0.00941163 0.00812267
0.0107136 0.00875026 0.009543 0.00827246 0.00898377 0.00618833 0.00797359
0.00764501 0.00950298 0.00801682 0.00790553 0.00921002 0.00910602 0.0106291
0.00826083 0.00858376 0.0082685 0.00870704 0.00853637 0.00904427 0.00771404
0.0062933 0.00818005 0.00858378 0.00786083 0.00787353 0.00765425 0.00618429
0.00722591 0.00725075 0.00760391 0.00959857 0.00833242 0.00856181 0.00463814
0.00626235 0.00908583 0.00781807 0.0079585 0.00950159 0.0087178 0.00994635
0.00814951 0.00830429 0.00822583 0.00775552 0.00746053 0.0104361 0.00283145
0.00813301 0.00776593 0.00862121 0.00884525 0.00936323 0.00921687 0.00404179
0.00614863 0.00887521 0.00717586 0.00901997 0.00776428 0.00825363 0.0107336
0.00631452 0.00932261 0.00818869 0.00818566 0.00883728 0.0115537 0.00549752
0.0140348 0.00892646 0.00877125 0.00913882 0.0119264 0.0106388 0.0108523
0.00548365 0.0142936 0.012235 0.0151709 0.0145465 0.00935235 0.00953175
0.00868538 0.0174909 0.0104372 0.00860716 0.0138857 0.0157313 0.00898531
0.00863199 0.00863388 0.00865097 0.0086651 0.00878247 0.00863335 0.00827209
0.00850049 0.00897259 0.00881228 0.00895356 0.00864143 0.00878039 0.00832417
0.00875614 0.00886049 0.00863069 0.00864313 0.00858195 0.00846061 0.00826958

-------[ 2022-12-01 08:45:00 ] # GEN3 -> set4: 2959 - 3093
bb.sh.adc.timeoffset = 
   -41.75609     -39.6992    -36.98089    -36.23985    -36.83595    -36.89055    -39.22335 
   -38.91302    -38.47542     -40.6658    -38.57143    -37.08788    -38.18815    -39.07143 
   -35.16841    -39.05823    -33.05258    -33.35059    -34.23266    -33.64165    -36.97747 
   -40.57251    -33.97444    -42.26119    -33.93991    -50.85124    -44.50383    -36.66808 
   -35.46583    -36.65792    -41.29909    -37.97368    -37.87804     -36.1076    -35.54535 
   -38.25552    -36.18738     -39.2707    -36.84109     -34.3753    -37.66693    -38.51985 
   -37.73181    -35.14776    -35.54445    -38.16037    -35.00975    -36.77816    -38.86173 
   -43.06867    -35.36602    -36.80575    -43.54555    -35.44246    -35.63295    -40.24303 
    -43.5693    -35.84725    -39.54247    -36.39412    -33.54497    -41.61739    -40.30234 
   -35.70858    -39.46845    -36.97592      -39.127    -39.05955    -39.05517    -41.03736 
   -36.45573    -38.08012    -34.55194    -37.86889    -35.69096    -37.13788    -43.42779 
    -38.6103     -36.4567    -38.94283    -36.88302    -36.02273    -34.28212    -40.19168 
   -41.98759    -33.51142    -36.96939    -37.72144    -39.21947    -36.84369    -43.39155 
    -36.4768    -39.35343    -35.22513    -37.98745    -37.16405    -32.08234    -38.99268 
   -36.38152    -39.93704    -40.20707    -38.09758        -36.5    -36.46862    -40.27769 
   -36.57378    -32.96461    -37.97513    -33.48195    -37.85848    -36.12083    -46.83545 
   -43.46367    -36.78551    -32.51937    -36.48849    -39.36202     -34.7127    -44.72888 
   -33.11917    -37.88877    -36.40359    -42.04037     -33.1035    -35.00644    -35.75824 
   -42.79954    -34.85515    -39.66204    -34.77035    -35.92336    -31.30737     -40.6818 
    -37.5933    -37.38778    -35.84515    -39.09218    -37.18786    -39.26124    -37.94986 
   -37.68746    -40.68588    -32.37831    -38.18041    -31.66752      -36.459    -38.05458 
   -41.88625    -38.53016    -38.49874    -40.41702    -37.46053    -35.49867    -44.31223 
   -37.88394    -38.95635    -36.30795      -34.777    -37.34715    -39.27032    -37.10973 
   -38.09379    -34.71624    -48.60592    -48.38169    -49.99575    -38.39212    -41.96257 
   -46.76844    -49.58659    -48.54746     -48.9494    -43.07391    -47.11539    -37.92849 
   -46.26604    -42.09889    -47.67548    -47.44961    -48.80964    -46.10839    -46.68611 
   -46.89546    -46.50504    -50.09747    -50.24931    -53.05784    -51.02303    -51.31302 

-------[ 2022-12-07 20:40:00 ] # GEN3 -> set5: 3108 - 3250
bb.sh.adc.timeoffset = 
   -48.40167    -45.27336    -40.55597    -38.18847    -38.11546    -38.24902    -40.92539 
   -42.01773    -42.15574    -42.65653    -40.28313     -38.1354     -39.2263    -40.30933 
   -35.57755    -40.36264    -32.87839    -33.03123    -34.38353    -33.89787    -38.76232 
   -41.33266    -33.90054    -42.95322    -34.28718    -51.54204    -45.13809    -37.75608 
   -35.53254    -36.69422    -41.36438    -38.08094    -37.93449    -36.17702    -35.61795 
   -38.21912    -36.12417    -39.24779    -36.81616    -34.33511    -37.62327    -38.47863 
    -37.7018    -35.12575    -35.51611    -38.12667    -34.98381    -36.77235     -38.8911 
   -43.06152    -35.31279    -36.76947    -43.52176    -35.42364    -35.61364    -40.16981 
   -43.53631    -35.80363    -39.53051    -36.36494    -33.51464    -41.59143     -40.2673 
   -35.64009    -39.42685    -36.91462    -39.09676    -38.99836    -38.92406    -41.00107 
   -36.41682    -38.03719    -34.51517    -37.83859    -35.66042    -37.11243    -43.40341 
   -38.58039    -36.40852    -38.89907    -36.84998    -36.02855    -34.25702    -40.15705 
   -41.95065    -33.49038     -36.9221     -37.6817    -39.19211    -36.80705    -43.34754 
   -36.38366    -39.31382    -35.17121    -37.96992    -37.14321    -32.03584    -38.98158 
   -36.32582    -39.89221    -40.17553    -38.05466    -36.44613    -36.43209    -40.23068 
   -36.54255    -32.91788    -37.93683    -33.45238    -37.81749    -36.07814    -46.79426 
   -43.39548    -36.73754    -32.47795    -36.44169    -39.33564    -34.66706    -44.70025 
   -33.05756     -37.8749    -36.36901    -42.01194    -33.07507    -34.98311    -35.79591 
   -42.74745    -34.81669    -39.63526    -34.74212    -35.88387     -31.2786    -40.71325 
   -37.52165    -37.36093    -35.79677    -39.07744    -37.15105    -39.24884    -37.89875 
   -37.62075    -40.66821    -32.33457    -38.14832    -31.62866    -36.41547     -38.1059 
   -41.82306    -38.48831    -38.47188    -40.36113    -37.41565    -35.45719    -44.35281 
   -37.81814    -38.92499    -36.28494    -34.73834    -37.35831    -39.22853    -37.05243 
   -38.04792    -34.78661    -48.63763    -48.39533    -49.99095    -38.40696    -41.92284 
   -46.88682    -49.65897    -48.57684    -49.05886     -43.1799    -47.11693    -37.92997 
   -47.04586    -42.29261    -47.75022    -47.16913    -48.20087    -45.84914    -46.22725 
    -47.9681    -47.33163    -50.92214    -51.08199     -54.2309    -51.90158    -52.29134 

########################################################

############             GEN4-a             ############

########################################################

-------[ 2023-01-12 00:00:00 ] # Beginning of GEN4 -> set1: 3510 - 3998
bb.sh.adc.timeoffset = 
    -43.9211    -39.84825    -42.29644    -35.65478    -33.86641    -33.30006    -37.49269 
   -42.65619    -42.69023    -42.71344    -42.33017    -39.83692     -40.4973     -37.2487 
   -36.55776    -45.25401    -32.92683    -34.06051    -33.95021    -33.53498    -39.03654 
   -42.95823    -33.29403    -47.40586    -34.42836      -51.264    -42.60783    -36.70458 
   -37.62606    -38.51865     -43.6493    -41.68153    -40.76993     -36.8672    -35.75302 
   -39.80508    -38.01193    -40.02303    -36.97684     -33.7879    -40.70629    -36.69809 
   -38.94833    -37.34571    -36.11728    -39.62229    -36.85045    -37.13428    -38.08148 
   -44.89634    -34.46472    -36.04335    -43.13662    -34.65633    -35.11626    -40.21063 
   -44.46632    -35.08179    -39.02098    -35.51088    -32.79717    -40.97722    -39.39899 
   -34.71413    -38.67069     -36.2203    -38.43686    -38.55383    -38.37197    -40.65741 
   -35.48131    -37.22602     -33.8911    -37.13488    -34.99928    -36.29493     -43.0418 
   -39.88878     -35.6998    -38.30481    -36.10011    -35.49315    -34.37861    -39.39332 
   -40.48411    -32.64974    -36.26781     -36.9048    -38.60982    -36.27517    -42.23661 
   -36.31846    -38.39167    -34.49168    -37.45212    -36.56912    -31.18069    -39.42202 
   -37.86093    -39.40493     -39.4854    -37.33472    -35.99167    -35.69893    -41.96469 
   -35.66859    -31.86896    -37.11839    -32.99379    -36.89673    -35.37252    -48.94782 
   -43.50867    -36.01195    -31.75164     -35.9833    -38.92711    -33.84389    -45.65634 
    -35.7544    -37.58009    -35.97925    -42.01327    -32.47162    -34.37412    -35.86262 
   -44.54275    -34.01982    -39.08075    -34.03911    -35.19221    -30.42985    -42.03784 
   -37.28175    -37.31393    -34.87947    -38.84923    -36.57822    -38.78344    -38.37664 
   -41.32577    -45.14707    -32.22562    -39.13427     -31.6651    -40.48432    -39.64247 
   -43.42705    -41.22279    -38.38405    -40.17277     -38.2511    -35.46849    -45.68975 
   -38.48311    -39.93354     -35.7901    -35.37684    -40.31092    -42.66934    -35.00855 
   -40.80739    -34.84796    -48.95968    -48.38757    -49.86603    -38.24871    -40.47066 
    -45.0197    -47.72853    -48.61131    -49.57407    -42.11082    -47.62064    -34.75387 
   -43.37397    -38.48262    -44.98102    -48.82034    -50.28648    -46.46032    -46.42077 
   -43.10737    -42.28262    -44.51682    -44.98363    -48.39468    -45.74202    -45.86647 


-------[ 2023-01-12 17:25:00 ]
## Asuming trigger amplitudes are aligned to 10mV (Run 3463)BB ON/SBS OFF
bb.sh.adc.gain =
0.0132621 0.0133768 0.0131122 0.0137868 0.013642 0.0136222 0.0135643
0.0136635 0.0138179 0.0130173 0.0134725 0.0131727 0.0135784 0.0133347
0.0132763 0.0126739 0.0143299 0.0145454 0.0137787 0.0146948 0.0134144
0.0130838 0.0144685 0.0134953 0.0141008 0.0139088 0.0144421 0.0126943
0.013708 0.0134192 0.0127365 0.0133172 0.013325 0.0129628 0.0133013
0.0133694 0.0134787 0.0132462 0.0138888 0.0131978 0.0130391 0.0130913
0.0148385 0.0148924 0.0141344 0.0135199 0.0151659 0.0144833 0.0142298
0.0134738 0.0148954 0.0149754 0.0137756 0.0149385 0.0152694 0.0136884
0.0132413 0.0138138 0.01303 0.0139658 0.013991 0.0134884 0.0135594
0.0142083 0.0133406 0.013729 0.0135427 0.0135376 0.0132713 0.0131037
0.0142602 0.0141079 0.0138999 0.0140269 0.0139262 0.0138835 0.0132642
0.0134437 0.0142435 0.0137756 0.0142427 0.0144758 0.0139623 0.0136199
0.0137434 0.0143542 0.0139031 0.0137606 0.0135378 0.0134815 0.0130479
0.0136375 0.0134506 0.0137088 0.0135191 0.0134632 0.0145575 0.0129154
0.0142491 0.0138348 0.0135199 0.0137593 0.0140119 0.0141119 0.0135092
0.0142372 0.0135385 0.0135148 0.0142899 0.0135386 0.0138033 0.0130687
0.0133237 0.0136944 0.0149133 0.0135258 0.0134315 0.0141757 0.0130612
0.0144971 0.0137525 0.0139051 0.0134038 0.0143718 0.0139055 0.0142643
0.0133691 0.0144317 0.0135981 0.0139567 0.0139939 0.0144726 0.0135299
0.0138838 0.0135175 0.0142162 0.0137063 0.0137774 0.0136142 0.01331
0.0124322 0.0131214 0.0142174 0.013164 0.0145521 0.0132329 0.0123395
0.013156 0.0134436 0.0133478 0.0132391 0.0132922 0.0138417 0.0125496
0.0135936 0.0131092 0.0136723 0.0138236 0.0136381 0.0132937 0.0132472
0.0136439 0.013932 0.0131345 0.0133572 0.0135308 0.012737 0.0126537
0.0130252 0.0132763 0.0134335 0.0131362 0.014028 0.0133066 0.0133902
0.0126691 0.0138217 0.0131414 0.013316 0.0128492 0.0129478 0.0130538
0.0130071 0.0130769 0.0127246 0.012903 0.0130851 0.0128603 0.0127683

-------[ 2023-01-14 08:30:00 ]
## Asuming trigger amplitudes are aligned to 10mV (Run 3465) BB/SBS ON
bb.sh.adc.gain =
0.0145048 0.0149253 0.0149318 0.0151626 0.11397 0.0168643 0.0148251
0.0142379 0.0143369 0.0139998 0.0138535 0.0137629 0.0140005 0.015933
0.0128535 0.0135006 0.0135454 0.0135976 0.0132753 0.0134692 0.0150585
0.0136598 0.0141173 0.013927 0.0135994 0.0138633 0.0125687 0.0163245
0.014189 0.0135178 0.0133138 0.0137977 0.0134618 0.0122058 0.0154672
0.0138526 0.0130827 0.012444 0.0128401 0.0135475 0.013017 0.0152236
0.0153685 0.0138449 0.0135199 0.0132394 0.0140292 0.0134889 0.0168797
0.014146 0.0149163 0.0136286 0.0134175 0.0139663 0.0136696 0.0151118
0.0138934 0.0134069 0.0124555 0.0131867 0.0138389 0.0123323 0.0154417
0.0136881 0.0133103 0.0136116 0.0132942 0.0126533 0.0126108 0.0147644
0.0134462 0.0139131 0.0139821 0.0129587 0.0134147 0.0138588 0.0151503
0.0128682 0.0140405 0.0135367 0.0140156 0.0144939 0.0134136 0.0155221
0.0142343 0.0137973 0.0138067 0.0137117 0.0134517 0.0127828 0.0146682
0.0128832 0.0129985 0.0137639 0.0135604 0.0134136 0.0144439 0.0151663
0.0135684 0.0135568 0.0132199 0.0137082 0.013801 0.0137186 0.0158226
0.0134439 0.0135974 0.0131063 0.0140175 0.0133222 0.0135743 0.0149755
0.0138714 0.0136124 0.0148453 0.0135965 0.013247 0.0137588 0.0148156
0.0136405 0.0135596 0.0137988 0.0129462 0.0142414 0.0132581 0.0162652
0.013225 0.0141867 0.013022 0.0141112 0.0133977 0.0142727 0.0144552
0.013002 0.0131887 0.0138655 0.012743 0.0136724 0.0127762 0.0137758
0.0130235 0.0134452 0.0134208 0.0128316 0.013855 0.0130811 0.0144733
0.0139006 0.0131525 0.0127677 0.012728 0.0127666 0.0129428 0.014934
0.0129468 0.0129441 0.0133993 0.0129445 0.0133972 0.0132742 0.0146079
0.0135794 0.0135311 0.0130043 0.0133466 0.0134106 0.0124871 0.0137729
0.012544 0.0127186 0.0130326 0.0128792 0.0128313 0.012959 0.0117171
0.0121371 0.0132081 0.0128454 0.0130248 0.0127018 0.0127772 0.0125178
0.0124984 0.0128096 0.0123427 0.0131609 0.0136644 0.0133392 0.0123459

-------[ 2023-01-15 17:06:00 ]
## Asuming trigger amplitudes are aligned to 10mV
## Calibrated using all He3 data and no elastic cuts
## SET 1: runs 3511-3526
## Latest calibration on January 12 2026
bb.sh.adc.gain =
0.0145048 0.0132463 0.011891 0.0151626 0.0196651 0.0171831 0.0148251
0.0181597 0.0140351 0.0153619 0.0177947 0.0167226 0.0229822 0.0152828
0.013395 0.00538449 0.0101884 0.0133101 0.0119898 0.0136049 0.0162148
0.0100016 0.0131755 0.0147873 0.0137299 0.017863 0.0104839 0.0130469
0.0126571 0.0129508 0.0142809 0.0124657 0.0133888 0.0142431 0.0155347
0.0116441 0.0126823 0.0125556 0.0134018 0.0136748 0.0130873 0.0140718
0.0134036 0.0134537 0.0127844 0.0125602 0.0123652 0.0141239 0.0127118
0.0119156 0.0111903 0.0118399 0.0121492 0.0130677 0.0134291 0.0172275
0.0131779 0.013417 0.0135782 0.0129787 0.0143619 0.0142112 0.013378
0.00990809 0.0132304 0.0119335 0.0125148 0.0140267 0.0128724 0.010939
0.0130795 0.0128971 0.0142316 0.0126614 0.0131354 0.0133033 0.0142365
0.0121003 0.0137123 0.0140221 0.0123122 0.0137546 0.0130535 0.0150282
0.0114593 0.0147796 0.0121303 0.011775 0.013747 0.0134581 0.0103504
0.0112486 0.0121173 0.0125922 0.0135497 0.0138252 0.0140754 0.00851087
0.0105708 0.0120148 0.0123652 0.0119032 0.0119005 0.0110377 0.0129763
0.00980488 0.0110976 0.0117573 0.0133251 0.011863 0.0117658 0.00791313
0.00947834 0.0135044 0.0116673 0.0135627 0.0143519 0.0131262 0.0117409
0.0105161 0.0123298 0.0127714 0.0115421 0.0109825 0.0140921 0.00801832
0.0114881 0.0116416 0.0118262 0.0124624 0.0133964 0.0122367 0.0122817
0.00970931 0.0129346 0.0104922 0.0124285 0.0112823 0.0131577 0.00937571
0.00879602 0.0137803 0.011135 0.011709 0.0131625 0.0133624 0.00673655
0.0115186 0.0132772 0.0115288 0.0121525 0.012105 0.0116784 0.00908271
0.0102118 0.011445 0.012811 0.0108829 0.0126251 0.0132573 0.0167639
0.0135794 0.0142757 0.00654616 0.00813287 0.0129906 0.0124871 0.0137729
0.012544 0.0127186 0.0130326 0.0128792 0.0128313 0.012959 0.0117171
0.0121371 0.0132081 0.0128454 0.0130248 0.0127018 0.0127772 0.0125178
0.0124984 0.0128096 0.0123427 0.0131609 0.0136644 0.0133392 0.0123459

-------[ 2023-01-16 20:00:00 ]
## Asuming trigger amplitudes are aligned to 10mV
## Calibrated using all He3 data and no elastic cuts
## SET 2a: runs 3552-3596
## Latest calibration on January 12 2026
bb.sh.adc.gain =
0.00351951 0.00519515 0.000414753 0.0151626 0.0157769 0.0245841 0.0135643
0.0128167 0.014846 0.0147813 0.0143346 0.0148204 0.0127137 0.000656718
0.000671649 0.010054 0.0101884 0.0198681 0.0124078 0.0121932 0.0162545
0.013808 0.0130125 0.0144625 0.0124746 0.0126666 0.0166805 0.00487224
0.013703 0.013107 0.0145701 0.0133559 0.0139632 0.0135132 0.023745
0.0120186 0.012845 0.0117791 0.0132213 0.0139202 0.0133397 0.011014
0.0127731 0.0129308 0.0114957 0.0126369 0.0120716 0.0129732 0.0148583
0.0105444 0.011199 0.0112768 0.0122658 0.0118839 0.0130551 0.0110909
0.0133697 0.0133325 0.0130376 0.0128722 0.0142835 0.0139906 0.0157139
0.00952633 0.013018 0.0112732 0.0122293 0.0138409 0.0127313 0.0138706
0.0114532 0.012345 0.0130206 0.0123367 0.0131988 0.013024 0.0146876
0.0117229 0.0131429 0.0137747 0.0119493 0.0132894 0.0125343 0.0138555
0.0114482 0.01362 0.0116393 0.0107746 0.0130487 0.0133642 0.013265
0.0122004 0.011946 0.0120504 0.0134582 0.0126627 0.0130623 0.0134133
0.00976618 0.0124233 0.0125138 0.0114989 0.0124078 0.0108105 0.0113072
0.00971713 0.0109085 0.0117825 0.0136315 0.0112787 0.0118274 0.010525
0.00942303 0.0131759 0.0116367 0.0129245 0.0145427 0.0124995 0.0103171
0.010715 0.0128856 0.0125976 0.0119277 0.0113497 0.013677 0.0130892
0.0113433 0.0119437 0.0128835 0.0122964 0.0131248 0.0119874 0.010379
0.010312 0.0129503 0.0113 0.0123584 0.0115785 0.0128027 0.0108486
0.0112063 0.0140603 0.011549 0.0114619 0.0128454 0.0139818 0.011724
0.0118247 0.0128026 0.0118614 0.0122765 0.0120007 0.0118585 0.0108091
0.00864065 0.0118772 0.0118071 0.010761 0.0132559 0.0137126 0.00574417
0.0136439 0.0072571 0.0127298 0.000612997 0.0129906 0.0124871 0.0137729
0.012544 0.0127186 0.0130326 0.0128792 0.0128313 0.012959 0.0117171
0.0121371 0.0132081 0.0128454 0.0130248 0.0127018 0.0127772 0.0125178
0.0124984 0.0128096 0.0123427 0.0131609 0.0136644 0.0133392 0.0123459

-------[ 2023-01-20 03:00:00 ]
## Asuming trigger amplitudes are aligned to 10mV
## Calibrated using all He3 data and no elastic cuts
## SET 2b: runs 3671-3890
## Latest calibration on January 12 2026
bb.sh.adc.gain =
0.00351951 0.0121858 0.000414753 0.0151626 0.00786664 0.0113448 0.0135643
0.0140102 0.014771 0.0149373 0.0148405 0.0146607 0.014229 0.0144351
0.00464488 0.0124625 0.0030368 0.0101701 0.00566112 0.00824075 0.0132028
0.0122201 0.0125974 0.0146628 0.012766 0.014049 0.0146309 0.0150909
0.0137767 0.0130497 0.0144508 0.0133851 0.0136023 0.013227 0.0171509
0.0121943 0.0129477 0.0120533 0.01321 0.0139402 0.0131721 0.0154658
0.0124988 0.0127829 0.011376 0.0125017 0.0119897 0.0127744 0.0272848
0.0109158 0.0111795 0.011117 0.0122721 0.0118034 0.01304 0.0108881
0.0129953 0.0133101 0.0129916 0.0129568 0.0141394 0.0139004 0.0171825
0.0100896 0.0130486 0.011023 0.0124076 0.0140318 0.0127863 0.015449
0.0114682 0.0124665 0.013007 0.0125247 0.0134078 0.0131295 0.0157844
0.0122611 0.0129652 0.0139463 0.0121481 0.0134242 0.0132486 0.0134756
0.0112761 0.0135493 0.0115973 0.010817 0.0129501 0.0135517 0.0137545
0.0117896 0.0120354 0.0118078 0.013542 0.0125188 0.0130038 0.0141688
0.0103559 0.0126014 0.0127778 0.0115859 0.012659 0.0109049 0.013316
0.0100891 0.016339 0.0117566 0.0137911 0.0116142 0.012027 0.00929286
0.00993405 0.0132571 0.0120328 0.0133249 0.0145811 0.0125765 0.0114397
0.0111442 0.0128749 0.0124822 0.01191 0.0115726 0.0138354 0.0127497
0.011248 0.0122957 0.012886 0.0125985 0.01347 0.0122061 0.0112501
0.0107666 0.0132913 0.0115031 0.0123673 0.0114795 0.0126675 0.0118367
0.0113002 0.0141364 0.0115305 0.0115701 0.0130443 0.0137016 0.012566
0.0120444 0.0131301 0.0120919 0.0122281 0.0115762 0.0119817 0.00915561
0.00830334 0.011974 0.0129613 0.0112848 0.0137559 0.0133407 0.0130792
0.0136439 0.0152005 0.000415225 0.00815439 0.00459898 0.00503545 0.0137729
0.012544 0.0127186 0.0130326 0.0128792 0.0128313 0.012959 0.0117171
0.0121371 0.0132081 0.0128454 0.0130248 0.0127018 0.0127772 0.0125178
0.0124984 0.0128096 0.0123427 0.0131609 0.0136644 0.0133392 0.0123459

-------[ 2023-02-02 10:00:00 ]
## Asuming trigger amplitudes are aligned to 10mV
## Calibrated using all He3 data and no elastic cuts
## SET 3: runs 3923-3998
## Latest calibration on January 12 2026
bb.sh.adc.gain =
0.00126223 0.0160486 0.00926928 0.0151626 0.0235099 0.0168151 0.00234953
0.0141638 0.0146956 0.0148444 0.0143009 0.0146029 0.0146674 0.0142677
0.00233237 0.00868472 0.0122129 0.00466062 0.0123892 0.0123222 0.0124989
0.0125439 0.0127527 0.0144478 0.0128725 0.0128329 0.0144796 0.0147524
0.0138058 0.0131727 0.0144491 0.0135763 0.014091 0.0134227 0.0177764
0.0122355 0.0131596 0.0122224 0.0132726 0.0140174 0.0132935 0.0144695
0.0128574 0.0129707 0.011529 0.012541 0.012205 0.0130903 0.018269
0.0114357 0.0112107 0.0111863 0.0121646 0.0117999 0.0130828 0.0115016
0.0127699 0.013436 0.0131697 0.0130439 0.0142457 0.0138975 0.0152305
0.0101848 0.0130799 0.0111139 0.0123951 0.0141018 0.0128605 0.0130197
0.0115347 0.0124699 0.0131275 0.0124456 0.0133673 0.012938 0.0153348
0.0123537 0.0130252 0.0139668 0.0120571 0.0132886 0.013405 0.0133355
0.0114943 0.0137353 0.0116079 0.010721 0.0130524 0.0135383 0.0136866
0.0121485 0.011964 0.0118691 0.0133513 0.0125154 0.0130086 0.013559
0.0102255 0.0126426 0.0129168 0.0116005 0.0126286 0.0111052 0.0125112
0.00988817 0.0164895 0.0120835 0.0138454 0.0116909 0.0122666 0.00917319
0.0105552 0.0134146 0.0121957 0.0135596 0.0147733 0.0127158 0.0110515
0.0113676 0.0129765 0.0127548 0.0118686 0.0116834 0.0140524 0.0120641
0.0111546 0.0122775 0.0128314 0.0125341 0.0133569 0.0121841 0.0113459
0.010583 0.0131227 0.0116832 0.0125609 0.0117527 0.0129191 0.0113522
0.0118097 0.014073 0.0117271 0.0115597 0.0132275 0.0137519 0.0116964
0.0124788 0.013128 0.0121531 0.0122895 0.011746 0.0124075 0.0099911
0.00941245 0.012331 0.0126696 0.0112314 0.0146889 0.0132754 0.00418991
0.0135794 0.00811441 0.00986525 0.000413445 0.00361113 0.0124871 0.0137729
0.012544 0.0127186 0.0130326 0.0128792 0.0128313 0.012959 0.0117171
0.0121371 0.0132081 0.0128454 0.0130248 0.0127018 0.0127772 0.0125178
0.0124984 0.0128096 0.0123427 0.0131609 0.0136644 0.0133392 0.0123459

-------[ 2023-02-09 00:00:00 ] # GEN4 -> set2: 4023 - 4122
bb.sh.adc.timeoffset = 
   -41.56476    -37.54003    -40.27852    -31.62788     -31.9286    -30.17116    -35.91447 
   -41.25529    -41.13062    -41.01292    -40.54751    -38.42518     -39.3015     -36.3711 
   -34.53098    -43.45393     -30.9998    -32.09075    -31.96279    -31.75367    -38.61128 
   -41.09181    -31.40994    -45.30839    -32.39422    -49.29035    -40.88004    -34.98638 
   -35.93851    -36.94254    -41.23636    -40.30243    -41.33672    -35.39952    -34.16893 
   -39.32675    -37.66188    -40.44624    -36.88401     -34.7182    -42.20673    -34.58237 
   -36.99338    -35.46124    -34.25026    -37.69959     -35.1113    -35.08449    -35.49322 
   -42.49018    -32.49388    -34.07299    -41.09528    -32.69461    -33.07976    -39.57231 
   -42.32527    -33.09744    -37.11529    -33.47266    -30.71562    -39.01797    -36.65444 
   -32.70431    -36.55285    -34.19513      -36.349    -36.54156    -36.41769    -39.67204 
   -33.50313    -35.20784    -31.89158     -35.1235    -32.99825    -34.35233    -42.32688 
   -37.94212    -33.68865     -36.3111    -34.10794    -33.51085    -32.43395    -38.61241 
   -38.45236    -30.65471    -34.31168    -34.94829    -36.60216    -34.28461    -42.02023 
   -34.35285    -36.38124    -32.53405    -35.49409    -34.61993     -29.2272    -38.27146 
   -36.02012    -37.39036    -37.47405    -35.36671    -34.02656    -33.72115    -39.89958 
    -33.6861    -29.69175    -35.06871    -30.98647    -34.85739     -33.3634    -47.17954 
   -41.50386    -33.98676    -29.75085    -33.93693    -36.91927    -31.92958    -44.29201 
   -33.87671    -35.58393     -33.9536    -40.01096    -30.44259    -32.30208    -34.46554 
   -42.52745     -32.0117    -37.03678    -31.97014    -33.21221    -28.38733    -39.76405 
   -35.28206    -35.21702    -32.85816    -36.78786    -34.56231    -36.88336    -36.23132 
   -39.43325    -43.27376    -30.26011    -37.20978    -29.67568    -38.49104    -38.42595 
   -41.50909    -39.28497    -36.54651    -38.28881    -36.36114    -33.57892    -45.45107 
   -36.47527    -37.98335    -33.91931    -33.51371    -38.60272    -40.85466    -34.48707 
   -39.16108    -33.07572    -48.40766    -47.56257    -48.23401    -37.71512    -39.35591 
   -43.72426     -45.4775    -46.70522    -47.47503    -39.45053     -46.7079    -33.84113 
   -41.79485    -36.23159    -43.07493     -46.7213    -47.62619    -43.99313    -45.50803 
   -41.52825    -40.03159    -42.61073    -42.88459    -45.73439    -43.27483    -44.95373  

-------[ 2023-02-09 10:00:00 ]
## Asuming trigger amplitudes are aligned to 10mV
## Calibrated using all He3 data and no elastic cuts
## SET 4: runs 4023-4122
## Latest calibration on January 12 2026
bb.sh.adc.gain =
0.00398973 0.0157524 0.00926928 0.0151626 0.0144145 0.0152183 0.00561889
0.0159463 0.0149081 0.0148296 0.0146106 0.0148069 0.0142642 0.0121732
0.00788746 0.0112692 0.00979215 0.0136207 0.0129241 0.0126437 0.0151965
0.0143046 0.012663 0.0150891 0.0125805 0.0134661 0.013024 0.0116517
0.0135102 0.0134417 0.0144835 0.013129 0.0127524 0.0136548 0.0179868
0.0112929 0.01357 0.0135055 0.0135165 0.0142104 0.0132075 0.0239033
0.0134274 0.0132921 0.0120077 0.0129347 0.0123926 0.0135284 0.00877598
0.0114234 0.0115984 0.0114556 0.0126071 0.0121513 0.0129801 0.0101284
0.013091 0.013554 0.0134012 0.0131847 0.0144466 0.0139919 0.0162537
0.0108004 0.0132355 0.0115281 0.0127079 0.0140487 0.0128626 0.0139124
0.0119045 0.0127216 0.0131899 0.0126935 0.0135248 0.0132136 0.0151477
0.0122546 0.0132774 0.0141205 0.0125086 0.0134549 0.0134062 0.0143336
0.0115825 0.0138036 0.0119883 0.0111816 0.0132929 0.0136431 0.0147603
0.0122588 0.0122174 0.0119836 0.0136202 0.0127786 0.0133239 0.0141888
0.0106744 0.0129805 0.013042 0.0118764 0.0129283 0.0112925 0.013099
0.012354 0.0128177 0.0121666 0.0138448 0.0118174 0.0123674 0.0096804
0.0104894 0.013531 0.0124728 0.0136162 0.0146207 0.012754 0.0121569
0.0115082 0.0129017 0.0126881 0.0120167 0.0119296 0.0140127 0.0123901
0.0115317 0.0126134 0.0129456 0.0127575 0.0133696 0.0124957 0.0110153
0.0111071 0.0135159 0.0119848 0.0126357 0.0117759 0.0128288 0.0114843
0.0114177 0.014208 0.0118643 0.0119587 0.0132303 0.0137469 0.0132878
0.0122843 0.0134304 0.0123715 0.0124253 0.011958 0.0122304 0.00932938
0.00962728 0.0119599 0.0134073 0.0117054 0.0130223 0.0133757 0.0146622
0.00160424 0.0155212 0.00654616 0.00461065 0.0015715 0.00990632 0.0137729
0.012544 0.0127186 0.0130326 0.0128792 0.0128313 0.012959 0.0117171
0.0121371 0.0132081 0.0128454 0.0130248 0.0127018 0.0127772 0.0125178
0.0124984 0.0128096 0.0123427 0.0131609 0.0136644 0.0133392 0.0123459

-------[ 2023-02-15 00:00:00 ] # GEN4 -> set3: 4155 - 4379
bb.sh.adc.timeoffset = 
   -44.33281    -39.64362    -45.88971     -35.0272    -35.23774    -33.38529     -39.1286 
   -43.33646    -43.23998    -43.09541    -42.58929    -40.31098    -40.72327    -37.40752 
    -36.6083    -45.33263    -33.12607    -33.99068    -33.99769    -33.47965    -39.29012 
   -42.98057    -33.25121    -47.22292    -34.28322    -51.37416    -42.70031    -37.79479 
   -37.65642    -38.67327    -43.67892    -41.78764    -40.85891    -36.70397    -36.00213 
   -39.77049      -37.904    -40.00685    -36.93169    -33.87168    -40.89139    -36.20611 
    -38.8728    -37.18741    -35.96358    -39.47577    -36.72821    -36.92331    -37.79197 
   -44.67506    -34.36192    -35.92488    -42.89847    -34.55358    -35.07408    -39.73509 
   -44.24659    -34.96543    -38.91465    -35.37654    -32.66409    -40.81918    -39.08898 
   -34.57787    -38.45361    -36.11475     -38.2966    -38.40521    -38.26034    -41.23643 
   -35.36219     -37.1349    -33.83992    -37.03433    -34.87465    -36.21823    -43.53019 
   -39.71745    -35.64048    -38.20391    -36.01432    -35.42974    -34.37046    -39.44615 
   -40.39462    -32.54532    -36.18015    -36.79662    -38.51543    -36.20712    -42.60184 
   -36.10312    -38.26739    -34.40301    -37.36315    -36.46774     -31.1258    -39.56226 
   -37.65291    -39.27617    -39.36274    -37.24534     -35.8811    -35.60386    -41.85211 
   -35.52696     -31.9639    -37.06283    -32.87133    -36.76279    -35.24376    -48.88003 
   -43.42018    -35.91653    -31.67623    -35.87492    -38.77115    -33.75518    -45.84588 
   -35.57928    -37.46056     -35.9177     -41.8716    -32.39207    -34.26405    -35.90985 
   -44.36041    -33.92063    -38.98728     -33.9013    -35.11672    -30.32064    -41.93899 
   -37.08005    -37.14258    -34.77162    -38.75556    -36.45207    -38.60801    -38.27792 
   -41.20389    -44.94226    -32.15208    -39.04069    -31.51701    -40.42797    -39.95362 
   -43.22973     -41.0708    -38.25122    -40.07232    -38.09069    -35.29795    -45.98652 
   -38.40338    -39.76597    -35.69596    -35.27862     -40.1068    -42.74712    -35.57179 
   -40.74642    -35.02539    -49.12781    -48.09417    -49.17473    -38.73929    -40.82364 
   -45.76444    -48.39684    -49.33729    -50.45246    -41.22731    -48.17563    -35.30886 
   -43.83503    -39.15093      -45.707    -49.69873    -51.16487    -45.46086    -46.97576 
   -43.56843    -42.95093     -45.2428    -45.86202    -49.27307    -44.74256    -46.42146 

-------[ 2023-02-15 01:00:00 ]
## Asuming trigger amplitudes are aligned to 10mV
## Calibrated using all He3 data and no elastic cuts
## SET 5: runs 4155-4258
## Latest calibration on January 12 2026
bb.sh.adc.gain =
0.00726837 0.00866883 0.00294514 0.0151626 0.00980993 0.0153329 0.0145405
0.0132379 0.0149441 0.014744 0.0147354 0.0146193 0.0134172 0.0192024
0.00641422 0.0125345 0.000400117 0.00859419 0.0125274 0.01252 0.013726
0.0130798 0.0126593 0.0149988 0.0129812 0.0159352 0.0135693 0.000488606
0.0136453 0.0129324 0.0143788 0.0128567 0.0132303 0.0129476 0.0095532
0.0116035 0.0129611 0.0124578 0.0129945 0.0140733 0.0133824 0.0151447
0.0130327 0.0132037 0.0118287 0.012773 0.012219 0.0134468 0.0122812
0.0117378 0.0115242 0.0114723 0.0124505 0.0120606 0.0130082 0.012021
0.0133516 0.0135511 0.0133765 0.0131037 0.0143635 0.0140752 0.0149751
0.0104708 0.0131123 0.0113908 0.0125343 0.0141745 0.0127828 0.0145413
0.0121594 0.0126145 0.0132287 0.0126815 0.0135331 0.0130972 0.0155144
0.0121138 0.0132623 0.0141139 0.0124505 0.0133985 0.0135193 0.0144565
0.0116952 0.013856 0.0118493 0.0109958 0.0132224 0.0135367 0.0137684
0.0120788 0.012159 0.0119981 0.0134541 0.0127187 0.0132966 0.0137688
0.0107000 0.0127443 0.0129436 0.0118588 0.0128981 0.0112322 0.0121515
0.0105478 0.0115778 0.0120883 0.0138131 0.0118468 0.0123984 0.00896095
0.010677 0.0134322 0.012244 0.0137948 0.0146448 0.0126766 0.0112561
0.0121421 0.0129898 0.0127935 0.0118426 0.0119198 0.0141493 0.0128718
0.0113437 0.0124865 0.0128348 0.0127617 0.0133052 0.0125861 0.0106186
0.0108378 0.0135756 0.0119029 0.012652 0.0117662 0.0127722 0.0118501
0.0113644 0.0143196 0.0123085 0.0117935 0.0132199 0.0137633 0.0119621
0.0122667 0.0133662 0.0122804 0.0124909 0.0119914 0.0124398 0.00999587
0.00877663 0.0120364 0.0128673 0.0116096 0.0141818 0.0131325 0.0084576
0.0135794 0.0141933 0.00191569 0.00150118 0.0129906 0.0185196 0.0137729
0.012544 0.0127186 0.0130326 0.0128792 0.0128313 0.012959 0.0117171
0.0121371 0.0132081 0.0128454 0.0130248 0.0127018 0.0127772 0.0125178
0.0124984 0.0128096 0.0123427 0.0131609 0.0136644 0.0133392 0.0123459

-------[ 2023-02-19 10:30:00 ]
## Asuming trigger amplitudes are aligned to 10mV
## Calibrated using all He3 data and no elastic cuts
## SET 6: runs 4260-4275
## Latest calibration on January 12 2026
bb.sh.adc.gain =
0.0145048 0.00567455 0.0207079 0.0151626 0.0281166 0.0171831 0.0148251
0.013302 0.015598 0.0143669 0.0142533 0.0146644 0.016041 0.0109652
0.0113861 0.0133529 0.00790201 0.0463309 0.0124192 0.0124332 0.0212695
0.00507194 0.0136474 0.0149368 0.0129158 0.0184868 0.0144159 0.0150546
0.0151794 0.0129149 0.014369 0.0127399 0.012651 0.0135198 0.0179868
0.0121485 0.0132583 0.0126331 0.013196 0.0144576 0.0133421 0.0148379
0.0134175 0.0132221 0.0118236 0.0126297 0.0126486 0.0134204 0.00877598
0.0112904 0.0116149 0.0115046 0.0123022 0.011971 0.0138308 0.00265907
0.0138381 0.0133046 0.0132459 0.0129969 0.0144841 0.0139326 0.0252567
0.0102732 0.0131544 0.0113412 0.0125248 0.0141635 0.0126844 0.0134543
0.0121237 0.0126604 0.013236 0.0126714 0.0134722 0.0131351 0.0156305
0.0126737 0.0131093 0.0142395 0.0124381 0.0131686 0.0132796 0.0144159
0.0114046 0.013881 0.0119578 0.011073 0.0131391 0.0135792 0.0132984
0.0124973 0.0121516 0.0119216 0.0135584 0.0127359 0.0131593 0.0156858
0.0108853 0.0127589 0.013 0.0117654 0.0129782 0.0111014 0.0131684
0.0102102 0.0116221 0.0118224 0.0139917 0.0115655 0.0122263 0.00963057
0.0108218 0.013276 0.0122749 0.0137928 0.0144932 0.0126057 0.0101502
0.0110718 0.0128332 0.0125035 0.0119737 0.012116 0.014345 0.0122507
0.0118613 0.0125666 0.0129761 0.0127835 0.0133098 0.0128547 0.00988237
0.0111825 0.0134308 0.0118941 0.0125446 0.0117796 0.0127229 0.0121169
0.0110245 0.0144474 0.0123036 0.0119367 0.0134625 0.0140532 0.00775449
0.0126439 0.0132385 0.0124227 0.0125394 0.0117469 0.0128661 0.010511
0.0119622 0.0115908 0.0123879 0.0121711 0.0149407 0.0135576 0.0146079
0.0135794 0.0142757 0.00654616 0.00813287 0.0129906 0.0124871 0.0137729
0.012544 0.0127186 0.0130326 0.0128792 0.0128313 0.012959 0.0117171
0.0121371 0.0132081 0.0128454 0.0130248 0.0127018 0.0127772 0.0125178
0.0124984 0.0128096 0.0123427 0.0131609 0.0136644 0.0133392 0.0123459

-------[ 2023-02-21 02:30:00 ]
## Asuming trigger amplitudes are aligned to 10mV
## Calibrated using all He3 data and no elastic cuts
## SET 7: runs 4284-4311
## Latest calibration on January 12 2026
bb.sh.adc.gain =
0.0242612 0.00597182 0.00500521 0.0151626 0.00246398 0.0118863 0.0148251
0.0105671 0.01569020 0.01479690 0.0152417 0.0147757 0.0151396 0.0109652
0.0110763 0.00446238 0.00146769 0.0025177 0.0226631 0.0120427 0.0190875
0.0128956 0.0125851 0.0151056 0.0129443 0.0158246 0.0186803 0.00329334
0.0129507 0.0130668 0.0145125 0.0128272 0.0132609 0.0129735 0.0120912
0.0124474 0.0127301 0.0124408 0.0130052 0.0140943 0.0130799 0.0131821
0.0128801 0.0130892 0.0117493 0.0128207 0.0124686 0.0141079 0.00877598
0.0113691 0.0113167 0.0113914 0.012419 0.0119861 0.012547 0.0133578
0.0138217 0.0134608 0.0135763 0.0130296 0.0145391 0.0139389 0.0152617
0.0104626 0.0131006 0.011572 0.0124113 0.0142824 0.012661 0.0151621
0.0122529 0.0125152 0.0130569 0.0125948 0.0134709 0.0129934 0.0153825
0.0119012 0.0132745 0.0141056 0.0123232 0.0133299 0.0133674 0.01375
0.0115667 0.0138429 0.011818 0.0109831 0.0132752 0.0134573 0.0120534
0.0122822 0.0120754 0.011835 0.0134841 0.0127023 0.0132795 0.0137252
0.0105829 0.0127955 0.012886 0.0118013 0.0129489 0.0111366 0.0130662
0.0102437 0.0113252 0.0119263 0.0138473 0.0117271 0.0123693 0.010362
0.0107730 0.0134348 0.0122408 0.0138766 0.0145227 0.0126447 0.0112516
0.0116858 0.0130766 0.0126711 0.0119781 0.0118757 0.0143221 0.0132947
0.0117856 0.0123315 0.0128321 0.0126817 0.0134474 0.0124475 0.0104739
0.0112969 0.0140637 0.0118767 0.0125464 0.0117424 0.0127387 0.0122126
0.0112368 0.0142962 0.0121345 0.01194 0.0131794 0.01367 0.0139918
0.0123177 0.0131675 0.0122186 0.012497 0.0121216 0.0125928 0.00774771
0.00855583 0.0114037 0.0130984 0.0117293 0.0135065 0.0139392 0.00490984
0.0135794 0.0142757 0.00654616 0.00437669 0.0129906 0.0124871 0.0137729
0.0125440 0.0127186 0.0130326 0.0128792 0.0128313 0.012959 0.0117171
0.0121371 0.0132081 0.0128454 0.0130248 0.0127018 0.0127772 0.0125178
0.0124984 0.0128096 0.0123427 0.0131609 0.0136644 0.0133392 0.0123459

-------[ 2023-02-23 17:30:00 ]
## Asuming trigger amplitudes are aligned to 10mV
## Calibrated using all He3 data and no elastic cuts
## SET 8: runs 4320-4379
## Latest calibration on January 12 2026
bb.sh.adc.gain =
0.00208444 0.0173672 0.000205282 0.0151626 0.0144046 0.0128083 0.0148251
0.0142364 0.014963 0.0151966 0.0148489 0.0149977 0.0143254 0.0177847
0.0102481 0.00947291 0.00630384 0.0158193 0.00320552 0.0127235 0.0147334
0.0143562 0.012813 0.0147299 0.0129979 0.0140794 0.0185609 0.00816946
0.0136074 0.0128657 0.0144492 0.0128745 0.0131063 0.012848 0.0157584
0.0129002 0.0130346 0.0125434 0.0129225 0.0139516 0.0131788 0.011339
0.0127968 0.0130338 0.0116569 0.0126955 0.0121803 0.0132032 0.00877598
0.011443 0.0114921 0.011386 0.0124734 0.012081 0.0130506 0.00892632
0.0132149 0.0135703 0.0132889 0.0130658 0.0144604 0.0139743 0.0168797
0.0105718 0.0131754 0.0112993 0.0126238 0.0140086 0.0128601 0.0136235
0.012056 0.0126709 0.0131421 0.0126697 0.0135706 0.0131084 0.0150107
0.012013 0.0131469 0.0140686 0.0124315 0.0133927 0.0130481 0.015002
0.0112961 0.0138167 0.0118412 0.0109652 0.0130656 0.013583 0.0140229
0.0123777 0.0121609 0.0117899 0.0135509 0.0127034 0.0131832 0.0140094
0.0105547 0.0126377 0.0128768 0.0116768 0.0127862 0.0110769 0.0126495
0.0100989 0.0115016 0.0117901 0.0139162 0.0117971 0.0122921 0.00925512
0.01089 0.0134217 0.0121365 0.0141259 0.0145237 0.0128238 0.0105012
0.0118082 0.012864 0.0126354 0.0117795 0.0117488 0.0138823 0.0127169
0.0116201 0.0123313 0.012717 0.0127521 0.013355 0.0124434 0.0106298
0.010962 0.014977 0.011784 0.0125627 0.0118 0.0126345 0.0118476
0.0112241 0.0142951 0.0121816 0.0116403 0.0131434 0.0136091 0.013063
0.01153 0.0133213 0.012208 0.0123838 0.0118704 0.0123402 0.0102396
0.00828101 0.0116737 0.0124531 0.0111346 0.0129338 0.0136329 0.00128836
0.0135794 0.00207777 0.0148717 0.00541086 0.0152915 0.0265522 0.0137729
0.012544 0.0127186 0.0130326 0.0128792 0.0128313 0.012959 0.0117171
0.0121371 0.0132081 0.0128454 0.0130248 0.0127018 0.0127772 0.0125178
0.0124984 0.0128096 0.0123427 0.0131609 0.0136644 0.0133392 0.0123459

-------[ 2023-03-08 17:30:00 ]
## Asuming trigger amplitudes are aligned to 10mV
## Calibrated using all He3 data and no elastic cuts
## SET 9: runs 4470-4587
## Latest calibration on January 12 2026
bb.sh.adc.gain =
0.00991672 0.00699074 0.00127817 0.0151626 0.0109637 0.0216744 0.0053183
0.0131424 0.0149299 0.0151548 0.0149509 0.0147548 0.0142458 0.0140243
0.00303809 0.00432125 0.00605717 0.00885669 0.00485465 0.0126017 0.0155507
0.0149567 0.0130821 0.0148381 0.0128972 0.0159191 0.013497 0.00799477
0.0133667 0.0128217 0.0145212 0.0129451 0.0130832 0.0131903 0.0174105
0.0127701 0.0128605 0.0125844 0.0132378 0.0140914 0.0130996 0.0187786
0.0132986 0.0130285 0.011661 0.0127427 0.0122154 0.0133176 0.0171547
0.0112419 0.0114906 0.0112951 0.0125576 0.012013 0.0129893 0.00940224
0.0141335 0.0134383 0.0133558 0.0130718 0.0145243 0.0139792 0.0169719
0.010768 0.0132668 0.0114235 0.0126312 0.0140079 0.0128149 0.0145121
0.0122165 0.0127419 0.0130514 0.0126863 0.0135863 0.0131412 0.0165125
0.0122034 0.0131717 0.0140622 0.0124597 0.0133417 0.01299 0.0145056
0.0114916 0.0138057 0.0119405 0.0111154 0.0130709 0.0135599 0.0151444
0.0120808 0.012264 0.0118485 0.0136291 0.0127884 0.013263 0.0142668
0.0107465 0.0126849 0.0127686 0.0115041 0.0128065 0.0110353 0.0128922
0.0103438 0.0115065 0.0117456 0.0137947 0.0116984 0.0121359 0.0098973
0.0110792 0.0132395 0.0123017 0.013684 0.0145008 0.012737 0.0114192
0.011859 0.0128639 0.012538 0.011877 0.0118352 0.0139045 0.0124957
0.0111872 0.0124251 0.0128048 0.0126608 0.0132124 0.0123028 0.0112597
0.0108653 0.0134177 0.0117851 0.0126851 0.0118711 0.0126611 0.0122691
0.0115088 0.0143657 0.0121004 0.0117871 0.0130617 0.013907 0.0120245
0.0124257 0.0134046 0.0122258 0.0124219 0.0119565 0.012432 0.00921642
0.00901825 0.0116719 0.0127836 0.011512 0.0131808 0.013588 0.0148982
0.0118852 0.00051576 0.0133793 0.00177048 0.0111907 0.00612852 0.0115451
0.0134596 0.0127186 0.011978 0.0183493 0.0178257 0.012959 0.0117171
0.0121371 0.0132081 0.0128454 0.0130248 0.0127018 0.0127772 0.0125178
0.0124984 0.0128096 0.0123427 0.0131609 0.0136644 0.0133392 0.0123459

-------[ 2023-03-09 00:00:00 ] # GEN4 -> set4: 4474 - 4587
bb.sh.adc.timeoffset = 
   -44.14395    -42.83892    -42.21057     -33.8688    -34.50051    -31.99171    -37.73502 
   -42.52913    -43.45251    -41.98353    -41.34389    -39.35103    -39.42441    -38.19165 
   -35.92186    -44.23079    -31.92667    -33.14455    -33.12347     -32.6542    -39.29822 
   -41.71646    -32.25455    -46.36904    -33.48967    -50.41798    -41.50915    -37.40742 
   -36.84734    -37.79463    -42.82529    -40.98761    -40.40276     -36.0988    -35.63475 
   -39.01028    -37.32226    -39.48798    -36.23703     -33.0863    -40.18004    -35.65308 
   -38.02426    -36.43363     -35.2213    -38.57728    -35.86161    -36.04147    -36.84839 
   -43.72289    -33.49078    -35.04649    -42.00964    -33.65743    -34.13192    -39.74156 
   -43.33462    -34.12696    -38.14645    -34.45749    -31.76247    -39.98452    -38.05341 
   -33.63412    -37.55331    -35.17971    -37.32537    -37.60903    -37.46367    -40.40576 
   -34.40826    -36.18143    -32.88841    -36.09266    -33.93942    -35.24912    -43.73636 
   -38.84255     -34.6532     -37.2268    -35.05635    -34.44528    -33.24322    -38.86442 
   -39.38051    -31.61131     -35.2718    -35.89826    -37.53281    -35.31741    -42.35366 
   -35.26434    -37.37113    -33.51187     -36.4566    -35.57396    -30.15527    -39.11313 
   -36.91942    -38.37673    -38.48797    -36.32461     -34.9615    -34.70285     -40.8219 
   -34.57481    -31.05255    -36.12649     -31.9152    -35.84126    -34.31445    -47.62129 
   -42.41908    -34.91499    -30.73587    -34.90174    -37.82603     -32.8213    -45.40579 
   -34.65963    -36.48662    -34.90229    -40.88394    -31.39347    -33.34431    -34.81083 
    -43.4443    -32.97947    -38.00306    -32.91484    -34.13487    -29.36861    -41.05463 
   -36.21467    -36.20604    -33.83742    -37.74489    -35.51348    -37.64931     -36.9836 
   -40.24263    -43.90006    -31.13719    -37.93012    -30.50025    -39.31347    -39.58313 
   -42.38165    -40.13103    -37.37342    -39.19451     -37.1707    -34.28988    -46.25011 
   -37.53832     -38.8766    -34.86026     -34.5119    -39.29913     -41.8873    -34.61257 
   -40.52161    -34.96357    -48.31587    -48.85818    -48.38662    -37.84062    -39.48141 
    -45.4056     -47.4336    -47.92646    -49.04163    -39.60314     -46.8334    -33.96663 
   -43.47619    -38.18769    -44.29617     -48.2879    -49.75404    -44.11863    -45.63353 
   -43.20959    -41.98769    -43.83197    -44.45119    -47.86224    -43.40033    -45.07923 

########################################################
########################################################

############             GEN4-b             ############

########################################################
########################################################

-------[ 2023-09-12 12:15:00 ]
## Asuming trigger amplitudes are aligned to 10mV (Run 3465) BB/SBS ON
bb.sh.adc.gain =
0.0145048 0.0149253 0.0149318 0.0151626 0.11397 0.0168643 0.0148251
0.0142379 0.0143369 0.0139998 0.0138535 0.0137629 0.0140005 0.015933
0.0128535 0.0135006 0.0135454 0.0135976 0.0132753 0.0134692 0.0150585
0.0136598 0.0141173 0.013927 0.0135994 0.0138633 0.0125687 0.0163245
0.014189 0.0135178 0.0133138 0.0137977 0.0134618 0.0122058 0.0154672
0.0138526 0.0130827 0.012444 0.0128401 0.0135475 0.013017 0.0152236
0.0153685 0.0138449 0.0135199 0.0132394 0.0140292 0.0134889 0.0168797
0.014146 0.0149163 0.0136286 0.0134175 0.0139663 0.0136696 0.0151118
0.0138934 0.0134069 0.0124555 0.0131867 0.0138389 0.0123323 0.0154417
0.0136881 0.0133103 0.0136116 0.0132942 0.0126533 0.0126108 0.0147644
0.0134462 0.0139131 0.0139821 0.0129587 0.0134147 0.0138588 0.0151503
0.0128682 0.0140405 0.0135367 0.0140156 0.0144939 0.0134136 0.0155221
0.0142343 0.0137973 0.0138067 0.0137117 0.0134517 0.0127828 0.0146682
0.0128832 0.0129985 0.0137639 0.0135604 0.0134136 0.0144439 0.0151663
0.0135684 0.0135568 0.0132199 0.0137082 0.013801 0.0137186 0.0158226
0.0134439 0.0135974 0.0131063 0.0140175 0.0133222 0.0135743 0.0149755
0.0138714 0.0136124 0.0148453 0.0135965 0.013247 0.0137588 0.0148156
0.0136405 0.0135596 0.0137988 0.0129462 0.0142414 0.0132581 0.0162652
0.013225 0.0141867 0.013022 0.0141112 0.0133977 0.0142727 0.0144552
0.013002 0.0131887 0.0138655 0.012743 0.0136724 0.0127762 0.0137758
0.0130235 0.0134452 0.0134208 0.0128316 0.013855 0.0130811 0.0144733
0.0139006 0.0131525 0.0127677 0.012728 0.0127666 0.0129428 0.014934
0.0129468 0.0129441 0.0133993 0.0129445 0.0133972 0.0132742 0.0146079
0.0135794 0.0135311 0.0130043 0.0133466 0.0134106 0.0124871 0.0137729
0.012544 0.0127186 0.0130326 0.0128792 0.0128313 0.012959 0.0117171
0.0121371 0.0132081 0.0128454 0.0130248 0.0127018 0.0127772 0.0125178
0.0124984 0.0128096 0.0123427 0.0131609 0.0136644 0.0133392 0.0123459

-------[ 2023-09-13 00:00:00 ] # Beginning of GEN4b -> set1: 5044 - 5416
bb.sh.adc.timeoffset = 
   -33.60284    -31.40042    -30.74518    -28.54001    -27.83333    -31.77855    -34.17152 
   -37.85179    -37.00858     -37.2877    -37.48015    -34.91061    -35.85899    -33.04048 
   -31.47303    -39.74422    -28.24383    -29.51566     -29.1909    -29.05616    -34.52862 
   -37.60218    -28.28068    -41.52658    -29.72099    -46.21361    -38.05022    -32.26654 
    -32.2958    -33.59865    -38.24712    -36.89394    -36.48403    -32.44558    -30.92249 
   -34.25354    -33.18518    -35.78176    -32.18259    -28.37604    -35.30051    -30.60832 
   -33.92226    -32.71142    -31.54537     -28.9087     -32.2666    -31.84957    -31.20858 
   -38.17872    -27.75355    -30.59063    -34.00976    -29.50524    -29.99439    -34.90461 
   -38.48973    -30.09287    -33.72149    -30.59568    -27.45797    -35.53747    -31.89063 
   -29.35155    -33.05177    -30.92482    -33.23679    -33.10287    -33.34035    -42.49855 
   -30.05871    -32.16404    -29.15906     -32.0202    -29.94636    -31.14076    -49.29051 
    -34.5856    -30.40545    -33.02377    -31.13455     -30.3963    -29.07762    -34.81452 
   -34.77144    -27.61598    -31.01427    -31.64912    -33.14324    -31.07046    -35.87235 
   -31.31991    -32.99098    -29.48897    -32.11695    -31.26838    -26.06987    -43.49374 
   -32.63802    -34.03333    -34.23155     -32.0661     -30.7341    -30.44496    -36.41886 
   -30.26582    -26.99327    -31.85955    -27.72375    -31.66461    -29.99877    -45.76159 
    -37.9707    -31.00343    -26.74565    -30.68766    -33.18644    -28.63105    -44.66392 
   -30.41867    -31.94607    -30.83337    -36.03833    -27.15675    -29.20184    -32.42108 
   -38.75679    -28.84534    -33.53637    -28.86334    -30.17982    -25.18139    -40.40433 
   -31.90006     -32.2853    -29.44451    -33.45109    -31.18207    -33.09627    -35.34287 
   -36.24326    -38.78212    -26.88713     -32.9323    -26.32711    -34.10353    -35.61934 
   -38.40632    -35.54331    -32.99652    -34.82711    -32.86951    -30.23217    -40.50214 
   -33.15388    -34.38375    -30.29082    -30.00743    -34.73454    -37.28842    -30.71074 
   -35.99092    -30.31069    -45.29949    -42.26606    -44.54889    -33.70867    -36.35982 
   -40.03998    -43.74795    -43.93316    -42.14953    -34.94773     -42.4898     -29.8657 
   -40.06314    -33.15462     -44.6832    -40.79417    -43.27559    -40.31831    -41.83321 
   -41.31766    -40.15336    -39.52833    -41.95853    -41.38379    -39.60001    -41.27891

#-------[ 2023-09-23 17:30:00 ]
## We fixed some low statistics channels in the shower
## Asuming trigger amplitudes are aligned to 10mV (Run 5353) BB/SBS ON
#bb.sh.adc.gain =
#0.014109 0.0148873 0.0153177 0.0152263 0.0158964 0.0166734 0.01473
#0.0141632 0.0140216 0.0137663 0.0135417 0.0134529 0.0137027 0.0155988
#0.0128645 0.0130758 0.0135512 0.0136129 0.0131202 0.0135066 0.0148693
#0.0135713 0.0141407 0.0134555 0.0136195 0.0128027 0.0123446 0.015096
#0.0142919 0.0135334 0.0129975 0.0135837 0.0132329 0.0122283 0.0155474
#0.013859 0.013079 0.0123644 0.0128492 0.0135555 0.0129099 0.0150167
#0.0152994 0.013924 0.0135181 0.012862 0.0140364 0.0134646 0.0168492
#0.0140067 0.0148966 0.0137339 0.013471 0.0140567 0.0135914 0.0151355
#0.0136225 0.0133705 0.012366 0.0131504 0.013827 0.0122244 0.0154294
#0.0137632 0.0132914 0.0135922 0.0132071 0.0124921 0.0125668 0.0145526
#0.0134477 0.0138599 0.0139995 0.012896 0.0133448 0.0138 0.0148161
#0.0128256 0.0141139 0.0135159 0.0139885 0.0145307 0.0134115 0.0154035
#0.0140475 0.0139001 0.0137997 0.0138 0.0133676 0.0127241 0.0142682
#0.012803 0.0129952 0.0137842 0.0134007 0.0134209 0.014525 0.014477
#0.013232 0.0134674 0.0131357 0.013672 0.0136349 0.0136974 0.0153297
#0.0135693 0.0134454 0.0129789 0.0140692 0.0133026 0.0135997 0.0140411
#0.013437 0.0136087 0.014828 0.0135365 0.0131811 0.0137821 0.0140474
#0.0134174 0.0135276 0.013753 0.0127873 0.0142251 0.0134054 0.0156001
#0.0129279 0.0141788 0.0129966 0.0141106 0.0134553 0.0143482 0.0140978
#0.0129291 0.0131609 0.0138906 0.0126757 0.0136487 0.0128289 0.0136492
#0.012792 0.0128917 0.013363 0.0126825 0.0138562 0.0129211 0.0145738
#0.0138178 0.0128594 0.0126303 0.012691 0.0126397 0.0128463 0.014044
#0.0128398 0.0129237 0.0133565 0.0129331 0.0132297 0.0130175 0.0139969
#0.0133914 0.0134877 0.0124428 0.0127214 0.0126198 0.0124857 0.0130888
#0.0124455 0.0122397 0.0124727 0.0123333 0.0127247 0.0125806 0.011545
#0.0119887 0.0132349 0.012579 0.0126954 0.0123082 0.0125923 0.0123966
#0.0124905 0.0125999 0.0118515 0.0124397 0.0126277 0.0125922 0.0119003

-------[ 2023-09-16 03:30:00 ]
## Asuming trigger amplitudes are aligned to 10mV
## Calibrated using all He3 data and no elastic cuts
## Calibration done 1/12/26
## SET 1: runs 5044-5054
bb.sh.adc.gain =
0.0145048 0.0149253 0.0149318 0.0152263 0.11397 0.0168643 0.0148251
0.0142379 0.0143369 0.0139998 0.0138535 0.0137629 0.0140005 0.015933
0.00680635 0.0134318 0.0126741 0.00829708 0.0132753 0.0134692 0.0150585
0.0137392 0.0115947 0.0134198 0.0123155 0.0136329 0.0125687 0.0163245
0.011411 0.0118594 0.013089 0.0122716 0.0125896 0.0152372 0.00420958
0.0111144 0.0122222 0.0119871 0.0136188 0.0127327 0.0125685 0.00741935
0.014841 0.0140955 0.0138943 0.0170705 0.0153108 0.0142192 0.0168797
0.00916497 0.0187515 0.0134687 0.0186995 0.017422 0.0127876 0.0151118
0.0144475 0.013785 0.0122848 0.0131779 0.013538 0.013712 0.0154417
0.0100729 0.0129272 0.010901 0.0123631 0.0135451 0.0134877 0.0184074
0.0127149 0.0137513 0.0139244 0.0133117 0.013727 0.013615 0.0161088
0.0119689 0.0133298 0.0142497 0.0133341 0.0145663 0.0118562 0.0196595
0.00992364 0.0145728 0.0124695 0.0128732 0.0127829 0.013768 0.0143488
0.0131111 0.0122718 0.0128135 0.0138655 0.0131344 0.0135646 0.0247441
0.0107835 0.0117578 0.012416 0.0112453 0.0119719 0.0105413 0.0163565
0.00925738 0.0110595 0.0112464 0.0134947 0.011445 0.0110027 0.0112033
0.00830328 0.0135899 0.012511 0.0135096 0.0135172 0.0126225 0.0146673
0.0115427 0.0117715 0.0123994 0.0106293 0.0107417 0.0139913 0.0214082
0.00993349 0.0121612 0.012682 0.0126802 0.0136859 0.012113 0.0163556
0.0107689 0.0134805 0.0103658 0.0129731 0.0108754 0.0125633 0.0137758
0.0113921 0.0139832 0.0116056 0.0108653 0.0127302 0.0138242 0.00685516
0.0116824 0.0135247 0.0118624 0.0124635 0.0121435 0.0121411 0.0255247
0.0081021 0.0110436 0.0119136 0.0110662 0.0133686 0.0141205 0.013346
0.0135794 0.00591491 0.0117223 0.0133466 0.00753143 0.0124871 0.0137729
0.012544 0.0127186 0.0130326 0.0128792 0.0128313 0.012959 0.0117171
0.0121371 0.0132081 0.0128454 0.0130248 0.0127018 0.0127772 0.0125178
0.0124984 0.0128096 0.0123427 0.0131609 0.0136644 0.0133392 0.0123459

-------[ 2023-09-16 17:30:00 ]
## Asuming trigger amplitudes are aligned to 10mV
## Calibrated using all He3 data and no elastic cuts
## Calibration done 1/12/26
## SET 2: runs 5086-5143
bb.sh.adc.gain =
0.0145048 0.0149253 0.0149318 0.0151626 0.11397 0.0168643 0.0148251
0.0142379 0.0151375 0.0169155 0.0138535 0.0137629 0.0140005 0.015933
0.0105214 0.0120674 0.0112653 0.0108792 0.0157606 0.0134692 0.0150585
0.0118284 0.0117262 0.0130626 0.0124919 0.0126263 0.0158799 0.0163245
0.0122124 0.0119331 0.0126387 0.012554 0.0131435 0.013738 0.0154672
0.0112891 0.0124754 0.0124095 0.0134769 0.0122986 0.0122079 0.0152236
0.0138461 0.0139332 0.0133153 0.0158876 0.0146715 0.0137221 0.0168797
0.0124013 0.016018 0.0133924 0.0182824 0.0163293 0.0127221 0.0161483
0.0136754 0.0138438 0.0118461 0.0134293 0.0134846 0.0137943 0.0154055
0.0093287 0.0125615 0.0103624 0.0122054 0.0132318 0.0134121 0.0157142
0.0123046 0.0135858 0.0141729 0.0130706 0.0138854 0.0134577 0.0320939
0.0127848 0.0129603 0.0142151 0.0130635 0.0143957 0.0119817 0.0167983
0.00994943 0.0145782 0.0121038 0.0126148 0.0124495 0.0136305 0.0141645
0.0124889 0.0120903 0.0128423 0.0134791 0.013017 0.0130812 0.021779
0.0104658 0.0117027 0.0124886 0.011122 0.0118176 0.0103802 0.0136873
0.00878168 0.0110556 0.011246 0.013521 0.0114183 0.0110932 0.00984902
0.00832998 0.0137457 0.0122757 0.0131704 0.0131942 0.0118538 0.013098
0.0111448 0.0116813 0.0126044 0.0102584 0.0108304 0.0143321 0.0208265
0.0102378 0.0119775 0.0124658 0.0127202 0.0139353 0.0120221 0.0133116
0.00991901 0.0132015 0.0102828 0.0130733 0.0104132 0.0120343 0.0204411
0.0117822 0.0140448 0.0114958 0.0101304 0.013016 0.0134287 0.0191548
0.0115082 0.0132603 0.0115886 0.0122823 0.0116311 0.0120891 0.0173568
0.00841083 0.0110631 0.0111796 0.0107092 0.0137529 0.0130709 0.0151673
0.00116518 0.00504367 0.00394368 0.00793237 0.0116276 0.013326 0.0137729
0.012544 0.0127186 0.0130326 0.0128792 0.0128313 0.012959 0.0117171
0.0121371 0.0132081 0.0128454 0.0130248 0.0127018 0.0127772 0.0125178
0.0124984 0.0128096 0.0123427 0.0131609 0.0136644 0.0133392 0.0123459

-------[ 2023-09-18 15:30:00 ]
## Asuming trigger amplitudes are aligned to 10mV
## Calibrated using all He3 data and no elastic cuts
## Calibration done 1/12/26
## SET 3: runs 5145-5316
bb.sh.adc.gain =
0.0145048 0.0149253 0.0149318 0.0151626 0.11397 0.000600277 0.0148251
0.0142379 0.0143369 0.0133865 0.0138535 0.0137629 0.0140005 0.015933
0.0120351 0.0122784 0.0130353 0.0133171 0.0149132 0.0134692 0.0150585
0.0139897 0.011425 0.0129911 0.0125818 0.0126685 0.0175348 0.0136266
0.0115392 0.0118507 0.0123749 0.0126072 0.0127693 0.013714 0.0154672
0.0107554 0.0123336 0.0122209 0.0133227 0.0122411 0.0120012 0.0133377
0.0145046 0.0136873 0.0129628 0.015625 0.0139886 0.013411 0.0168797
0.0054917 0.0154643 0.013021 0.0193699 0.0169093 0.0136328 0.0151118
0.0137172 0.0136846 0.01162 0.0132692 0.0130596 0.0134467 0.0192738
0.00969851 0.0122646 0.0100442 0.0121585 0.0131221 0.0133552 0.0130684
0.011569 0.0133353 0.0139559 0.0129284 0.0137623 0.0134917 0.0316293
0.0123587 0.0126587 0.0140961 0.0130597 0.0142408 0.0118842 0.0190581
0.00950598 0.0144337 0.0119621 0.0124037 0.0122227 0.0134696 0.0131828
0.012179 0.0119603 0.0125133 0.0133249 0.0127076 0.0128248 0.0241303
0.0108119 0.0117094 0.0125063 0.0110518 0.011823 0.0103074 0.0156131
0.00861727 0.0110268 0.0110325 0.0134573 0.011448 0.0110979 0.00703718
0.00882609 0.013537 0.0124485 0.0129625 0.0129721 0.011793 0.013969
0.01157 0.0116959 0.0124359 0.0102586 0.0110109 0.0144054 0.0191254
0.00976508 0.0120083 0.0124177 0.012645 0.0138873 0.0118978 0.0133184
0.0104305 0.0131584 0.010355 0.0129799 0.0103575 0.0118054 0.0208216
0.0110965 0.0140793 0.0114634 0.0101426 0.0130278 0.0135428 0.014211
0.0113012 0.0130472 0.0118376 0.0123195 0.0116097 0.0121997 0.014934
0.00870429 0.0109624 0.0111364 0.0108595 0.013247 0.0133527 0.00459588
0.00010884 0.0135311 0.00326407 0.00419371 0.0111611 0.00425614 0.0137729
0.012544 0.0127186 0.0130326 0.0128792 0.0128313 0.012959 0.011545
0.0121371 0.0132081 0.0128454 0.0130248 0.0127018 0.0127772 0.0125178
0.0124984 0.0128096 0.0123427 0.0131609 0.0136644 0.0133392 0.0119003

-------[ 2023-09-21 13:44:00 ]
## Asuming trigger amplitudes are aligned to 10mV
## Calibrated using all He3 data and no elastic cuts
## Calibration done 1/12/26
## SET 4: runs 5317-5324
bb.sh.adc.gain =
0.0145048 0.0149253 0.0149318 0.0152263 0.11397 0.000600277 0.0148251
0.0142379 0.0143369 0.0139998 0.0138535 0.0137629 0.0140005 0.015933
0.00200315 0.0133385 0.0108422 0.00779635 0.0182811 0.0134692 0.0150585
0.0145726 0.0117504 0.0126698 0.0132721 0.0146497 0.0118389 0.0136266
0.0120012 0.0117194 0.0123422 0.012333 0.012708 0.0146605 0.0154672
0.0107831 0.012493 0.0126818 0.0140543 0.0122953 0.0116942 0.0133377
0.0138709 0.0142863 0.0132412 0.0333391 0.0146887 0.0142491 0.01518
0.0125196 0.0166283 0.0135809 0.0213697 0.0159792 0.0143467 0.0133357
0.0135511 0.0140085 0.0113255 0.0136054 0.0135446 0.0141349 0.0181099
0.00991823 0.0123984 0.00987404 0.0124367 0.0132559 0.0139886 0.0168033
0.0121383 0.0132774 0.0142873 0.0131793 0.0138597 0.0132822 0.0451626
0.0130454 0.0124486 0.014255 0.0129899 0.0144482 0.0120914 0.0170135
0.00936773 0.0146949 0.0114749 0.0119718 0.0120207 0.0136576 0.0142586
0.0134245 0.0118188 0.0126356 0.0133165 0.0126106 0.0126303 0.0324741
0.0106971 0.0116928 0.0123553 0.0107571 0.0114276 0.00991827 0.0148122
0.00863255 0.0109428 0.0110155 0.0137545 0.0112713 0.0108603 0.00828087
0.00809585 0.013528 0.0121635 0.0127587 0.0130155 0.0115684 0.0195987
0.0115867 0.0117052 0.0125401 0.01023 0.0110659 0.0147434 0.0167103
0.0102567 0.0117214 0.0123003 0.0123788 0.0138583 0.0116185 0.0166181
0.00946101 0.013322 0.0101168 0.0134149 0.010204 0.0121648 0.0221871
0.0116011 0.0144916 0.0113162 0.00996888 0.0132707 0.0132288 0.0244951
0.0127422 0.0134001 0.0119399 0.0124703 0.0115541 0.0119609 0.0199292
0.00953758 0.0108667 0.0107048 0.0108455 0.0138048 0.0132806 0.0107186
0.0135794 0.0105951 0.0142186 0.00289738 0.00207997 0.0114887 0.0137729
0.012544 0.0127186 0.0130326 0.0128792 0.0128313 0.012959 0.011545
0.0121371 0.0132081 0.0128454 0.0130248 0.0127018 0.0127772 0.0125178
0.0124984 0.0128096 0.0123427 0.0131609 0.0136644 0.0133392 0.0123459

-------[ 2023-09-25 06:10:00 ]
## Asuming trigger amplitudes are aligned to 10mV
## Calibrated using all He3 data and no elastic cuts
## Calibration done 1/12/26
## SET 5: runs 5364-5388
bb.sh.adc.gain =
0.0145048 0.0149253 0.0149318 0.0151626 0.11397 0.0168643 0.0148251
0.0142379 0.0143369 0.0139998 0.0138535 0.0137629 0.0140005 0.015933
0.0128535 0.0163313 0.0133647 0.0254714 0.0132753 0.0134692 0.0150585
0.0142793 0.0120982 0.0153594 0.0113983 0.0184085 0.0125687 0.0163245
0.0124141 0.0128056 0.0141719 0.0131748 0.0132472 0.0137258 0.0154672
0.0116263 0.0133612 0.0123198 0.0132263 0.0133875 0.0135514 0.0152236
0.0158999 0.0130169 0.0118816 0.0107981 0.0134431 0.0140818 0.0168797
0.0113674 0.0105463 0.0119207 0.0125814 0.0121014 0.012982 0.0103728
0.0134348 0.0133952 0.0138253 0.0129547 0.0143052 0.0148143 0.00817105
0.00912563 0.013446 0.0123349 0.0124706 0.0141951 0.0127888 0.0163706
0.0133847 0.013344 0.0140816 0.0129734 0.0132833 0.0136691 0.0117574
0.0126328 0.0134496 0.0142846 0.0126917 0.0138623 0.0131213 0.0161513
0.0115944 0.0143411 0.012104 0.0116479 0.0133352 0.0138382 0.0122773
0.0114258 0.0123585 0.0124712 0.0141659 0.012993 0.0141485 0.0117478
0.0110258 0.0128213 0.0126305 0.0126106 0.0126468 0.0115025 0.0126335
0.0103262 0.0117618 0.0123087 0.0136458 0.0120236 0.0111397 0.00912579
0.0103464 0.0141003 0.0126638 0.0141617 0.0150492 0.0135192 0.00869457
0.0111547 0.0131483 0.0126539 0.0121221 0.0113818 0.0137823 0.0130777
0.0115224 0.0124278 0.0133889 0.0132418 0.0137229 0.0125924 0.0112628
0.0107696 0.0133663 0.0114899 0.0128961 0.0116236 0.0132849 0.0157882
0.0129302 0.0137856 0.0121073 0.0126386 0.0135407 0.0144284 0.0122185
0.011103 0.0134336 0.0125261 0.0128733 0.0125442 0.0123625 0.00894632
0.00891498 0.0113925 0.0135093 0.0109596 0.0145038 0.0135733 0.00907167
0.0135794 0.0135311 0.0130043 0.0133466 0.0134106 0.0124871 0.0137729
0.012544 0.0127186 0.0130326 0.0128792 0.0128313 0.012959 0.0117171
0.0121371 0.0132081 0.0128454 0.0130248 0.0127018 0.0127772 0.0125178
0.0124984 0.0128096 0.0123427 0.0131609 0.0136644 0.0133392 0.0123459

-------[ 2023-09-27 01:10:00 ]
## Asuming trigger amplitudes are aligned to 10mV
## Calibrated using all He3 data and no elastic cuts
## Calibration done 1/12/26
## SET 6: runs 5406-5416
bb.sh.adc.gain =
0.0145048 0.0149253 0.0149318 0.0152263 0.11397 0.0168643 0.0148251
0.0142379 0.0143369 0.0139998 0.0138535 0.0137629 0.0140005 0.015933
0.00547656 0.0140621 0.009073 0.00819221 0.0134098 0.0134692 0.0150585
0.012844 0.012449 0.0149881 0.0117878 0.0142976 0.0125687 0.0163245
0.0127376 0.0127981 0.0143036 0.0132047 0.0133002 0.0138229 0.0154672
0.0125014 0.0126337 0.0117835 0.0128243 0.0138777 0.0131042 0.0152236
0.0118555 0.0132916 0.0117595 0.0125786 0.0133823 0.0137278 0.0168797
0.0122245 0.0105465 0.0117667 0.0124555 0.0120468 0.0125124 0.0170279
0.0140589 0.0130909 0.0135698 0.0126378 0.014149 0.0138379 0.0155188
0.00974614 0.0130187 0.0118904 0.0121401 0.0142916 0.0127453 0.010483
0.0130156 0.0133021 0.0142333 0.0128769 0.0132088 0.0131009 0.0149432
0.0133757 0.0134985 0.0142885 0.0138131 0.0137916 0.0153339 0.0144571
0.0117364 0.014111 0.0118493 0.0111588 0.0130541 0.0136327 0.0125954
0.0121346 0.0121639 0.0123379 0.0138819 0.0128211 0.0136417 0.0125898
0.0105258 0.0126027 0.0124171 0.0120651 0.0122737 0.0112267 0.0142142
0.0108063 0.0114898 0.0123994 0.0136283 0.0118811 0.0112954 0.00959667
0.0104021 0.0140829 0.0123689 0.0137747 0.0147402 0.0131274 0.0106235
0.0104185 0.0130712 0.0127392 0.0120104 0.0111183 0.0137733 0.00981846
0.011588 0.0123816 0.0135104 0.013152 0.0135674 0.0129164 0.0108988
0.00987579 0.0131387 0.0110295 0.0127087 0.0115374 0.0129606 0.0132918
0.0119844 0.0138377 0.011854 0.0122053 0.0132907 0.013886 0.00793263
0.0152518 0.0130445 0.0123844 0.0127839 0.0123742 0.0123859 0.00876216
0.00353585 0.011846 0.0131844 0.0113021 0.0142891 0.0128367 0.00904939
0.0135794 0.0135311 0.0208293 0.00303268 0.0134106 0.0124871 0.0137729
0.012544 0.0127186 0.0130326 0.0128792 0.0128313 0.012959 0.0117171
0.0121371 0.0132081 0.0128454 0.0130248 0.0127018 0.0127772 0.0125178
0.0124984 0.0128096 0.0123427 0.0131609 0.0136644 0.0133392 0.0123459

-------[ 2023-10-01 09:00:00 ]
## Asuming trigger amplitudes are aligned to 10mV
## Calibrated using all He3 data and no elastic cuts
## Calibration done 1/12/26
## SET 7: runs 5461-5533
bb.sh.adc.gain =
0.0145048 0.0149253 0.0149318 0.0151626 0.11397 0.0168643 0.0148251
0.0161582 0.0183332 0.00802914 0.00961183 0.0137629 0.0140005 0.015933
0.00957559 0.0140717 0.011722 0.0128691 0.0122811 0.0124977 0.0150585
0.0124453 0.0123736 0.0145219 0.0125533 0.014579 0.0129626 0.0163245
0.0127793 0.0128646 0.01422 0.0130897 0.0135212 0.0131848 0.0198094
0.0120023 0.0129825 0.0118583 0.0129873 0.0135222 0.0133078 0.0109141
0.0132706 0.0133659 0.0118034 0.0148077 0.013124 0.0128351 0.0145092
0.0117355 0.0114436 0.0115119 0.0153405 0.0118126 0.0124543 0.0105861
0.0131521 0.0133237 0.0132601 0.0131799 0.014251 0.0140922 0.0153556
0.0100307 0.0130203 0.0115853 0.0123785 0.0141261 0.0127946 0.0125218
0.0122876 0.0132718 0.0141185 0.0130879 0.0134966 0.0134836 0.0140573
0.012648 0.0134265 0.0144771 0.0149758 0.0138919 0.0146571 0.0132093
0.0118842 0.0142485 0.0117726 0.0109478 0.0130992 0.0138587 0.0132097
0.0119206 0.0122355 0.0123126 0.0139089 0.0127571 0.0134717 0.0135976
0.0104843 0.0127818 0.0127946 0.0121923 0.0124878 0.0112367 0.0134106
0.0105744 0.0117674 0.0122473 0.0136737 0.0119021 0.0113652 0.00957448
0.0105458 0.0143104 0.0125595 0.0137279 0.0147776 0.0131949 0.010633
0.0108609 0.0131914 0.0128675 0.0119172 0.0113232 0.0140223 0.0109308
0.0113881 0.012535 0.0134195 0.0131892 0.0138043 0.0126063 0.0117258
0.0103854 0.0133575 0.0112414 0.0128236 0.0113646 0.0129342 0.0108599
0.0116176 0.0138342 0.0119401 0.0120213 0.0135004 0.0137411 0.0122148
0.0127408 0.0132125 0.0124216 0.0126925 0.012496 0.0121154 0.0103427
0.00905018 0.0118001 0.0128471 0.0109233 0.0136056 0.0135474 0.00998149
0.0052377 0.0060512 0.00757761 0.00855243 0.00687356 0.00940451 0.0137729
0.012544 0.0127186 0.0130326 0.0128792 0.0128313 0.012959 0.0117171
0.0121371 0.0132081 0.0128454 0.0130248 0.0127018 0.0127772 0.0125178
0.0124984 0.0128096 0.0123427 0.0131609 0.0136644 0.0133392 0.0123459

-------[ 2023-10-01 09:37:00 ] # GEN4b -> set2: 5461 - 5785
bb.sh.adc.timeoffset = 
   -43.14614    -38.68779    -36.31531    -37.80695    -42.02361    -40.28866    -40.45669 
   -42.01292    -41.89799    -41.84995    -41.26317    -39.47054    -40.08864    -37.43826 
   -35.54682    -44.41717    -32.08185    -33.48025    -33.26878    -32.65333    -38.87774 
   -41.62573    -32.48775    -46.11576    -33.74032    -49.31357    -41.51088    -36.35491 
   -36.52217     -37.9066    -42.93918    -41.10269    -40.92391    -36.05657    -34.53348 
   -38.58661     -37.4576    -39.59687    -36.03815    -32.94878    -40.08539    -35.97853 
   -37.90971     -36.5188    -35.28559    -47.99365    -36.00271    -35.79803    -35.13435 
   -42.19226    -31.46053    -34.42453    -38.60284    -33.24639    -33.81292    -38.61372 
   -42.73827    -33.98475    -38.46984    -34.45107    -31.68453    -39.71754    -38.22429 
   -33.37312     -37.2319    -35.29798     -37.1058    -37.41224    -37.40636    -39.06829 
   -34.17626    -36.10593    -33.03592    -36.03457     -33.8381    -35.14571    -40.22336 
   -38.71695    -34.60314    -37.12545    -34.59286    -34.33092    -33.31679    -38.33768 
   -39.30844    -31.55126    -34.96977    -35.51998    -37.36026    -35.12486    -40.54756 
   -35.14417    -37.10215    -33.48141    -36.28775    -35.34932    -30.24032    -38.50068 
   -36.64379    -38.24533    -38.23965    -36.31931    -34.82172    -34.66639    -40.50099 
   -34.61614    -31.07653    -36.14659    -31.75784    -35.78323    -34.02225    -50.35763 
    -42.5474    -35.08347    -30.73938    -34.82704     -37.6067    -32.93299    -44.50554 
    -34.3571    -36.37856    -34.86378    -40.60863    -31.21018    -33.11396    -34.44973 
   -43.13987    -32.89377    -37.86997    -32.95866    -34.14873    -29.33542    -41.65274 
   -35.97925    -36.38772    -33.65425    -37.42777    -35.41284    -37.57045    -37.32949 
   -40.40747     -42.7325    -31.03912    -37.66134    -30.43198    -38.44397     -38.8608 
   -42.40937    -39.73808    -37.21262    -38.94351    -37.22055    -34.38436    -44.59385 
   -37.19796    -38.42054    -34.75651    -34.08324    -39.00625    -41.42872    -34.83021 
   -39.84097    -34.18885    -48.82083    -47.27957    -44.58627    -37.84897    -40.50012 
   -43.89003    -47.62611    -47.81132    -48.03148    -34.98511     -46.6301      -34.006 
   -43.91319    -37.03278    -48.56136    -44.67233    -43.31297    -44.45861    -45.97351 
   -45.16771    -44.03152    -43.40649    -45.83669    -41.42117    -43.74031    -45.41921 

-------[ 2023-10-04 20:00:00 ]
## Asuming trigger amplitudes are aligned to 10mV
## Calibrated using all He3 data and no elastic cuts
## Calibration done 1/12/26
## SET 8: runs 5537-5550
bb.sh.adc.gain =
0.0145048 0.0149253 0.0149318 0.0152263 0.11397 0.0168643 0.0148251
0.0142379 0.0143369 0.0139998 0.0138535 0.0137629 0.0140005 0.015933
0.0144219 0.016041 0.0115723 0.00808058 0.0132753 0.0134692 0.0150585
0.0123129 0.0119955 0.0146327 0.0120353 0.018316 0.0125687 0.0163245
0.012398 0.01249 0.013783 0.0130442 0.014086 0.0151904 0.0154672
0.0104926 0.013559 0.0118486 0.0129692 0.0143859 0.0136113 0.0152236
0.0132892 0.0130186 0.0117005 0.0248149 0.0127992 0.0124811 0.0120057
0.0112209 0.0114173 0.0113109 0.0150331 0.0117894 0.0122199 0.0136356
0.0129455 0.0132864 0.0133477 0.0130253 0.0137623 0.0138557 0.0126736
0.00993551 0.012877 0.0114576 0.0123302 0.0141289 0.0127843 0.013632
0.0115588 0.0132183 0.0141928 0.0131191 0.0132938 0.013596 0.0141567
0.0129492 0.0132331 0.0143688 0.0151176 0.013716 0.0148588 0.0141323
0.0123489 0.0141188 0.0118306 0.0106903 0.0132088 0.0140314 0.0108229
0.0120587 0.0121132 0.0121343 0.0138792 0.0126408 0.0135381 0.0133694
0.0106784 0.0128079 0.0128407 0.0122204 0.0124924 0.0113088 0.0122299
0.0102621 0.011847 0.0120674 0.0136171 0.0120062 0.0113414 0.0100414
0.00973189 0.0143279 0.0124574 0.0135859 0.0147334 0.0131686 0.0123169
0.0110802 0.0132202 0.0130297 0.0120419 0.0115478 0.0140746 0.0120528
0.010917 0.012744 0.0131318 0.0132606 0.0140673 0.0127381 0.0121666
0.0112878 0.0133682 0.0114608 0.013008 0.0113933 0.0129511 0.0117114
0.0114303 0.0138867 0.0120363 0.0121191 0.0136828 0.0136274 0.0138227
0.0125969 0.0132217 0.012243 0.0128098 0.0126163 0.0121046 0.010096
0.00708002 0.0120484 0.0129898 0.0113403 0.0131555 0.0139105 0.0291254
0.0135794 0.0135311 0.00448478 0.00524347 0.0134106 0.0124871 0.0137729
0.012544 0.0127186 0.0130326 0.0128792 0.0128313 0.012959 0.0117171
0.0121371 0.0132081 0.0128454 0.0130248 0.0127018 0.0127772 0.0125178
0.0124984 0.0128096 0.0123427 0.0131609 0.0136644 0.0133392 0.0123459

-------[ 2023-10-05 07:00:00 ]
## Asuming trigger amplitudes are aligned to 10mV
## Calibrated using all He3 data and no elastic cuts
## Calibration done 1/12/26
## SET 9: runs 5571-5582
bb.sh.adc.gain =
0.0145048 0.0149253 0.0149318 0.0151626 0.11397 0.0168643 0.0148251
0.0142379 0.0143369 0.0139998 0.0138535 0.0137629 0.0140005 0.015933
0.0043989 0.0159894 0.0120531 0.0121595 0.0135934 0.0134692 0.0150585
0.0148632 0.0123309 0.0149857 0.0124886 0.013322 0.0159326 0.0163245
0.0126134 0.0129149 0.0140235 0.0130396 0.0136298 0.0126625 0.0154672
0.0114173 0.0127911 0.0118303 0.0126909 0.013546 0.0129093 0.015002
0.012415 0.0132614 0.0116539 0.0141327 0.013019 0.0122986 0.0158267
0.0109983 0.0118829 0.011256 0.0155269 0.0112889 0.0120293 0.0112062
0.0132327 0.0131027 0.0133983 0.0130529 0.0139866 0.0138819 0.0131725
0.00954481 0.0130825 0.0115939 0.0123681 0.0142535 0.0127271 0.0140166
0.0124622 0.013274 0.0142296 0.0130936 0.0134239 0.0135121 0.0119473
0.0122231 0.0135472 0.0147079 0.0149286 0.0138653 0.0148008 0.0142046
0.0120199 0.0143845 0.0117473 0.0107589 0.0132612 0.0140169 0.0129485
0.0117497 0.0122707 0.0122516 0.013789 0.0126745 0.0135528 0.0131929
0.0106915 0.0129082 0.0128337 0.012345 0.0125623 0.0114003 0.0124052
0.0104096 0.0119626 0.0124548 0.0137876 0.0120715 0.0117011 0.00968989
0.010865 0.0143831 0.0126945 0.0138655 0.0146791 0.0132124 0.0120015
0.0118558 0.0134851 0.0131222 0.0121488 0.0114137 0.0141214 0.00977952
0.0113597 0.0126325 0.0133701 0.0132847 0.013955 0.0126481 0.0113851
0.0104668 0.0133275 0.0113767 0.0128961 0.0112919 0.0131807 0.0117014
0.0115835 0.013663 0.0119278 0.0120894 0.0136157 0.0137936 0.00924708
0.0140178 0.0131252 0.0125558 0.0126309 0.0124425 0.0123943 0.00448047
0.00794063 0.0120886 0.0135776 0.0109515 0.0142141 0.0131173 0.0299454
0.0135794 0.0135311 0.0130043 0.0133466 0.0134106 0.0124871 0.0137729
0.012544 0.0127186 0.0130326 0.0128792 0.0128313 0.012959 0.0117171
0.0121371 0.0132081 0.0128454 0.0130248 0.0127018 0.0127772 0.0125178
0.0124984 0.0128096 0.0123427 0.0131609 0.0136644 0.0133392 0.0123459

-------[ 2023-10-06 12:00:00 ]
## Asuming trigger amplitudes are aligned to 10mV
## Calibrated using all He3 data and no elastic cuts
## Calibration done 3/12/25
## SET 10: runs 5583-5785
bb.sh.adc.gain =
0.0145048 0.0149253 0.0149318 0.0151626 0.11397 0.0168643 0.0148251
0.00464412 0.00153487 0.00725881 0.00501522 0.0143144 0.0140005 0.015933
0.00774015 0.0150698 0.0120032 0.0126096 0.0132292 0.0124643 0.0150585
0.0132251 0.0123214 0.0148433 0.0126254 0.0131372 0.0124586 0.0241519
0.0128991 0.0129835 0.0141727 0.0132302 0.0139515 0.0132924 0.00936019
0.0120452 0.0131765 0.0120719 0.0128337 0.0135885 0.0133876 0.0132007
0.0128611 0.0135089 0.0118998 0.0176033 0.0126702 0.0120051 0.0141975
0.0103991 0.0122855 0.011227 0.0166313 0.0110621 0.01229 0.0116738
0.0130365 0.0131638 0.0133739 0.013151 0.0140605 0.0138368 0.0163349
0.0100232 0.0129849 0.0115129 0.0124546 0.0141703 0.012697 0.0135304
0.0125185 0.0132509 0.0142634 0.0131602 0.0136187 0.0134953 0.01396
0.01274 0.0134093 0.0146253 0.0149923 0.013761 0.0145183 0.0135446
0.0120696 0.0143217 0.0117723 0.0105384 0.0131612 0.0139594 0.0130496
0.012223 0.0122484 0.0121984 0.0138643 0.0125077 0.0135132 0.0138434
0.0106545 0.0129848 0.0129678 0.0123272 0.012655 0.0114128 0.0129189
0.0109562 0.0119757 0.0123311 0.0137714 0.012031 0.0114885 0.00987097
0.0104092 0.014401 0.0127484 0.0137605 0.0146328 0.0131608 0.0117838
0.0115138 0.013218 0.0129574 0.0119687 0.0114985 0.0139202 0.0116788
0.0116335 0.0127545 0.0133683 0.0133421 0.0138625 0.0128218 0.0113322
0.0109003 0.0135976 0.0115267 0.0129813 0.0115076 0.0129637 0.0114172
0.011584 0.0139123 0.0120589 0.0121119 0.013535 0.0138459 0.0119554
0.0131183 0.0131795 0.0124502 0.0126706 0.0125175 0.012148 0.00995054
0.00764959 0.0117179 0.0131869 0.0111092 0.0137077 0.013305 0.013332
0.00407564 0.00469737 0.00727165 0.00855833 0.000887838 0.0132153 0.00963144
0.012544 0.0127186 0.0130326 0.0128792 0.0128313 0.012959 0.0117171
0.0121371 0.0132081 0.0128454 0.0130248 0.0127018 0.0127772 0.0125178
0.0124984 0.0128096 0.0123427 0.0131609 0.0136644 0.0133392 0.0123459

-------[ 2023-10-18 17:00:00 ]
## Asuming trigger amplitudes are aligned to 10mV
## Calibrated using all He3 data and no elastic cuts
## Calibration done 1/12/26
## SET 11a: runs 5805-5821
bb.sh.adc.gain =
0.0145048 0.0149253 0.0149318 0.0151626 0.11397 0.0168643 0.0148251
0.0142379 0.0143369 0.0139998 0.0138535 0.0137629 0.0140005 0.015933
0.0131529 0.015459 0.012402 0.0104054 0.0132753 0.0134692 0.0150585
0.0114092 0.0125037 0.0147139 0.0124048 0.0131529 0.0125687 0.0163245
0.0127198 0.0131412 0.0144947 0.0134612 0.0126892 0.0135684 0.0154672
0.0114683 0.013113 0.0122164 0.0130329 0.0140442 0.0141391 0.0152236
0.0149581 0.0136076 0.0116598 0.0244528 0.012835 0.0127019 0.0164995
0.00964275 0.0133925 0.0110369 0.017311 0.0112588 0.0126424 0.0110096
0.0132116 0.0132408 0.0137481 0.0133341 0.0144663 0.0139707 0.0158588
0.0104263 0.0130747 0.0117835 0.012615 0.0142355 0.0128738 0.0142383
0.012242 0.0131414 0.014048 0.0132311 0.0137466 0.0133909 0.0141649
0.0140871 0.0133259 0.0148071 0.0126627 0.0137655 0.0181338 0.00959436
0.0122406 0.0144166 0.0117932 0.0104791 0.0134574 0.0143579 0.0150333
0.0123162 0.0123066 0.0121802 0.0139596 0.0126542 0.013529 0.0140543
0.0106582 0.0133159 0.012994 0.0127193 0.0128601 0.0115715 0.0139987
0.0110484 0.012205 0.0124762 0.0137759 0.0120643 0.0113754 0.0115518
0.0110433 0.0141812 0.0129648 0.0140359 0.0148904 0.0133753 0.0101292
0.0119947 0.0133308 0.013031 0.0119587 0.0117349 0.0140174 0.0116221
0.0110686 0.0129008 0.0134845 0.0133938 0.0139744 0.0126598 0.0154708
0.0105013 0.0138601 0.0117977 0.0131157 0.0116723 0.0129817 0.0114494
0.012756 0.0137884 0.0119865 0.012445 0.0136415 0.0143394 0.00915592
0.0131471 0.0136065 0.0127885 0.0129247 0.0124201 0.0120608 0.0129013
0.00689342 0.0122778 0.0140703 0.0109473 0.0116664 0.0139185 0.00825123
0.0135794 0.0135311 0.0130043 0.0202903 0.0134106 0.0124871 0.0137729
0.012544 0.0127186 0.0130326 0.0128792 0.0128313 0.012959 0.0117171
0.0121371 0.0132081 0.0128454 0.0130248 0.0127018 0.0127772 0.0125178
0.0124984 0.0128096 0.0123427 0.0131609 0.0136644 0.0133392 0.0123459

-------[ 2023-10-19 17:42:00 ] # GEN4b -> set3: 5805 - 6083
bb.sh.adc.timeoffset = 
   -44.70715    -40.27803    -37.67529    -38.49227    -42.09493    -42.70207    -43.37939 
   -43.83188    -43.80787    -43.80182    -43.67038    -41.33824    -42.11168    -38.44938 
   -37.59778    -46.48452    -34.18222    -35.61029    -35.37196    -34.65593    -39.84614 
   -43.60636    -34.50867    -48.12187    -35.75105    -51.50606    -43.56837    -36.97769 
   -38.34782    -39.86309     -44.9097    -43.08256    -43.05121    -37.90251    -35.48659 
   -40.37717    -39.41014    -41.54749    -37.94205     -34.7473    -41.96446    -37.22234 
   -39.84466    -38.67496     -37.3561    -45.75742     -38.1584    -37.96905    -37.42597 
   -44.15015     -33.8469    -36.41811    -48.38321    -35.28738    -35.78837    -40.69016 
   -44.79238    -35.95873    -40.57349    -36.44899    -33.70533    -41.69149    -40.07803 
    -35.3938    -39.37974    -37.39148    -39.20547    -39.48941    -39.47141    -41.15849 
   -36.16373    -38.12804    -35.02698    -38.10518    -35.82665    -37.15918    -43.62796 
   -40.82346    -36.58959    -39.20431    -37.06558    -36.37834    -35.79855    -40.33854 
     -41.402    -33.57337    -37.05635    -37.61435    -39.56028    -37.19778    -43.13879 
   -37.06415    -39.19255    -35.49822    -38.41593    -37.40058     -32.2295    -41.43378 
   -38.52214    -40.24336    -40.26262    -38.32769    -36.81447    -36.65102    -42.87166 
   -36.51975    -33.01085    -38.17342    -33.74263     -37.7526    -35.98047     -52.8708 
   -44.51367    -37.06216    -32.69448    -36.85813    -39.62097    -34.89596    -46.65163 
   -36.33574     -38.4041    -36.86137    -42.85689    -33.19778    -35.17393    -36.52786 
   -45.27953     -34.8463    -39.89334    -34.95501    -36.11504    -31.29028    -43.84838 
   -37.87021    -38.36341    -35.58368    -39.55097    -37.37219    -39.56059    -39.28381 
   -42.28697    -44.89934    -32.97026    -39.65491    -32.38639    -40.37339    -41.28984 
   -44.34414    -41.62115    -39.15853    -40.89979    -39.15689    -36.30154    -46.34146 
   -39.17153    -40.34144    -36.71148    -35.98679    -41.04182    -43.42319    -36.18352 
   -41.80502    -36.47302    -51.88471    -49.12123    -48.88348     -40.5238    -43.17495 
   -46.26332    -50.80379      -50.989    -51.23487    -39.81443    -49.30493    -36.68083 
   -46.28648    -40.21046    -51.73904    -47.85001    -48.14229    -47.13344    -48.64834 
     -47.541     -47.2092    -46.58417    -49.01437    -46.25049    -46.41514    -48.09404 

-------[ 2023-10-20 09:30:00 ]
## Asuming trigger amplitudes are aligned to 10mV
## Calibrated using all He3 data and no elastic cuts
## Calibration done 1/12/26
## SET 11b: runs 5828-5904
bb.sh.adc.gain =
0.0145048 0.0149253 0.0149318 0.0151626 0.11397 0.0168643 0.0148251
0.0142379 0.0143369 0.0100195 0.0138535 0.0137629 0.0140005 0.015933
0.00856538 0.0150673 0.0130382 0.0118519 0.0138312 0.0124054 0.0150585
0.013327 0.0125652 0.0148908 0.0131105 0.014116 0.0126085 0.0121394
0.0131567 0.0131778 0.0142372 0.0131943 0.0140799 0.0132966 0.0126651
0.0124231 0.0133642 0.0122101 0.0130812 0.0142135 0.0132855 0.0116556
0.0136321 0.0140747 0.0122556 0.0187519 0.0128733 0.0121867 0.014865
0.0108889 0.0144578 0.01125 0.0161493 0.0108882 0.0123492 0.0104446
0.013801 0.0135564 0.01371 0.0134685 0.014362 0.0140585 0.017075
0.0103678 0.0131622 0.0117224 0.0126779 0.0145683 0.0128146 0.0133033
0.0129567 0.0135026 0.0147031 0.0133947 0.0138523 0.0135035 0.0142217
0.0135512 0.0137784 0.0152341 0.0127648 0.0139194 0.0188 0.0144719
0.0125423 0.0147609 0.0118663 0.0103586 0.0134508 0.0141689 0.0125001
0.0128826 0.0124431 0.0124432 0.0139657 0.0124911 0.0137664 0.014017
0.0113552 0.0132795 0.0133104 0.0126068 0.0128582 0.0116298 0.0131447
0.0115176 0.0124579 0.012769 0.0139555 0.0122394 0.0118017 0.0103804
0.011036 0.0149643 0.0131775 0.0141268 0.0149529 0.0134439 0.0116403
0.0117809 0.0135637 0.0134368 0.0121044 0.0117816 0.0142834 0.0118851
0.0119789 0.0130612 0.01348 0.0137461 0.0141173 0.013053 0.0116184
0.0111029 0.0138859 0.0118997 0.0132001 0.0116437 0.013021 0.0123596
0.0119877 0.0139273 0.0125192 0.0121841 0.0139111 0.0139997 0.0121783
0.0134883 0.0136507 0.0127572 0.0128529 0.0126626 0.0126148 0.0122003
0.0103369 0.0116407 0.0136702 0.0113653 0.0133902 0.0136104 0.00825123
0.0135794 0.0203253 0.000902534 0.00677102 0.0132575 0.0124871 0.0137729
0.012544 0.0127186 0.0130326 0.0128792 0.0128313 0.012959 0.0117171
0.0121371 0.0132081 0.0128454 0.0130248 0.0127018 0.0127772 0.0125178
0.0124984 0.0128096 0.0123427 0.0131609 0.0136644 0.0133392 0.0123459

-------[ 2023-10-23 15:00:00 ]
## Asuming trigger amplitudes are aligned to 10mV
## Calibrated using all He3 data and no elastic cuts
## Calibration done 1/12/26
## SET 11c: runs 5914-6083
bb.sh.adc.gain =
0.0145048 0.0149253 0.0149318 0.0151626 0.11397 0.0168643 0.0148251
0.0142379 0.0143369 0.000745429 0.0138535 0.0137629 0.0140005 0.015933
0.00798798 0.01498 0.012669 0.0134336 0.0120717 0.0121783 0.0150585
0.013211 0.0124025 0.0147789 0.0128135 0.0145158 0.0135814 0.0206872
0.0130361 0.0130844 0.014188 0.0132051 0.0137404 0.0132888 0.0126723
0.0125684 0.0134308 0.0123082 0.0130131 0.0140559 0.013336 0.0124565
0.012654 0.0136498 0.0119551 0.0192763 0.0127239 0.0119705 0.0143312
0.0101095 0.0188677 0.0110309 0.0204172 0.0107931 0.0122878 0.011677
0.0134408 0.0132709 0.0135848 0.0134736 0.0143348 0.0140706 0.0156297
0.0105427 0.0130425 0.0116294 0.0126665 0.0144674 0.0127195 0.0139684
0.0125646 0.0133826 0.014499 0.0134224 0.0140011 0.0136045 0.0150217
0.0132441 0.0136 0.0149902 0.012716 0.0137705 0.0185044 0.0116822
0.0124828 0.0145272 0.0117887 0.0102364 0.0134236 0.014126 0.0127067
0.01273 0.0124091 0.0122304 0.0139371 0.0124173 0.0137707 0.0143625
0.0112144 0.0132755 0.0132222 0.0126109 0.0129131 0.0117254 0.0129669
0.0114353 0.0124989 0.0125601 0.0138788 0.0123763 0.0118228 0.010315
0.0108345 0.0147571 0.0131432 0.014001 0.0147164 0.013584 0.0109314
0.0118587 0.0134311 0.0132011 0.0120735 0.0119903 0.0143565 0.0110703
0.0118929 0.0130774 0.0133892 0.0137591 0.0140727 0.0131478 0.0115204
0.0113958 0.0140276 0.0120281 0.0132821 0.0117861 0.0130198 0.0120585
0.012164 0.0140669 0.0124358 0.0124226 0.0139931 0.014075 0.0122771
0.0132633 0.0135583 0.0126596 0.0128294 0.0127906 0.0124471 0.0103742
0.00922266 0.0118986 0.0135386 0.0115061 0.0124035 0.01259 0.0100726
0.00183376 0.00699361 0.00230508 0.0066745 0.0146764 0.0124871 0.0137729
0.012544 0.0127186 0.0130326 0.0128792 0.0128313 0.012959 0.0117171
0.0121371 0.0132081 0.0128454 0.0130248 0.0127018 0.0127772 0.0125178
0.0124984 0.0128096 0.0123427 0.0131609 0.0136644 0.0133392 0.0123459


########################################################
########################################################

############        Starting GEn-RP         ############

########################################################
########################################################

## Preparing for beam. Amplitudes at trigger aligned to 20mV with cosmic.
## Starting from run 1475

-------[ 2024-04-04 23:00:00 ]

bb.sh.tmax = 50.0

## ADCtime offsets using cosmic data (Target ADC time = 40 ns)
## Used cosmic run 1462
bb.sh.adc.timeoffset =
-3.01243 -2.75369 -2.88749 0.842004 -0.893275 0.242366 -5.44985
-0.737429 -3.15094 -4.66251 -4.06358 -2.0572 -2.36377 -1.0596
-0.228508 -4.37466 0.313585 -0.0831489 -0.294379 0.104916 -1.53813
-3.7443 0.422965 -6.24193 -0.566761 -9.83738 -14.3827 -1.52704
-0.255914 -2.27448 -6.92478 -4.32323 -4.10828 -2.49819 -0.252265
-2.17692 -2.14309 -5.25791 -3.15934 0.214017 -3.396 -1.13103
-1.37057 -2.06161 -2.92091 -4.93003 -2.26803 -3.0753 -2.61139
-5.999 -2.37343 -4.08154 -9.96021 -3.578 -4.23193 -3.26832
-5.98444 -3.06489 -6.18605 -4.3378 -0.944313 -8.01629 -2.7465
-2.71054 -6.73377 -5.56098 -7.55125 -7.42654 -7.63556 -4.95963
-4.31134 -6.44166 -3.56732 -6.9803 -5.55805 -5.47359 -6.97166
-5.57653 -5.39316 -8.30437 -6.41858 -5.38016 -4.25153 -2.54987
-4.63609 -3.18693 -6.3197 -7.15103 -8.48185 -6.81298 -7.05832
-6.39639 -8.25668 -4.61809 -7.30415 -6.38096 -1.84527 -5.74468
-5.68715 -9.16931 -9.59409 -7.40798 -6.37639 -5.92914 -4.67228
-4.80623 -1.07546 -7.60696 -2.94307 -7.51723 -5.47937 -9.11854
-7.22367 -6.34488 -2.44417 -5.76245 -8.64562 -3.64484 -8.12873
-2.47699 -6.84186 -5.23206 -10.1502 -2.9061 -4.88045 -1.35588
-7.36374 -3.23351 -8.33106 -3.20861 -5.44612 -0.772881 -5.01811
-3.0597 -5.04097 -3.9067 -7.01222 -5.39886 2.16461 -3.87731
-3.24404 -7.74122 0.823812 -4.8243 1.38906 -3.6196 -1.29875
-3.0563 -3.66721 -4.40208 -6.25187 -3.52527 -1.51174 -4.94039
-1.68564 -3.11092 -0.261582 -0.365733 -2.05117 -3.84214 1.08738
-0.986505 1.59222 -8.05563 -8.2065 -9.14109 -2.06721 -2.06241
-5.95113 -8.29874 -8.85093 -7.74755 -10.4667 -7.27348 -7.51028
-4.0103 -9.21546 -5.30995 -5.69181 -5.18427 -3.38835 -6.58268
-2.17537 -2.56778 -3.54733 -4.10059 -4.92719 -1.74786 -6.78853


## Amplitude to Integral Ratios (Calculated from run 6948 (cosmic))
bb.sh.adc.AmpToIntRatio =
1.87283 1.83462 1.84412 1.9927 1.99818 1.98181 1.82649
1.97708 1.96001 1.87636 1.90041 1.88988 1.91577 1.90902
1.90889 1.83126 2.02052 2.05362 1.97057 2.0706 1.92912
1.89017 2.05274 1.86658 2.01564 1.7744 1.75677 1.85173
1.98061 1.94983 1.80286 1.93038 1.91716 1.85596 1.93295
1.93692 1.93142 1.85686 1.94708 1.97108 1.88749 1.86939
2.10559 2.10007 2.04235 3.4065 2.08743 2.04789 1.93892
1.9124 3.1013 2.07254 3.24939 2.06668 2.1007 1.9112
1.88183 1.97048 1.86372 1.97724 1.99705 1.8584 1.92956
2.00248 1.87504 1.93829 1.89817 1.87567 1.85794 1.82493
2.02354 1.97311 1.97374 1.97082 1.94275 1.95421 1.83976
1.88808 2.02131 1.92116 1.99142 2.03823 1.97717 1.96179
1.93444 2.03141 1.95479 1.95082 1.90147 1.88231 1.79734
1.9234 1.86306 1.93352 1.90915 1.90252 2.06267 1.79595
1.99042 1.90476 1.88997 1.94144 1.96879 1.98985 1.93856
2.03627 1.85499 1.9126 2.00647 1.90094 1.94357 1.81341
1.86973 1.95372 2.0942 1.90265 1.88347 2.00339 1.85524
2.0464 1.94426 1.93111 1.81727 2.0261 1.97454 2.03838
1.85596 2.02204 1.88627 1.93504 1.95211 2.0385 1.90262
1.95925 1.88736 1.99586 1.91639 1.9246 1.89436 1.85564
1.7711 1.81868 1.95064 1.80052 2.04763 1.8288 1.77548
1.8569 1.8685 1.85038 1.83036 1.88367 1.93837 1.77436
1.89552 1.81908 1.92136 1.93408 1.93723 1.85193 1.88789
1.90253 1.93235 1.74724 1.78416 1.78157 1.78626 1.75219
1.81342 1.76299 1.79517 1.75646 1.81035 1.79775 1.80923
1.77855 1.82522 1.8101 1.82482 1.77399 1.805 1.746
1.8261 1.8124 1.77965 1.78385 1.77646 1.78306 1.68872

## Asuming trigger amplitudes are aligned to 15mV (Run 6948)
bb.sh.adc.gain =
0.0090645 0.00887956 0.00892554 0.00964467 0.00967119 0.00959196 0.00884021
0.00956907 0.00948645 0.00908158 0.00919798 0.00914702 0.00927233 0.00923966
0.00923903 0.0088633 0.00977932 0.00993952 0.00953756 0.0100217 0.00933694
0.00914842 0.00993526 0.00903425 0.0097557 0.0085881 0.00850277 0.00896237
0.00958615 0.00943718 0.00872584 0.00934304 0.00927905 0.00898285 0.00935548
0.00937469 0.00934807 0.0089872 0.00942387 0.00954003 0.00913545 0.00904785
0.0101911 0.0101643 0.00988497 0.0164875 0.0101032 0.00991179 0.00938437
0.00925602 0.0150103 0.0100311 0.015727 0.0100027 0.0101674 0.00925021
0.00910806 0.00953712 0.0090204 0.00956984 0.00966572 0.00899466 0.00933907
0.009692 0.00907519 0.00938132 0.00918714 0.00907824 0.00899243 0.00883266
0.00979393 0.00954985 0.0095529 0.00953877 0.00940291 0.00945838 0.00890444
0.00913831 0.00978314 0.00929841 0.00963847 0.00986503 0.0095695 0.00949506
0.00936269 0.00983202 0.00946118 0.00944197 0.00920311 0.00911038 0.00869913
0.00930926 0.00901721 0.00935824 0.00924029 0.0092082 0.00998332 0.0086924
0.00963363 0.00921904 0.00914745 0.00939657 0.00952894 0.00963087 0.00938263
0.00985555 0.00897815 0.00925698 0.00971131 0.00920055 0.00940688 0.0087769
0.00904949 0.009456 0.0101359 0.00920883 0.00911599 0.00969641 0.00897936
0.00990458 0.00941022 0.00934657 0.00879559 0.00980632 0.00955677 0.00986576
0.00898285 0.00978667 0.00912955 0.00936559 0.00944821 0.00986634 0.00920868
0.00948277 0.00913482 0.00965996 0.00927533 0.00931506 0.0091687 0.0089813
0.00857212 0.00880241 0.0094411 0.00871452 0.00991053 0.00885139 0.00859332
0.0089874 0.00904354 0.00895584 0.00885894 0.00911696 0.00938171 0.0085879
0.00917432 0.00880435 0.00929938 0.00936095 0.00937619 0.00896334 0.00913739
0.00920825 0.00935257 0.00845664 0.00863533 0.0086228 0.0086455 0.0084806
0.00877695 0.00853287 0.00868862 0.00850127 0.00876209 0.00870111 0.00875667
0.00860818 0.00883406 0.00876088 0.00883213 0.00858611 0.0087362 0.00845064
0.00883832 0.00877202 0.00861351 0.00863383 0.00859807 0.00863001 0.0081734

# Calibrated values prior to first pass replay, LH2 with elastic cuts - AGCheyne Oct'2024
# split into sets based on threshold changes made during running

#sh
# set 1 - run 0-270
--------[ 2024-04-17 00:00:00 ]
bb.sh.adc.gain =
0.00511799 0.00744383 0.00945607 0.0193305 0.00735298 0.00649666 0.00485299
0.00729754 0.00912531 0.00840922 0.00926009 0.01025 0.00970339 0.00577818
0.00794389 0.0090171 0.00921548 0.00868293 0.00940934 0.00925888 0.00772196
0.00906003 0.0080953 0.00851996 0.00920703 0.00980428 0.00970567 0.00667194
0.00802577 0.00928857 0.00834531 0.00876398 0.00924667 0.00878781 0.00890993
0.00711336 0.00889049 0.00774117 0.00871186 0.00920299 0.00747964 0.00768777
0.00924829 0.00939457 0.00831869 0.0109335 0.00888862 0.00799172 0.00726672
0.00713164 0.0141247 0.0074996 0.0116131 0.00787032 0.00853805 0.00705636
0.00886248 0.00965672 0.00763734 0.0089621 0.00835485 0.00875118 0.00784989
0.00592548 0.00789441 0.00601609 0.00790723 0.00855332 0.00854925 0.0076347
0.00757446 0.00828458 0.00915753 0.00811579 0.00883087 0.00866763 0.00623551
0.00863026 0.0082427 0.00916704 0.00791356 0.0086915 0.00877506 0.00777452
0.00734121 0.0092853 0.00690485 0.00651362 0.00814743 0.00852257 0.00641698
0.00833251 0.00842482 0.00816167 0.00820524 0.00789277 0.00809159 0.00789065
0.00652689 0.00790116 0.00846729 0.00733974 0.00781314 0.00690916 0.0062432
0.0057602 0.00730266 0.00726245 0.00923357 0.00765545 0.00790192 0.00669298
0.00565136 0.008922 0.00843869 0.00802788 0.00806167 0.00812064 0.00722525
0.00778937 0.00801149 0.00857335 0.00688601 0.00809216 0.00989889 0.00756824
0.00695453 0.00813707 0.00860857 0.0082988 0.00922463 0.00825564 0.00673973
0.00636321 0.00932799 0.00739584 0.00886855 0.00801812 0.00897565 0.00727891
0.00775089 0.00933081 0.00794672 0.0068107 0.00920547 0.0088537 0.0084407
0.00772953 0.00847298 0.00853043 0.00825042 0.00769687 0.00821745 0.00553552
0.00642125 0.00901049 0.00826211 0.00730629 0.00913346 0.00840261 0.00760315
0.00676485 0.00852901 0.00930995 0.0097888 0.00970788 0.00885947 0.00692181
0.0101723 0.010293 0.0104343 0.00955669 0.0102952 0.00949021 0.00920036
-0.00413774 0.0104416 0.00945311 0.0142421 0.00858611 0.0114085 0.00845064
0.00883832 0.00877202 0.00861351 0.00863383 0.00859807 0.00863001 0.0081734
# set 2 - run 271-309
--------[ 2024-04-21 13:30:00 ]
bb.sh.adc.gain =
0.00395369 0.00553112 0.0103347 0.0193305 0.0139279 0.00589303 0.00485299
0.00726961 0.0104509 0.00863639 0.0101504 0.00977565 0.00915708 0.00577818
0.00918434 0.00933238 0.00955537 0.00908648 0.00957515 0.0100725 0.00933694
0.00966389 0.00854346 0.00904112 0.00913039 0.00905295 0.00911932 0.0096071
0.00926811 0.00906066 0.00836629 0.00870686 0.00929492 0.00909315 0.00967141
0.00745162 0.00893081 0.00830165 0.00918663 0.00898341 0.00794534 0.00950028
0.0101788 0.0102146 0.00960844 0.0128311 0.00931355 0.00875054 0.00925003
0.00600714 0.0158613 0.00832169 0.0123808 0.00888403 0.00899716 0.00799265
0.00953954 0.0101567 0.00776427 0.00874499 0.00835182 0.00874431 0.00772286
0.00658792 0.00801706 0.00644292 0.00773003 0.00875981 0.00901999 0.00836887
0.00840062 0.00868308 0.00895207 0.00827758 0.00897856 0.00882479 0.00602911
0.00872183 0.00839837 0.00916976 0.00802809 0.00900825 0.008641 0.00595738
0.00632083 0.00948721 0.00754314 0.00746046 0.00802354 0.00870731 0.00772222
0.00860405 0.00849657 0.00824032 0.00853664 0.00833304 0.00836967 0.00806632
0.00646854 0.00777972 0.00818459 0.00705329 0.0079492 0.00691757 0.00621162
0.00589867 0.00709956 0.00718229 0.00905704 0.00785486 0.00753742 0.00586625
0.00486732 0.00886145 0.00836495 0.00802048 0.00809038 0.00806686 0.00785883
0.0075707 0.00791094 0.00833474 0.00680047 0.00791942 0.00947262 0.00795138
0.00656578 0.00802646 0.0085656 0.00803405 0.00940618 0.00809396 0.00738548
0.0061651 0.0087879 0.00727171 0.00865302 0.00792697 0.00837704 0.00884034
0.00826969 0.00883717 0.00761914 0.00670955 0.00871385 0.00891517 0.0080291
0.00772184 0.00841262 0.0082287 0.0080927 0.00762711 0.00822194 0.0060401
0.00658863 0.00879098 0.00811501 0.00753694 0.00924377 0.00819672 0.00694151
0.00707342 0.00860961 0.00954324 0.00887347 0.00868625 0.00960551 0.0141344
0.00595161 0.0101996 0.0094603 0.00850127 0.00876209 0.0160268 0.00875667
0.00860818 0.00883406 0.00876088 0.00883213 0.00858611 0.0087362 0.00845064
0.00883832 0.00877202 0.00861351 0.00863383 0.00859807 0.00863001 0.0081734
# set 3 - run 310-495
--------[ 2024-04-22 18:50:00 ]
bb.sh.adc.gain =
0.00508205 0.00838447 0.00940307 0.00679166 0.0116142 0.0113322 0.00884021
0.00755417 0.00871275 0.0083398 0.00933376 0.0104844 0.00879794 0.0155394
0.00823919 0.00890985 0.0090502 0.00854584 0.00948734 0.00925234 0.00595602
0.00815736 0.00805521 0.00832958 0.00908091 0.00848074 0.00834028 0.00886582
0.00778195 0.00916363 0.0082147 0.0086452 0.00881371 0.00894983 0.0049976
0.00687697 0.00856548 0.00770889 0.00851628 0.00904108 0.00738255 0.00722021
0.00866145 0.00913028 0.0080987 0.0107687 0.00848621 0.00799201 0.00729303
0.00698334 0.0133531 0.00744895 0.0112906 0.00772324 0.00821226 0.00780076
0.0083928 0.00955941 0.00745078 0.00876024 0.00823834 0.00849086 0.00731601
0.00549066 0.00783027 0.00586178 0.00782351 0.00822261 0.00866423 0.00717971
0.0073768 0.00821223 0.009132 0.00791332 0.00862083 0.00853192 0.00611842
0.00844806 0.00819888 0.00876503 0.00779307 0.00861219 0.00867413 0.00824521
0.0071761 0.00898822 0.00671365 0.00661213 0.00816511 0.00843342 0.00644991
0.00826659 0.00814691 0.00807168 0.00806455 0.00800327 0.00793187 0.00755086
0.00590103 0.00773846 0.00831041 0.00724611 0.00774929 0.00686847 0.0063735
0.00553076 0.00723032 0.00714494 0.00893161 0.00754373 0.00790073 0.00692543
0.00545171 0.00868913 0.00833053 0.00781967 0.00798287 0.0079961 0.00699972
0.0077888 0.00788718 0.0084151 0.00676642 0.00806227 0.00972802 0.00757919
0.00662174 0.00803236 0.0085057 0.00817721 0.00906211 0.00810957 0.00600769
0.00645999 0.00896919 0.00713315 0.00861262 0.00808841 0.00892871 0.00724521
0.00768954 0.00904305 0.00780839 0.00683875 0.00909919 0.00873103 0.00852161
0.00744304 0.00825676 0.0083136 0.00809403 0.00768244 0.00810948 0.00540707
0.00605981 0.00879856 0.00805556 0.00730773 0.00914798 0.00834335 0.00719083
0.00786834 0.00802906 0.00856851 0.00884337 0.00741892 0.00841866 0.00750281
0.00558972 0.00997318 0.0131038 0.0124494 0.0098392 0.00974445 0.00875667
0.00860818 0.00883406 0.00876088 0.00883213 0.00858611 0.0087362 0.00845064
0.00883832 0.00877202 0.00861351 0.00863383 0.00859807 0.00863001 0.0081734
# set 4 - run 496-921
--------[ 2024-04-28 10:10:00 ]
bb.sh.adc.gain =
0.0043425 0.00721203 0.00913951 0.0194261 0.00770829 0.00650463 0.0130978
0.00723413 0.00907764 0.00835985 0.009126 0.0102985 0.00978917 0.00509048
0.00788444 0.00896735 0.00921144 0.00864301 0.00947069 0.00921495 0.00815906
0.00919526 0.00795594 0.00843313 0.00935095 0.00916901 0.00895316 0.00608012
0.00789222 0.00925816 0.00828288 0.00885091 0.00941864 0.00877382 0.00925057
0.00706604 0.00892196 0.0075519 0.00851286 0.00931445 0.00737804 0.0074363
0.00913156 0.00936499 0.00813355 0.0110859 0.00892457 0.00810645 0.00749879
0.00745374 0.0140083 0.00733897 0.0115303 0.00778369 0.00847006 0.00678895
0.00857712 0.0094998 0.00748997 0.00908128 0.00836966 0.00869148 0.00778518
0.00603391 0.00774717 0.00579677 0.00788492 0.00855693 0.00852216 0.00747571
0.00753967 0.00815305 0.00917188 0.00804294 0.0087909 0.00861314 0.006027
0.00860072 0.00815424 0.00917979 0.00781982 0.00862746 0.00874701 0.00829054
0.00735272 0.00919229 0.00677373 0.00631002 0.00805198 0.00848754 0.00618413
0.00828958 0.00828695 0.00799657 0.00810512 0.00777518 0.00800844 0.00791485
0.00640392 0.00785473 0.00847006 0.00726719 0.00770361 0.00683585 0.0061717
0.00561728 0.00731519 0.00718972 0.00930718 0.00760271 0.00790997 0.00666447
0.00561101 0.00894875 0.00835061 0.0079316 0.00798573 0.00803325 0.00707806
0.0077514 0.00803185 0.00858996 0.0068144 0.00813201 0.0100954 0.00703627
0.00678333 0.00810493 0.00852446 0.00830391 0.00925301 0.00826048 0.00677229
0.00658942 0.00946113 0.00745378 0.0089025 0.00791224 0.00898659 0.00674743
0.0076568 0.00940316 0.00803151 0.00678785 0.00938109 0.00884624 0.00824592
0.00748004 0.00841745 0.00854727 0.00822634 0.00770468 0.00822762 0.00548735
0.0065173 0.00904532 0.00824853 0.00721531 0.00914843 0.00839071 0.00725858
0.00662978 0.00850479 0.00905779 0.00938029 0.00846251 0.00887963 0.00693593
0.00983475 0.0101151 0.00995007 0.0106146 0.0098321 0.00982716 0.00826422
-0.0125408 -0.00191248 0.00876088 0.00883213 0.00858611 0.0121447 0.00845064
0.00883832 0.00877202 0.00861351 0.00863383 0.00859807 0.00863001 0.0081734
