---------[ 2021-08-01 00:00:00 ] # start about a month before the approximate start of the SBS program
### Detector map, format:
## crate slot start_channel end_channel refindex
# crate slot ch_min ch_max
bb.hodotdc.detmap =
  5     2     0    127     1 ## 127 channels (Left  PMTs) with reference index
  5     3     0    127     3 ## 127 channels (Right PMTs) with reference index

bb.hodotdc.chanmap =
	 0   1   2   3   4   5   6   7   8   9  10  11  12  13  14     15
      	 16 17  18  19  20  21  22  23  24  25  26  27  28  29  30     31
	 32 33  34  35  36  37  38  39  40  41  42  43  44  45  46     47
	 48 49  50  51  52  53  54  55  56  57  58  59  60  61  62     63
	 64 65  66  67  68  69  70  71  72  73  74  75  76  77  78     79
	 80 81  82  83  84  85  86  87  88  89  -1  -1  -1  -1  -1     -1
         -1 -1  -1  -1  -1  -1  -1  -1  -1  -1  -1  -1  -1  -1  -1     -1
         -1  -1 -1  -1  -1  -1  -1  -1  -1  -1  -1  -1  -1  -1  -1000  -1000
	 90  91  92  93  94  95  96  97  98  99 100 101 102 103 104   105
	106 107 108 109 110 111 112 113 114 115 116 117 118 119 120   121
	122 123 124 125 126 127 128 129 130 131 132 133 134 135 136   137
	138 139 140 141 142 143 144 145 146 147 148 149 150 151 152   153
	154 155 156 157 158 159 160 161 162 163 164 165 166 167 168   169
	170 171 172 173 174 175 176 177 178 179  -1  -1  -1  -1  -1    -1
         -1  -1  -1  -1  -1  -1  -1  -1  -1  -1  -1  -1  -1  -1  -1    -1
         -1  -1  -1  -1  -1  -1  -1  -1  -1  -1  -1  -1  -1  -1  -1000  -1000


## Positions in [m] where +z is roated by bb.theta
##
## surface of hodoscope from 1st GEM: (90.88-17.87)"x 0.0254 m = 1.854454 cm
bb.hodotdc.position = 0 0 1.854454

# this is actually vertical position (X in transport coordinates):
bb.hodotdc.ypos =
1.08455 1.05955 1.03455 1.00955 0.98455
0.95955 0.93455 0.90955 0.88455 0.85955
0.83455 0.80955 0.78455 0.75955 0.73455
0.70955 0.68455 0.65955 0.63455 0.60955
0.58455 0.55955 0.53455 0.50955 0.48455
0.45955 0.43455 0.40955 0.38455 0.35955
0.33455 0.30955 0.28455 0.25955 0.23455
0.20955 0.18455 0.15955 0.13455 0.10955
0.08455 0.05955 0.03455 0.00955 -0.01545
-0.04045 -0.06545 -0.09045 -0.11545 -0.14045
-0.16545 -0.19045 -0.21545 -0.24045 -0.26545
-0.29045 -0.31545 -0.34045 -0.36545 -0.39045
-0.41545 -0.44045 -0.46545 -0.49045 -0.51545
-0.54045 -0.56545 -0.59045 -0.61545 -0.64045
-0.66545 -0.69045 -0.71545 -0.74045 -0.76545
-0.79045 -0.81545 -0.84045 -0.86545 -0.89045
-0.91545 -0.94045 -0.96545 -0.99045 -1.01545
-1.04045 -1.06545 -1.09045 -1.11545 -1.14045
1.08455 1.05955 1.03455 1.00955 0.98455
0.95955 0.93455 0.90955 0.88455 0.85955
0.83455 0.80955 0.78455 0.75955 0.73455
0.70955 0.68455 0.65955 0.63455 0.60955
0.58455 0.55955 0.53455 0.50955 0.48455
0.45955 0.43455 0.40955 0.38455 0.35955
0.33455 0.30955 0.28455 0.25955 0.23455
0.20955 0.18455 0.15955 0.13455 0.10955
0.08455 0.05955 0.03455 0.00955 -0.01545
-0.04045 -0.06545 -0.09045 -0.11545 -0.14045
-0.16545 -0.19045 -0.21545 -0.24045 -0.26545
-0.29045 -0.31545 -0.34045 -0.36545 -0.39045
-0.41545 -0.44045 -0.46545 -0.49045 -0.51545
-0.54045 -0.56545 -0.59045 -0.61545 -0.64045
-0.66545 -0.69045 -0.71545 -0.74045 -0.76545
-0.79045 -0.81545 -0.84045 -0.86545 -0.89045
-0.91545 -0.94045 -0.96545 -0.99045 -1.01545
-1.04045 -1.06545 -1.09045 -1.11545 -1.14045

## Size
#bb.hodotdc.size   =  0.595 2.295 0.37 # in meters
bb.hodotdc.size   =  0.600 0.025 0.025 # in meters

## Number of rows and columns
#bb.hodotdc.ncols =  2
#bb.hodotdc.nrows = 90
# swapping this from intuitve 90 rows of 2 columns
# generic detector loops row top, then column
#our tdc is all 90 left pmt in first module, all 90 in 2nd module for right
bb.hodotdc.ncols =  90
bb.hodotdc.nrows = 2

## Position of first module
bb.hodotdc.xyz    = -1.105  -0.255  0.000
## Space between modules
#bb.hodotdc.dxdydz =  10.000  10.000  0.000
#need to check this
#bb.hodotdc.dxdydz =  0.010  0.010  0.000
##in transport coordinates:
bb.hodotdc.dxdydz =  0.025  0.600  0.000

bb.hodotdc.tdcwindowmin = -30
bb.hodotdc.tdcwindowmax = 30
bb.hodotdc.tdctotmin = 7
bb.hodotdc.tdctotmax = 50

bb.hodotdc.horizposbarcut = 0.3
#bb.hodotdc.timeref = -80.0
#bb.hodotdc.timebarcut = 30.0

bb.hodotdc.maxclussize = 5
bb.hodotdc.maxyposdiff_clus = 0.3
bb.hodotdc.maxtimediff_clus = 10.0

bb.hodotdc.trackmatchcutX = 0.1
bb.hodotdc.trackmatchcutY = 0.25

bb.hodotdc.reftdc.GoodTimeCut = 0.0 368.0 0.0 368.0
bb.hodotdc.reftdc.offset = 0.0
#bb.hodotdc.reftdc.calib = 0.0936 #time res per v1190 channel
# slight refinement of TDC calibration using spacing of consecutive RF time hits:
bb.hodotdc.reftdc.calib = 0.09376

bb.hodotdc.crate_rftime = 5
bb.hodotdc.slot_rftime = 3
bb.hodotdc.chan_rftime = 126

bb.hodotdc.trigtime_central = 368.0 # this should match whatever was used in the calibration!

bb.hodotdc.crate_trigtime = 5
bb.hodotdc.slot_trigtime = 3
bb.hodotdc.chan_trigtime = 127

bb.hodotdc.usetrigphasecorr = 1
bb.hodotdc.trigphaseoffset = 2
bb.hodotdc.trigphasemultiple = 6

bb.hodotdc.tdc.GoodTimeCut = 0.0
#bb.hodotdc.tdc.calib = 0.0936 #time res per v1190 channel

bb.hodotdc.tdc.calib = 0.09376
bb.hodotdc.tdc.offset =
-963.531 -913.813 -922.126 -926.845 -919.128
-947.006 -951.755 -972.511 -948.612 -943.82 -921.676 -939.301 -937.673
-971.219 -934.28 -936.074 -926.642 -855.92 -882.142 -914.346 -858.427
-886.609 -905.558 -941.23 -908.719 -903.168 -880.259 -886.891 -887.566
-931.126 -898.88 -889.194 -889.99 -820.348 -846.153 -870.478 -867.643
-840.325 -848.701 -916.458 -855.434 -860.258 -866.472 -851.765
-856.762 -903.285 -848.449 -851.588 -864.007 -793.73 -864.31 -866.392
-828.594 -858.615 -862.326 -873.53 -839.81 -850.307 -839.57 -822.263
-867.247 -895.519 -849.81 -837.211 -893.249 -809.345 -856.797 -870.221
-868.766 -891.588 -867.039 -889.811 -876.037 -892.72 -881.356 -880.881
-892.219 -902.591 -859.985 -873.591 -956.036 -886.53 -908.428 -973.08
-937.2 -937.358 -917.736 -973.305 -936.371 24.209 -957.101 -909.29
-966.996 -948.447 -948.217 -996.541 -957.635 -977.444 -955.069
-945.516 -941.509 -920.806 -947.851 -975.495 -943.717 -924.772
-953.229 -884.466 -927.454 -918.233 -919.763 -937.985 -945.3 -971.197
-960.744 -950.542 -953.304 -954.775 -969.643 -988.197 -942.236
-946.069 -1003.108 -890.744 -920.065 -958.277 -929.606 -924.302
-931.606 -979.788 -947.015 -967.308 -938.367 -933.058 -936.438
-973.517 -929.357 -921.755 -980.39 -876.7 -951.333 -958.544 -919.915
-972.075 -933.448 -960.531 -958.918 -943.559 -929.933 -930.349
-946.606 -965.321 -932.157 -939.471 -1015.426 -955.633 -1008.528
-1000.601 -973.521 -1041.807 -1017.471 -1050.515 -1042.3 -1029.319
-1028.373 -1026.378 -995.785 -1071.176 -1010.976 -1004.086 -1121.054
-1057.941 -1094.708 -1141.886 -1127.288 -1141.456 -1112.963 -1161.08
-1110.453 24.209

bb.hodotdc.tdcbaroffset = 0
#this is not really relevant for tdc but include to be consistent with adc db. This allows to cycle through the bars with subsections of the readout at a time. it is optional and currently not implemented for tdc in sbstiminghodoscope.cxx

# this timewalk0 map is ordered as follows: first 90 elements are left pmt time walk parameters, 2nd 90 elements are the right pmt time walk parameters, numberring from bottom of stack to top

# AJRP 10/13/2025: commenting out these "legacy" entries ahead of doing better calibrations for earlier GMN kinematics. We'll take the SBS-9 parameters as defaults:
#bb.hodotdc.timewalk0map =
#-0.274168 -0.160769 -0.129861 -0.0867225
#-0.0749131 -0.185363 -0.137122 -0.0395315 -0.0949786 -0.120576
#-0.143422 -0.110334 -0.0966038 -0.108949 -0.129546 -0.197061 -0.328771
#-0.365928 -0.329302 -0.366282 -0.364982 -0.319935 -0.340358 -0.306547
#-0.270817 -0.26886 -0.288821 -0.299741 -0.316691 -0.328545 -0.298716
#-0.243104 -0.271653 -0.314695 -0.283654 -0.317343 -0.300101 -0.332133
#-0.289339 -0.312544 -0.260453 -0.266618 -0.350021 -0.317889 -0.277728
#-0.314227 -0.318171 -0.318599 -0.36228 -0.289848 -0.253629 -0.213454
#-0.21886 -0.332789 -0.37181 -0.353026 -0.264343 -0.15772 -0.158877
#-0.184084 -0.198573 -0.173484 -0.168529 -0.22106 -0.222635 -0.236837
#-0.325244 -0.360369 -0.291755 -0.251749 -0.297897 -0.374569 -0.341656
#-0.332184 -0.234751 -0.155906 -0.161209 -0.12925 -0.302386 -0.254493
#-0.498975 -0.808419 -0.819528 -0.540452 -0.445076 -0.537325 -0.276972
#-0.286893 -0.371379 0.0 -0.448336 -0.328531 -0.294265 -0.265305
#-0.227793 -0.304313 -0.209637 -0.13066 -0.140482 -0.19745 -0.202844
#-0.170159 -0.166903 -0.154017 -0.142803 -0.19648 -0.268996 -0.331966
#-0.340095 -0.360627 -0.368743 -0.375627 -0.35255 -0.332462 -0.281249
#-0.281577 -0.286996 -0.304471 -0.303934 -0.308745 -0.291669 -0.250601
#-0.222878 -0.262208 -0.221463 -0.203123 -0.190685 -0.241816 -0.245726
#-0.254033 -0.250179 -0.255658 -0.27619 -0.276291 -0.28404 -0.350357
#-0.383392 -0.376609 -0.331911 -0.265799 -0.18766 -0.153192 -0.183924
#-0.297364 -0.372123 -0.376888 -0.278719 -0.158759 -0.135569 -0.19668
#-0.257209 -0.252851 -0.255098 -0.244863 -0.215717 -0.168805 -0.270211
#-0.296335 -0.228163 -0.219287 -0.310791 -0.42394 -0.406083 -0.354336
#-0.22705 -0.101116 -0.117864 -0.0525529 -0.297389 -0.143364 -0.362388
#-0.687983 -0.616988 -0.404729 -0.444853 -0.429238 -0.275306 -0.569052
#-0.431684 0

#bb.hodotdc.timewalk1map =
#0.0 0.0 0.0  0.0 0.0 0.0  0.0 0.0 0.0
#0.0 0.0 0.0  0.0 0.0 0.0  0.0 0.0 0.0
#0.0 0.0 0.0  0.0 0.0 0.0  0.0 0.0 0.0
#0.0 0.0 0.0  0.0 0.0 0.0  0.0 0.0 0.0
#0.0 0.0 0.0  0.0 0.0 0.0  0.0 0.0 0.0
#0.0 0.0 0.0  0.0 0.0 0.0  0.0 0.0 0.0
#0.0 0.0 0.0  0.0 0.0 0.0  0.0 0.0 0.0
#0.0 0.0 0.0  0.0 0.0 0.0  0.0 0.0 0.0
#0.0 0.0 0.0  0.0 0.0 0.0  0.0 0.0 0.0
#0.0 0.0 0.0  0.0 0.0 0.0  0.0 0.0 0.0
#0.0 0.0 0.0  0.0 0.0 0.0  0.0 0.0 0.0
#0.0 0.0 0.0  0.0 0.0 0.0  0.0 0.0 0.0
#0.0 0.0 0.0  0.0 0.0 0.0  0.0 0.0 0.0
#0.0 0.0 0.0  0.0 0.0 0.0  0.0 0.0 0.0
#0.0 0.0 0.0  0.0 0.0 0.0  0.0 0.0 0.0
#0.0 0.0 0.0  0.0 0.0 0.0  0.0 0.0 0.0
#0.0 0.0 0.0  0.0 0.0 0.0  0.0 0.0 0.0
#0.0 0.0 0.0  0.0 0.0 0.0  0.0 0.0 0.0
#0.0 0.0 0.0  0.0 0.0 0.0  0.0 0.0 0.0
#0.0 0.0 0.0  0.0 0.0 0.0  0.0 0.0 0.0


#bb.hodotdc.vscint =
#0.180805 0.175 0.1828 0.170004 0.155359 0.175734
#0.165697 0.148091 0.149093 0.157593 0.156496 0.147809 0.144615
#0.155042 0.153622 0.156597 0.18024 0.189606 0.18859 0.191777 0.187433
#0.18625 0.194762 0.181658 0.170269 0.173745 0.17409 0.178897 0.182398
#0.181071 0.178551 0.173263 0.173062 0.182632 0.172438 0.163344
#0.163478 0.173636 0.17075 0.174676 0.170085 0.175636 0.177966 0.176808
#0.176445 0.185673 0.194028 0.190548 0.178487 0.17055 0.16343 0.156035
#0.161937 0.181659 0.190242 0.187991 0.171034 0.157068 0.155213
#0.157255 0.162826 0.16233 0.162542 0.165997 0.166097 0.170121 0.17755
#0.181141 0.16835 0.164615 0.186073 0.204715 0.191067 0.181214 0.166507
#0.149339 0.136413 0.147212 0.154051 0.140077 0.202052 0.178857 0.175
#0.20838 0.150853 0.175 0.175 0.175 0.175 0.175

#bb.hodotdc.tdiffoffset =
#-2.65084 -0.68 -2.66389 -2.85596 -2.41139
#-1.71499 -1.25864 -1.16894 -1.055 -1.28258 -1.46683 -1.43057 -1.65976
#-1.37499 -1.36125 -1.29987 -0.87604 -0.896621 -1.0101 -1.07004 -1.1659
#-1.16767 -1.10648 -1.06361 -1.25146 -1.18546 -1.04481 -0.923806
#-0.746351 -0.927521 -1.17295 -1.4767 -1.36772 -1.03762 -0.826993
#-0.553472 -0.405161 0.00429142 -0.024965 0.000631514 -0.202755
#-0.210413 -0.168327 -0.148707 -0.384142 -0.542555 -0.565375 -0.530648
#-0.156928 -0.308494 -0.356375 -0.64134 -0.743249 -0.477605 -0.732362
#-0.656796 -0.670947 -0.659558 -0.629137 -0.787749 -1.01695 -1.05689
#-1.10139 -0.999139 -0.783825 -0.621926 -0.412212 -0.379391 -0.445681
#-0.411827 -0.73396 -0.874087 -0.716473 -0.794139 -0.821767 -0.755983
#-1.13393 -0.768597 2.05995 1.49198 -0.35568 -0.211182 -0.68 -0.356193
#-0.945469 -0.68 -0.68 -0.68 -0.68 -0.68

# # the parameters below use the GMN SBS-9 hodoscope calibration as the default/baseline for recalibrating other GMN kinematics; we'll see how it goes!

# # updated results 10/9/2025 AJRP:
# bb.hodotdc.timewalk0map =
#       -0.271346       -0.256579       -0.254802       -0.258908       -0.243512       -0.232018       -0.249599       -0.250805       -0.246908
#       -0.231321       -0.213712       -0.241197       -0.268681       -0.253571       -0.252779       -0.260298        -0.25665       -0.257338
#       -0.226529         -0.2723       -0.257334       -0.256301       -0.254117       -0.242255       -0.264986       -0.253832       -0.260393
#       -0.265861       -0.262929       -0.275227       -0.256165       -0.273342       -0.252129        -0.26369        -0.25663       -0.298128
#       -0.278912       -0.282881       -0.262838       -0.326092       -0.254687       -0.273464       -0.306347       -0.270311       -0.254874
#       -0.285657       -0.277436       -0.271962       -0.277036       -0.271218       -0.296158       -0.285874       -0.279454       -0.290476
#       -0.282983       -0.280703       -0.280456       -0.281828       -0.269633        -0.28174        -0.30984       -0.275262       -0.259371
#       -0.278303       -0.263731       -0.231419       -0.257214       -0.275423       -0.259516       -0.263164       -0.250695       -0.263399
#       -0.245338        -0.25334       -0.237935       -0.250967       -0.265459       -0.234912       -0.225807       -0.206288       -0.228128
#       -0.237927       -0.202095       -0.233093       -0.272773       -0.233992       -0.271346       -0.271346       -0.271346       -0.271346
#       -0.189629       -0.156147        -0.16236       -0.164288       -0.172743       -0.183243       -0.176967       -0.163263       -0.195435
#       -0.212346       -0.210423       -0.165722       -0.200068       -0.176713       -0.196447       -0.199885       -0.199293         -0.1591
#       -0.189131       -0.204953       -0.185382        -0.19407       -0.191914       -0.205572       -0.196966       -0.218031       -0.193196
#       -0.182452       -0.191719       -0.180119       -0.182303        -0.16927       -0.182933       -0.199707        -0.19975       -0.229728
#       -0.219402       -0.190848       -0.185366       -0.198047       -0.208513       -0.205575       -0.207457        -0.17272       -0.191388
#        -0.21471       -0.185379       -0.170653       -0.198184       -0.170425       -0.168933       -0.204935       -0.173398       -0.184088
#       -0.205653       -0.193821       -0.197123       -0.187557       -0.189735       -0.178019       -0.194939       -0.193215       -0.191637
#       -0.164023       -0.179841       -0.148261       -0.174753       -0.178252       -0.163089       -0.169487         -0.1695       -0.164013
#       -0.175165       -0.177275       -0.197845       -0.175275       -0.202903       -0.162012       -0.197924       -0.203924       -0.216791
#       -0.211892       -0.220187       -0.217255       -0.239764       -0.224317       -0.189629       -0.189629       -0.189629       -0.189629

# bb.hodotdc.timewalk1map =
#               0               0               0               0               0               0               0               0               0
#               0               0               0               0               0               0               0               0               0
#               0               0               0               0               0               0               0               0               0
#               0               0               0               0               0               0               0               0               0
#               0               0               0               0               0               0               0               0               0
#               0               0               0               0               0               0               0               0               0
#               0               0               0               0               0               0               0               0               0
#               0               0               0               0               0               0               0               0               0
#               0               0               0               0               0               0               0               0               0
#               0               0               0               0               0               0               0               0               0
#               0               0               0               0               0               0               0               0               0
#               0               0               0               0               0               0               0               0               0
#               0               0               0               0               0               0               0               0               0
#               0               0               0               0               0               0               0               0               0
#               0               0               0               0               0               0               0               0               0
#               0               0               0               0               0               0               0               0               0
#               0               0               0               0               0               0               0               0               0
#               0               0               0               0               0               0               0               0               0
#               0               0               0               0               0               0               0               0               0
#               0               0               0               0               0               0               0               0               0

# bb.hodotdc.vscint =
#        0.123178        0.132174        0.126338        0.134238         0.13198        0.124013        0.131461        0.127564        0.132439
#        0.132846        0.120544        0.121285        0.117953        0.120644        0.129297        0.127363        0.129813        0.121791
#        0.122275         0.12219        0.127191        0.127328        0.122313        0.129311        0.122611        0.126244        0.127207
#        0.124348         0.12925        0.125906        0.128016         0.12814        0.128646        0.121128        0.125578         0.11889
#         0.12008        0.119881        0.122691        0.118569        0.125999        0.127738        0.126849        0.126001         0.12842
#         0.12612        0.121201        0.120749        0.120861        0.119177        0.115298        0.119568         0.12021        0.117467
#        0.121805        0.119282        0.120214        0.122655        0.126557        0.120264        0.116332        0.121548        0.120328
#        0.119313        0.126298        0.126401        0.125146        0.122739        0.127232        0.122022        0.121163        0.117865
#        0.121603         0.12122        0.126361         0.11923         0.11616        0.111143        0.114081        0.113097        0.123659
#        0.126106        0.125929        0.116474        0.119431        0.115717        0.123178        0.123178        0.123178        0.123178

# bb.hodotdc.meantime_offset =
#         3.82451         3.74913         3.84216         3.15512         3.93849         2.46548         2.75479         2.63355         2.55807
#         2.98398         1.14008         1.65675         2.09028        0.753227         1.23095         1.32056         1.44514          1.4205
#        0.946058        0.777113         0.68585        0.493307        0.883214         1.28757         1.53846         1.69733         2.00439
#         1.69894         1.62377         1.90079         1.09402         1.18599       0.0133389       -0.880944       -0.382214       -0.629329
#      -0.0959996        -1.06928       -0.412975         0.31945        -0.12496       -0.131415       -0.441317       -0.217379       -0.019152
#       -0.131282       -0.492889       -0.138678        0.180169       -0.917472       -0.886355        -0.96204        -1.43785       -0.915915
#       -0.184826       -0.977159       -0.633688        -1.43848        -1.79416        -1.67891       -0.932608       -0.462356        -0.56063
#         0.41678       0.0780093       -0.294515        0.338404        0.124245       0.0732899        0.801436        0.790928         1.29433
#         1.78072         2.88287          2.0067         2.01422         1.68008         1.00273        0.722655         1.65338         1.95637
#         3.38107         3.21919          4.0871         4.12708         4.24181         3.82451         3.82451         3.82451         3.82451

# bb.hodotdc.rf_offset =
#       -0.546048       -0.546048       -0.546048       -0.411774       -0.405497       -0.315733       -0.214213       -0.146433       -0.135796
#      -0.0993176      -0.0469131       0.0364668        0.151523        0.333554        0.367325        0.443964        0.462083        0.389857
#        0.406284        0.462124        0.476933        0.524001         0.60791        0.668878        0.722485        0.738888        0.747917
#        0.834811        0.893988        0.951412         1.04895         1.10651          1.0612         1.01087         1.00566         1.02388
#         1.10371         1.10023         1.13462         1.15686         1.21183         1.18662          1.1833         1.19902          1.2658
#         1.32496         1.39776         1.46518          1.4679         1.34375          1.3682         1.36887         1.37649         1.42151
#         1.45825         1.48854         1.51281          1.5747         1.62075         1.66452         1.73159         1.81046         1.86328
#         1.94378         1.89428         1.86529         1.84769         1.85137         1.87051         1.89671          1.9267         1.97672
#          1.9714         1.97913         1.97284         2.02327         2.02688         1.95659         1.94585         1.96026          2.2532
#         2.34103         2.28114         2.57103         2.57103         2.57103         2.57103         2.57103         2.57103         2.57103

# bb.hodotdc.tdiffoffset =
#               0               0               0               0               0               0               0               0               0
#               0               0               0               0               0               0               0               0               0
#               0               0               0               0               0               0               0               0               0
#               0               0               0               0               0               0               0               0               0
#               0               0               0               0               0               0               0               0               0
#               0               0               0               0               0               0               0               0               0
#               0               0               0               0               0               0               0               0               0
#               0               0               0               0               0               0               0               0               0
#               0               0               0               0               0               0               0               0               0
#               0               0               0               0               0               0               0               0               0


-------[ 2021-10-18 05:30:00 ] # GMN SBS-4
## Pass-3 calibration from AJRP's TOF_consolidated script ran with a subset of SBS-30% LH2 and LD2 data: ADR on Dec 15, 2025.

bb.hodotdc.trigtime_central = 371.5 # This is the 'BBtrig_t0' value I used in the calibration for SBS-4.

bb.hodotdc.timewalk0map =
      -0.291593       -0.241441       -0.250332       -0.252013       -0.217512       -0.221643       -0.240771       -0.250169       -0.241399
       -0.22099       -0.218144       -0.239916       -0.255444       -0.242355       -0.236887       -0.243862       -0.235855       -0.234191
      -0.219287       -0.255968       -0.249238       -0.238692       -0.247519       -0.233188       -0.259612       -0.244031       -0.248306
      -0.250228       -0.249745       -0.257303        -0.25067       -0.254625       -0.235724       -0.243571        -0.24371       -0.283118
      -0.270546       -0.272888       -0.256834       -0.307021       -0.245033       -0.262267       -0.293724       -0.261112       -0.246159
      -0.273343       -0.261412       -0.257488       -0.265872       -0.254202       -0.289209       -0.282942       -0.269627       -0.276931
      -0.267184       -0.275522       -0.264517       -0.271737       -0.258967       -0.274318       -0.298017       -0.272458       -0.248294
      -0.262231       -0.257894        -0.22402       -0.251539       -0.267961       -0.253079       -0.257833       -0.250569       -0.261718
      -0.244911       -0.251961       -0.229839       -0.234452       -0.256867       -0.244658       -0.220646       -0.208379       -0.250886
      -0.238749        -0.21735       -0.260347       -0.260347       -0.260347       -0.260347       -0.260347       -0.260347       -0.260347
      -0.186656       -0.161134       -0.173932       -0.176584       -0.181562        -0.17998       -0.175527       -0.171729       -0.196177
      -0.207694       -0.212151       -0.180807       -0.199999       -0.178405       -0.194384       -0.194081        -0.18971       -0.156965
      -0.190778       -0.205038       -0.185491       -0.194273       -0.196449       -0.207758        -0.19784       -0.215065       -0.186316
      -0.182126       -0.188702       -0.182549       -0.187401        -0.16516       -0.179613       -0.194507       -0.196404       -0.221063
      -0.218252        -0.19768       -0.189994        -0.19811       -0.209541       -0.200439       -0.210763       -0.180549       -0.194552
       -0.21503       -0.183718       -0.170724       -0.191934       -0.171418       -0.176641       -0.209513       -0.177783        -0.18699
      -0.199367       -0.198132       -0.191986       -0.190792       -0.187565       -0.179956       -0.195557       -0.198805       -0.189319
      -0.162433       -0.175139       -0.143447       -0.171026       -0.178756       -0.163787       -0.171666       -0.173061       -0.170968
      -0.178576        -0.18315       -0.189363       -0.166259       -0.204301       -0.180031       -0.194185       -0.205208       -0.231962
      -0.209659       -0.219351       -0.189689       -0.189689       -0.189689       -0.189689       -0.189689       -0.189689       -0.189689

bb.hodotdc.timewalk1map =
              0               0               0               0               0               0               0               0               0
              0               0               0               0               0               0               0               0               0
              0               0               0               0               0               0               0               0               0
              0               0               0               0               0               0               0               0               0
              0               0               0               0               0               0               0               0               0
              0               0               0               0               0               0               0               0               0
              0               0               0               0               0               0               0               0               0
              0               0               0               0               0               0               0               0               0
              0               0               0               0               0               0               0               0               0
              0               0               0               0               0               0               0               0               0
              0               0               0               0               0               0               0               0               0
              0               0               0               0               0               0               0               0               0
              0               0               0               0               0               0               0               0               0
              0               0               0               0               0               0               0               0               0
              0               0               0               0               0               0               0               0               0
              0               0               0               0               0               0               0               0               0
              0               0               0               0               0               0               0               0               0
              0               0               0               0               0               0               0               0               0
              0               0               0               0               0               0               0               0               0
              0               0               0               0               0               0               0               0               0

bb.hodotdc.vscint =
       0.144988        0.155167        0.157685         0.16062        0.154801        0.141209        0.147052        0.139476        0.143976
        0.14666         0.14051        0.144093        0.140905        0.143379        0.152093        0.145277        0.148586        0.144086
        0.14811        0.145635        0.146547        0.146144        0.144855        0.147089        0.140912        0.144567        0.146603
        0.14715        0.151308        0.151552        0.147901        0.148284        0.148137         0.14212        0.144268        0.137673
       0.140132        0.138417         0.13946        0.137911        0.142138        0.143092        0.144488        0.142086        0.144835
       0.145919        0.139418        0.138768        0.138654        0.139308        0.137019        0.140895        0.140149        0.138811
       0.141818        0.138569        0.139135         0.14336        0.143532        0.139182        0.137922        0.143035        0.141313
       0.140634        0.143653        0.143132        0.140532        0.140943        0.144168        0.140547        0.142657        0.138531
       0.143006         0.14078        0.142723         0.14125        0.132725         0.13663        0.138155        0.134905        0.135274
       0.133923        0.120912        0.142164        0.142164        0.142164        0.142164        0.142164        0.142164        0.142164

bb.hodotdc.meantime_offset =
        4.26555         3.64984         4.08925         3.15419         3.38545         2.18987         2.52506         2.50859         2.36812
        2.72039          1.2901          1.8045         2.15737        0.900704         1.35849         1.34581         1.39724         1.42212
         1.2075          0.9632        0.780224        0.550321         1.27031         1.59554         1.85869         1.99997         2.02695
        1.88608         1.76872          2.1941          1.4707         1.43121         0.10773       -0.735892       -0.270533       -0.386722
        0.30242       -0.693454      -0.0817803        0.760569       0.0226456       0.0550971       -0.209045       0.0651647        0.209121
       0.244071       -0.236639        0.237523        0.292772       -0.655193        -0.36873       -0.314107        -1.09954       -0.423391
        0.15555       -0.349297       -0.346737       -0.890041        -1.45641        -1.16572       -0.381162        0.296828       0.0415108
        1.04193        0.579597        0.169124        0.847743        0.726752        0.567758          1.5277         1.61458          2.2449
        2.61216         3.68016         2.52958         2.62165         2.37306         2.17488         1.43902         2.34162         3.12773
        4.10406         3.74164         5.19535         5.19535         5.19535         5.19535         5.19535         5.19535         5.19535

bb.hodotdc.rf_offset =
      -0.172774       -0.124704       -0.121876        -0.10551      -0.0409573     -0.00517876       0.0881492           0.115        0.134854
        0.18144        0.207379        0.257069        0.341064        0.435051        0.514362        0.566263        0.588737        0.505653
        0.48903        0.511748        0.522733        0.563232        0.591934        0.617475        0.652824        0.694878        0.733726
       0.787647        0.882584        0.954249         1.01486         1.03563        0.976399        0.966815        0.945104        0.926846
       0.954364        0.971297        0.997979         1.02837         1.06334         1.06066          1.0736         1.09713          1.1419
        1.20759         1.28551         1.30225         1.29067         1.20879         1.18395         1.19561         1.19252         1.21371
        1.23794         1.24066         1.27024         1.30192         1.31923         1.34657         1.40113         1.44903         1.49949
         1.5592         1.53574         1.51485         1.47935         1.47524         1.45932         1.46125         1.48114         1.49036
        1.50823         1.51252         1.51588         1.54104          1.5228          1.4921         1.54799         1.61606         1.72125
        1.78738         1.78738         1.78738         1.78738         1.78738         1.78738         1.78738         1.78738         1.78738

bb.hodotdc.tdiffoffset =
              0               0               0               0               0               0               0               0               0
              0               0               0               0               0               0               0               0               0
              0               0               0               0               0               0               0               0               0
              0               0               0               0               0               0               0               0               0
              0               0               0               0               0               0               0               0               0
              0               0               0               0               0               0               0               0               0
              0               0               0               0               0               0               0               0               0
              0               0               0               0               0               0               0               0               0
              0               0               0               0               0               0               0               0               0
              0               0               0               0               0               0               0               0               0



--------[ 2021-11-08 17:00:00 ] # GMN SBS-7: updated 2025/12/19 (EPAF)

bb.hodotdc.trigtime_central = 300.01 # this is the BBtrig_t0 value that was used in my calibrations for SBS-7

bb.hodotdc.timewalk0map =
      -0.298749       -0.244043       -0.253723       -0.257502       -0.230154       -0.235627       -0.249898       -0.253779       -0.239945
      -0.226616       -0.221711       -0.246894       -0.263982       -0.250978       -0.246181         -0.2492        -0.24495       -0.244626
      -0.228804       -0.263874        -0.25511       -0.250735       -0.255451       -0.246358       -0.266301       -0.251392       -0.254491
      -0.258933        -0.26224       -0.274197       -0.190954       -0.267717       -0.242952       -0.260243       -0.253672       -0.295182
      -0.279863       -0.281677       -0.265522       -0.320596       -0.255547       -0.270023       -0.305573       -0.271083       -0.254241
      -0.285807       -0.273122       -0.268519       -0.269284       -0.264434       -0.297042       -0.287337       -0.277069       -0.286012
      -0.274911       -0.284675        -0.27178       -0.279707        -0.26676       -0.282132       -0.310692        -0.28123       -0.255205
      -0.269974       -0.262836       -0.231267       -0.258173       -0.272322        -0.25884        -0.25841        -0.25459       -0.262086
      -0.248439       -0.257296       -0.234095       -0.238737       -0.266954       -0.258831       -0.223676       -0.206589        -0.25006
      -0.223842       -0.269013       -0.269013       -0.269013       -0.269013       -0.269013       -0.269013       -0.269013       -0.269013
      -0.187764       -0.159551       -0.175705       -0.173896       -0.194261       -0.190864       -0.176686       -0.171261       -0.194544
      -0.208961       -0.214372       -0.178643       -0.202587       -0.180875       -0.198275       -0.197037       -0.193955       -0.161799
      -0.197612       -0.208057       -0.192879       -0.200246       -0.198772       -0.215062       -0.202673       -0.220307          -0.193
      -0.184628       -0.197903       -0.193315        -0.19304       -0.168802       -0.181604       -0.199751       -0.198833       -0.228735
       -0.22321       -0.198129       -0.191345       -0.201415       -0.212513       -0.203694       -0.216035       -0.181662       -0.196309
      -0.219651       -0.188777       -0.174499       -0.199924       -0.174565       -0.179726       -0.213663       -0.182996       -0.192165
      -0.202925        -0.20038       -0.197546       -0.193453       -0.192299       -0.184995       -0.202391       -0.200256       -0.194537
      -0.164903       -0.181969       -0.152311       -0.179316       -0.182231       -0.168254       -0.172147       -0.177325       -0.170396
      -0.182975       -0.185564       -0.194347       -0.170282       -0.207328       -0.186755       -0.193421       -0.203051       -0.240524
      -0.199249       -0.193898       -0.193898       -0.193898       -0.193898       -0.193898       -0.193898       -0.193898       -0.193898

bb.hodotdc.timewalk1map =
              0               0               0               0               0               0               0               0               0
              0               0               0               0               0               0               0               0               0
              0               0               0               0               0               0               0               0               0
              0               0               0               0               0               0               0               0               0
              0               0               0               0               0               0               0               0               0
              0               0               0               0               0               0               0               0               0
              0               0               0               0               0               0               0               0               0
              0               0               0               0               0               0               0               0               0
              0               0               0               0               0               0               0               0               0
              0               0               0               0               0               0               0               0               0
              0               0               0               0               0               0               0               0               0
              0               0               0               0               0               0               0               0               0
              0               0               0               0               0               0               0               0               0
              0               0               0               0               0               0               0               0               0
              0               0               0               0               0               0               0               0               0
              0               0               0               0               0               0               0               0               0
              0               0               0               0               0               0               0               0               0
              0               0               0               0               0               0               0               0               0
              0               0               0               0               0               0               0               0               0
              0               0               0               0               0               0               0               0               0

bb.hodotdc.vscint =
       0.136599        0.147386        0.150716        0.155631        0.151088        0.138601        0.145717        0.142309        0.149713
       0.146474         0.13894        0.140806         0.13755        0.139038        0.148658        0.143944        0.147121        0.141664
       0.145912        0.142636         0.14496        0.146306        0.144263        0.146962        0.140609        0.144132        0.145972
       0.146727        0.149649        0.149125       0.0658227        0.143613         0.14302         0.13826        0.142397        0.137128
       0.139662        0.138342        0.139226        0.139012        0.142086        0.144037        0.144804         0.14145        0.144629
       0.143742        0.137404        0.137149        0.137767        0.138001        0.134975        0.139942        0.139173        0.137211
       0.140302        0.137299        0.137919        0.142563        0.141661        0.138194        0.135369        0.141027        0.140994
       0.139302        0.142582        0.141942        0.139953         0.13896        0.142604         0.13834        0.140696        0.135702
       0.140377        0.139813        0.141306        0.139684        0.131538        0.133601        0.130938         0.12642        0.131496
       0.129738        0.140772        0.140772        0.140772        0.140772        0.140772        0.140772        0.140772        0.140772

bb.hodotdc.meantime_offset =
        4.33206          3.6551         4.19146          3.2798         3.70821         2.50754         2.68827         2.72421         2.55619
        2.94192         1.41987         1.96926         2.28862        0.975679         1.48261         1.46116         1.64978         1.66365
        1.45793         1.09138         1.04386        0.812565         1.38738          1.8144         2.01669         2.13792         2.28971
        2.07044         2.08726         2.44973         -4.2898         1.52391         0.10625       -0.616465       -0.164753       -0.262553
       0.351786       -0.639332     -0.00666563        0.838868        0.166378        0.105888      -0.0554528        0.110142        0.285121
        0.30474       -0.169045        0.265383         0.47412       -0.550947        -0.39664       -0.387244       -0.998212       -0.464753
       0.208722       -0.334536        -0.29015       -0.891966        -1.42278         -1.1459       -0.313369        0.270539       0.0347822
        1.02911        0.637394        0.256895        0.949304        0.704945        0.654965         1.43891         1.64981         2.17729
        2.68913         3.75019         2.62116         2.64941         2.52653         2.17188         1.30501         2.19892         3.30314
        4.03921         4.13099          4.9989         5.03888         5.15361         4.73631         4.73631         4.73631         4.73631

bb.hodotdc.rf_offset =
       -2.77963         -2.7326        -2.78618        -2.74629        -2.69864        -2.62797        -2.54661        -2.52498        -2.53571
       -2.51723        -2.47438        -2.42498        -2.32584        -2.18561        -2.12936        -2.06109        -2.08441        -2.15233
       -2.15508        -2.11028        -2.11926        -2.05137        -2.03648        -2.01407        -1.96595         -1.9112         -1.8952
       -1.82486        -1.74348        -1.64923        -1.72814        -1.51009        -1.53308        -1.54029        -1.55858        -1.55836
       -1.52767        -1.53656        -1.49642        -1.48542        -1.43008        -1.44614        -1.44066        -1.40692         -1.3642
       -1.31278        -1.21078        -1.20554        -1.20388        -1.27845        -1.28233        -1.28629        -1.29702        -1.27271
       -1.26971        -1.26793          -1.225        -1.18252        -1.15326         -1.1257        -1.06941        -1.02996         -0.9535
      -0.919238       -0.969144       -0.995311        -1.03848        -1.01597        -1.04243        -1.04618        -1.03126        -1.06347
       -1.08459        -1.06125        -1.04507        -1.00804        -1.02017        -1.00361        -1.00064        -1.04064        -1.01696
       -1.01696        -1.01696        -1.01696        -1.01696        -1.01696        -1.01696        -1.01696        -1.01696        -1.01696

bb.hodotdc.tdiffoffset =
              0               0               0               0               0               0               0               0               0
              0               0               0               0               0               0               0               0               0
              0               0               0               0               0               0               0               0               0
              0               0               0               0               0               0               0               0               0
              0               0               0               0               0               0               0               0               0
              0               0               0               0               0               0               0               0               0
              0               0               0               0               0               0               0               0               0
              0               0               0               0               0               0               0               0               0
              0               0               0               0               0               0               0               0               0
              0               0               0               0               0               0               0               0               0


################################################################################
###                                 SBS-11                                   ###
################################################################################

# Configuration Change [SBS-7 -> SBS-11]
-------[ 2021-11-17 08:00:00 ]
# PD - ADCtime offsets generated by Andrew P's consolidated timing calibration script
# using a subset of SBS11 LH2 & LD2 data. Latest on 12/08/2025 for pass3 readiness.
# A shift in trigger time was observed during SBS-11. Two sets of ADC time offsets (Set 1 & Set 2)
# are generated to account for the shift. See https://sbs.jlab.org/cgi-bin/DocDB/private/ShowDocument?docid=755
## SBS11 - Set 1
bb.hodotdc.trigtime_central = 370.0 # BBtrig_t0 value used for calibrating SBS-11 set-1

bb.hodotdc.timewalk0map =
      -0.286235       -0.235573       -0.250635       -0.266996       -0.252996       -0.247718         -0.2526       -0.250728       -0.249172
      -0.229336       -0.223819       -0.247756       -0.267966       -0.257452       -0.248887       -0.253999       -0.252908       -0.249981
      -0.236363       -0.276883       -0.267317       -0.256166        -0.26423       -0.251043       -0.275115       -0.259477       -0.261676
      -0.265445       -0.264671       -0.276549       -0.263696         -0.2655       -0.256554       -0.269838       -0.260727       -0.304558
      -0.282904       -0.287277       -0.272743       -0.326583       -0.263238        -0.28417       -0.316877       -0.281238       -0.262194
      -0.294124        -0.28299       -0.276007       -0.280653         -0.2718       -0.304442       -0.295737       -0.285021       -0.289825
       -0.28073        -0.28619       -0.282247       -0.285448        -0.27657       -0.288331       -0.316749       -0.287276       -0.263252
      -0.271202        -0.26701       -0.234751       -0.264478       -0.282246       -0.265293       -0.266787       -0.259916       -0.275249
      -0.249949       -0.261851       -0.242737       -0.248683       -0.274221       -0.255269       -0.221824       -0.203825       -0.258425
      -0.247654       -0.183588       -0.264543       -0.250893        -0.27696        -0.27696        -0.27696        -0.27696        -0.27696
      -0.178975       -0.158647        -0.17846       -0.183045       -0.199497       -0.203338       -0.174343       -0.170045       -0.203998
      -0.209906       -0.210288       -0.178412       -0.203254       -0.184285       -0.197909       -0.202102       -0.203305       -0.170267
      -0.202427       -0.221482       -0.205157       -0.203275       -0.209786       -0.218956       -0.213189       -0.228304       -0.201996
      -0.193232       -0.201149       -0.194542       -0.196884       -0.178687       -0.192949       -0.208309       -0.205761       -0.237529
      -0.231399       -0.203287       -0.199611       -0.209511       -0.217007       -0.217343        -0.22898       -0.192376       -0.203107
      -0.227419       -0.199252       -0.184681       -0.208958       -0.180775       -0.186238       -0.221173        -0.19227        -0.19736
      -0.211241       -0.203656       -0.204296       -0.198953       -0.200754        -0.18969       -0.207617       -0.208346        -0.20062
       -0.16797       -0.184544       -0.159394       -0.183308       -0.192418       -0.177925       -0.181339       -0.182372       -0.181959
      -0.183846        -0.19109       -0.201713        -0.17799       -0.210851       -0.183808        -0.19098       -0.197492       -0.243348
      -0.216693       -0.197939       -0.251935       -0.223367       -0.202027       -0.202027       -0.202027       -0.202027       -0.202027

bb.hodotdc.timewalk1map =
              0               0               0               0               0               0               0               0               0
              0               0               0               0               0               0               0               0               0
              0               0               0               0               0               0               0               0               0
              0               0               0               0               0               0               0               0               0
              0               0               0               0               0               0               0               0               0
              0               0               0               0               0               0               0               0               0
              0               0               0               0               0               0               0               0               0
              0               0               0               0               0               0               0               0               0
              0               0               0               0               0               0               0               0               0
              0               0               0               0               0               0               0               0               0
              0               0               0               0               0               0               0               0               0
              0               0               0               0               0               0               0               0               0
              0               0               0               0               0               0               0               0               0
              0               0               0               0               0               0               0               0               0
              0               0               0               0               0               0               0               0               0
              0               0               0               0               0               0               0               0               0
              0               0               0               0               0               0               0               0               0
              0               0               0               0               0               0               0               0               0
              0               0               0               0               0               0               0               0               0
              0               0               0               0               0               0               0               0               0

bb.hodotdc.vscint =
       0.141162        0.144819        0.148633        0.149545         0.13724        0.129574        0.138628        0.139732        0.147165
       0.144138        0.136198        0.139994        0.136891        0.135611        0.144356        0.142585        0.144009        0.140186
       0.143142        0.141486        0.142119        0.141972        0.145849        0.148946         0.14482        0.146183        0.148285
       0.150239        0.152102         0.14769        0.143492        0.145279        0.138233        0.132934        0.138659        0.134627
       0.137761        0.137614        0.141425        0.142057        0.142593        0.146174        0.147031         0.14257        0.145098
        0.14418        0.138013        0.137226        0.136616        0.136551        0.133482        0.138722        0.138782         0.13809
       0.141434        0.139215        0.139133        0.142162        0.141155         0.13862        0.136695         0.14447        0.139429
       0.137987        0.142445        0.140528        0.139027        0.139652        0.141638        0.139374        0.138433        0.134407
       0.140351        0.140822        0.141771        0.140585        0.130152        0.132192        0.129986        0.130234        0.136104
        0.13154        0.133646        0.143009        0.151253        0.140911        0.140911        0.140911        0.140911        0.140911

bb.hodotdc.meantime_offset =
        3.55593         2.74941         3.36363         2.60852         3.10021         1.96576         1.91971         1.96273         2.03454
        2.21081        0.658851         1.28632         1.67341        0.488812        0.865233        0.969786         1.17846         1.11118
       0.959722         0.78238        0.751516        0.418466         1.17374         1.50941         1.86078         1.82709         2.00429
        1.78642         1.63474         2.03983         1.23143         1.17384      -0.0331722       -0.915711       -0.460935        -0.44382
   -0.000666903       -0.933678       -0.217542        0.634861      -0.0890825       0.0659347      -0.0890596      0.00119439       0.0751017
       0.161965        -0.24743        0.114371        0.388828       -0.743628       -0.535302       -0.515757        -1.12929       -0.678346
      0.0865061       -0.570258       -0.357623        -1.06634        -1.46945        -1.25953       -0.439133        0.200925      -0.0922936
       0.766224        0.453817       0.0249658        0.729264        0.606167        0.475817         1.31099         1.30973         1.99743
        2.25087         3.45487         2.44901         2.53597          2.3546         1.92071         1.02407         1.82038         3.18573
        4.17477          3.2499         5.57919         5.00785         5.39009         5.39009         5.39009         5.39009         5.39009

bb.hodotdc.rf_offset =
       0.919256         1.03508         1.01854          1.0257         1.06256        0.940144         1.15015         1.21312          1.2031
        1.24423         1.26113         1.29294         1.34173          1.3707         1.45718         1.51601         1.49698         1.47436
        1.42063         1.45333         1.35953         1.35081         1.40422         1.44814         1.47852         1.57441         1.59202
        1.64063           1.721         1.78861         1.85802         1.90942         1.82173         1.80199         1.78872         1.76442
        1.85819         1.85422         1.89179         1.89586         1.97392         1.92705         1.90388         1.93996         1.98442
        2.02603         2.07981          2.1134         2.11148         2.01479         2.01102         1.99335         1.97869         2.01875
        2.00991         2.03938         2.06188          2.1109         2.10132         2.13233          2.2048         2.23448         2.26449
        2.33486         2.31705         2.28705         2.25882         2.29048         2.29643         2.24521         2.32312         2.31895
        2.34932          2.3505         2.31018         2.29671         2.24847          2.2521          2.3198          2.3596         2.38582
        2.26077          2.4688          2.4688          2.4688          2.4688          2.4688          2.4688          2.4688          2.4688

bb.hodotdc.tdiffoffset =
              0               0               0               0               0               0               0               0               0
              0               0               0               0               0               0               0               0               0
              0               0               0               0               0               0               0               0               0
              0               0               0               0               0               0               0               0               0
              0               0               0               0               0               0               0               0               0
              0               0               0               0               0               0               0               0               0
              0               0               0               0               0               0               0               0               0
              0               0               0               0               0               0               0               0               0
              0               0               0               0               0               0               0               0               0
              0               0               0               0               0               0               0               0               0


-------[ 2021-12-01 22:06:00 ]
## SBS11 - Set 2. See  https://sbs.jlab.org/cgi-bin/DocDB/private/ShowDocument?docid=755
bb.hodotdc.trigtime_central = 298.4 # BBtrig_t0 value used for calibrating SBS-11 set-2

bb.hodotdc.timewalk0map =
      -0.282394       -0.239209       -0.248472       -0.267923       -0.233192       -0.247749       -0.247587       -0.246285       -0.243318
      -0.240094       -0.230598       -0.251703       -0.266706       -0.260601        -0.25612       -0.252687        -0.25415       -0.253271
      -0.235714       -0.272275       -0.263662       -0.256547       -0.259574       -0.251332       -0.276276        -0.26196       -0.263014
      -0.264796        -0.26724       -0.280768       -0.264168       -0.266449       -0.260184       -0.271909       -0.262656       -0.305612
      -0.280152       -0.287069       -0.269043       -0.326325       -0.263824       -0.283164       -0.318028       -0.280205       -0.263826
      -0.297925       -0.285034       -0.275589        -0.28158       -0.273954       -0.305438       -0.300707       -0.281904        -0.29021
      -0.283825       -0.286369       -0.283289       -0.288576       -0.277256       -0.288924       -0.317503       -0.286416       -0.260251
      -0.273491       -0.265968       -0.236485       -0.265801       -0.282408       -0.266764       -0.259017       -0.263771       -0.273217
      -0.253594       -0.265718       -0.241152       -0.248226       -0.273002       -0.251776       -0.223889       -0.203379       -0.267141
      -0.216168       -0.228689       -0.277909       -0.277909       -0.277909       -0.277909       -0.277909       -0.277909       -0.277909
      -0.179264       -0.161766         -0.1764       -0.185906       -0.196313         -0.2039       -0.168702       -0.165741       -0.198314
      -0.221701       -0.218952       -0.182398        -0.20063       -0.189158       -0.201949       -0.198786       -0.207701       -0.174342
       -0.20085       -0.216443       -0.202522       -0.204151       -0.207596       -0.218363       -0.215847       -0.230062       -0.203903
      -0.193749       -0.204386       -0.200025       -0.197764       -0.179207        -0.19667       -0.210899       -0.208281       -0.238959
      -0.226552       -0.204328       -0.197373       -0.209741        -0.21804       -0.216938       -0.231242       -0.191894       -0.205332
      -0.232205       -0.202458       -0.185878       -0.209782       -0.182761       -0.186709       -0.226766       -0.190017       -0.196896
      -0.214459       -0.204758       -0.206483       -0.202337       -0.201891        -0.19189       -0.207554       -0.209169       -0.199252
      -0.171594       -0.184498       -0.161036       -0.184635       -0.193089       -0.180575       -0.175299       -0.185721       -0.181144
      -0.188521       -0.195725       -0.201799       -0.177587       -0.210196       -0.178555       -0.191844       -0.199384       -0.252374
      -0.191867       -0.250789       -0.203563       -0.203563       -0.203563       -0.203563       -0.203563       -0.203563       -0.203563

bb.hodotdc.timewalk1map =
              0               0               0               0               0               0               0               0               0
              0               0               0               0               0               0               0               0               0
              0               0               0               0               0               0               0               0               0
              0               0               0               0               0               0               0               0               0
              0               0               0               0               0               0               0               0               0
              0               0               0               0               0               0               0               0               0
              0               0               0               0               0               0               0               0               0
              0               0               0               0               0               0               0               0               0
              0               0               0               0               0               0               0               0               0
              0               0               0               0               0               0               0               0               0
              0               0               0               0               0               0               0               0               0
              0               0               0               0               0               0               0               0               0
              0               0               0               0               0               0               0               0               0
              0               0               0               0               0               0               0               0               0
              0               0               0               0               0               0               0               0               0
              0               0               0               0               0               0               0               0               0
              0               0               0               0               0               0               0               0               0
              0               0               0               0               0               0               0               0               0
              0               0               0               0               0               0               0               0               0
              0               0               0               0               0               0               0               0               0

bb.hodotdc.vscint =
       0.147945        0.141259        0.145241        0.146017        0.136945         0.12884        0.131689        0.138093        0.142746
        0.14207        0.137537        0.138606        0.134612        0.137534        0.142485        0.141269        0.145242        0.138688
       0.138981        0.139324        0.142682        0.142085        0.146231        0.148761        0.144826        0.146436        0.149777
       0.151327        0.152651        0.148751        0.143743        0.144335        0.137787        0.131982        0.137868         0.13434
       0.136846        0.137564        0.141141        0.142187        0.142982        0.144894        0.147473        0.143282        0.145492
       0.144616        0.138194        0.137574        0.136402        0.137229        0.133362        0.138623        0.138802        0.136989
       0.141327        0.139015        0.138891        0.142288        0.142505        0.140653        0.137159        0.145466        0.139492
       0.138448        0.141977        0.139505        0.137821        0.138474        0.142169        0.138497        0.138044        0.134621
       0.141314        0.141329        0.141239        0.139562        0.131087        0.130186        0.127655        0.131324        0.136759
       0.127433        0.137872        0.140936        0.140936        0.140936        0.140936        0.140936        0.140936        0.140936

bb.hodotdc.meantime_offset =
        3.70293         2.84099         3.35601         2.70179         2.84589         1.91042         1.70831         1.92202         1.89939
         2.4817         1.01212         1.58388         1.72714        0.697889         1.10209         1.02521          1.3382         1.28978
       0.887884        0.686533        0.698209         0.43279         1.15596         1.54138         1.94118         1.92333         2.12444
        1.85691         1.77543         2.19305          1.2684         1.26999       0.0818882       -0.855811        -0.36204       -0.347419
    -0.00537826       -0.848822       -0.229615        0.703039      -0.0471481       0.0399548       -0.087232      -0.0260897        0.105535
       0.238631       -0.245032       0.0948042        0.389286       -0.741565        -0.52393       -0.448597        -1.29843       -0.750321
      0.0647702       -0.619376       -0.356217       -0.969475        -1.44718         -1.2127       -0.465974        0.134461       -0.210009
       0.739494        0.366417       -0.064187        0.616792        0.493915        0.423283         1.11275          1.2358         1.85449
        2.19947         3.38005         2.27114         2.28387         2.10994         1.52234        0.736965         1.40481         2.96419
        3.12565         3.77728         3.61825         3.61825         3.61825         3.61825         3.61825         3.61825         3.61825

bb.hodotdc.rf_offset =
       0.856562        0.957837        0.947331        0.966876          0.9715         1.02407         1.24785         1.16236         1.19086
        1.20469         1.11094          1.1292         1.24812         1.28867         1.34721         1.45294         1.45179         1.39869
        1.43533         1.46224         1.40833         1.40286         1.43153         1.44993         1.48416         1.54757         1.55076
        1.62743         1.70119         1.78705         1.88379         1.86579         1.82428         1.79218         1.76192         1.73204
        1.85123         1.80702         1.87692         1.87711         2.00908         1.96854         1.97481          2.0041         2.02454
         2.0687         2.15938          2.1862         2.17759         2.11249         2.07412         2.06703         2.13584         2.13567
        2.14134         2.15346         2.13682         2.13014         2.16965         2.20318         2.31947         2.36919         2.40614
        2.46718         2.48105          2.4501         2.42187         2.44943          2.4415         2.37882         2.50497         2.49009
        2.56742         2.55164          2.5325         2.59959         2.53797         2.60531         2.67089         2.90984         2.79932
        2.88614         2.88614         2.88614         2.88614         2.88614         2.88614         2.88614         2.88614         2.88614

bb.hodotdc.tdiffoffset =
              0               0               0               0               0               0               0               0               0
              0               0               0               0               0               0               0               0               0
              0               0               0               0               0               0               0               0               0
              0               0               0               0               0               0               0               0               0
              0               0               0               0               0               0               0               0               0
              0               0               0               0               0               0               0               0               0
              0               0               0               0               0               0               0               0               0
              0               0               0               0               0               0               0               0               0
              0               0               0               0               0               0               0               0               0
              0               0               0               0               0               0               0               0               0


-------[ 2021-12-14 08:00:00 ]
## SBS11 - Set 1. See  https://sbs.jlab.org/cgi-bin/DocDB/private/ShowDocument?docid=755
bb.hodotdc.trigtime_central = 370.0 # BBtrig_t0 value used for calibrating SBS-11 set-1

bb.hodotdc.timewalk0map =
      -0.286235       -0.235573       -0.250635       -0.266996       -0.252996       -0.247718         -0.2526       -0.250728       -0.249172
      -0.229336       -0.223819       -0.247756       -0.267966       -0.257452       -0.248887       -0.253999       -0.252908       -0.249981
      -0.236363       -0.276883       -0.267317       -0.256166        -0.26423       -0.251043       -0.275115       -0.259477       -0.261676
      -0.265445       -0.264671       -0.276549       -0.263696         -0.2655       -0.256554       -0.269838       -0.260727       -0.304558
      -0.282904       -0.287277       -0.272743       -0.326583       -0.263238        -0.28417       -0.316877       -0.281238       -0.262194
      -0.294124        -0.28299       -0.276007       -0.280653         -0.2718       -0.304442       -0.295737       -0.285021       -0.289825
       -0.28073        -0.28619       -0.282247       -0.285448        -0.27657       -0.288331       -0.316749       -0.287276       -0.263252
      -0.271202        -0.26701       -0.234751       -0.264478       -0.282246       -0.265293       -0.266787       -0.259916       -0.275249
      -0.249949       -0.261851       -0.242737       -0.248683       -0.274221       -0.255269       -0.221824       -0.203825       -0.258425
      -0.247654       -0.183588       -0.264543       -0.250893        -0.27696        -0.27696        -0.27696        -0.27696        -0.27696
      -0.178975       -0.158647        -0.17846       -0.183045       -0.199497       -0.203338       -0.174343       -0.170045       -0.203998
      -0.209906       -0.210288       -0.178412       -0.203254       -0.184285       -0.197909       -0.202102       -0.203305       -0.170267
      -0.202427       -0.221482       -0.205157       -0.203275       -0.209786       -0.218956       -0.213189       -0.228304       -0.201996
      -0.193232       -0.201149       -0.194542       -0.196884       -0.178687       -0.192949       -0.208309       -0.205761       -0.237529
      -0.231399       -0.203287       -0.199611       -0.209511       -0.217007       -0.217343        -0.22898       -0.192376       -0.203107
      -0.227419       -0.199252       -0.184681       -0.208958       -0.180775       -0.186238       -0.221173        -0.19227        -0.19736
      -0.211241       -0.203656       -0.204296       -0.198953       -0.200754        -0.18969       -0.207617       -0.208346        -0.20062
       -0.16797       -0.184544       -0.159394       -0.183308       -0.192418       -0.177925       -0.181339       -0.182372       -0.181959
      -0.183846        -0.19109       -0.201713        -0.17799       -0.210851       -0.183808        -0.19098       -0.197492       -0.243348
      -0.216693       -0.197939       -0.251935       -0.223367       -0.202027       -0.202027       -0.202027       -0.202027       -0.202027

bb.hodotdc.timewalk1map =
              0               0               0               0               0               0               0               0               0
              0               0               0               0               0               0               0               0               0
              0               0               0               0               0               0               0               0               0
              0               0               0               0               0               0               0               0               0
              0               0               0               0               0               0               0               0               0
              0               0               0               0               0               0               0               0               0
              0               0               0               0               0               0               0               0               0
              0               0               0               0               0               0               0               0               0
              0               0               0               0               0               0               0               0               0
              0               0               0               0               0               0               0               0               0
              0               0               0               0               0               0               0               0               0
              0               0               0               0               0               0               0               0               0
              0               0               0               0               0               0               0               0               0
              0               0               0               0               0               0               0               0               0
              0               0               0               0               0               0               0               0               0
              0               0               0               0               0               0               0               0               0
              0               0               0               0               0               0               0               0               0
              0               0               0               0               0               0               0               0               0
              0               0               0               0               0               0               0               0               0
              0               0               0               0               0               0               0               0               0

bb.hodotdc.vscint =
       0.141162        0.144819        0.148633        0.149545         0.13724        0.129574        0.138628        0.139732        0.147165
       0.144138        0.136198        0.139994        0.136891        0.135611        0.144356        0.142585        0.144009        0.140186
       0.143142        0.141486        0.142119        0.141972        0.145849        0.148946         0.14482        0.146183        0.148285
       0.150239        0.152102         0.14769        0.143492        0.145279        0.138233        0.132934        0.138659        0.134627
       0.137761        0.137614        0.141425        0.142057        0.142593        0.146174        0.147031         0.14257        0.145098
        0.14418        0.138013        0.137226        0.136616        0.136551        0.133482        0.138722        0.138782         0.13809
       0.141434        0.139215        0.139133        0.142162        0.141155         0.13862        0.136695         0.14447        0.139429
       0.137987        0.142445        0.140528        0.139027        0.139652        0.141638        0.139374        0.138433        0.134407
       0.140351        0.140822        0.141771        0.140585        0.130152        0.132192        0.129986        0.130234        0.136104
        0.13154        0.133646        0.143009        0.151253        0.140911        0.140911        0.140911        0.140911        0.140911

bb.hodotdc.meantime_offset =
        3.55593         2.74941         3.36363         2.60852         3.10021         1.96576         1.91971         1.96273         2.03454
        2.21081        0.658851         1.28632         1.67341        0.488812        0.865233        0.969786         1.17846         1.11118
       0.959722         0.78238        0.751516        0.418466         1.17374         1.50941         1.86078         1.82709         2.00429
        1.78642         1.63474         2.03983         1.23143         1.17384      -0.0331722       -0.915711       -0.460935        -0.44382
   -0.000666903       -0.933678       -0.217542        0.634861      -0.0890825       0.0659347      -0.0890596      0.00119439       0.0751017
       0.161965        -0.24743        0.114371        0.388828       -0.743628       -0.535302       -0.515757        -1.12929       -0.678346
      0.0865061       -0.570258       -0.357623        -1.06634        -1.46945        -1.25953       -0.439133        0.200925      -0.0922936
       0.766224        0.453817       0.0249658        0.729264        0.606167        0.475817         1.31099         1.30973         1.99743
        2.25087         3.45487         2.44901         2.53597          2.3546         1.92071         1.02407         1.82038         3.18573
        4.17477          3.2499         5.57919         5.00785         5.39009         5.39009         5.39009         5.39009         5.39009

bb.hodotdc.rf_offset =
       0.919256         1.03508         1.01854          1.0257         1.06256        0.940144         1.15015         1.21312          1.2031
        1.24423         1.26113         1.29294         1.34173          1.3707         1.45718         1.51601         1.49698         1.47436
        1.42063         1.45333         1.35953         1.35081         1.40422         1.44814         1.47852         1.57441         1.59202
        1.64063           1.721         1.78861         1.85802         1.90942         1.82173         1.80199         1.78872         1.76442
        1.85819         1.85422         1.89179         1.89586         1.97392         1.92705         1.90388         1.93996         1.98442
        2.02603         2.07981          2.1134         2.11148         2.01479         2.01102         1.99335         1.97869         2.01875
        2.00991         2.03938         2.06188          2.1109         2.10132         2.13233          2.2048         2.23448         2.26449
        2.33486         2.31705         2.28705         2.25882         2.29048         2.29643         2.24521         2.32312         2.31895
        2.34932          2.3505         2.31018         2.29671         2.24847          2.2521          2.3198          2.3596         2.38582
        2.26077          2.4688          2.4688          2.4688          2.4688          2.4688          2.4688          2.4688          2.4688

bb.hodotdc.tdiffoffset =
              0               0               0               0               0               0               0               0               0
              0               0               0               0               0               0               0               0               0
              0               0               0               0               0               0               0               0               0
              0               0               0               0               0               0               0               0               0
              0               0               0               0               0               0               0               0               0
              0               0               0               0               0               0               0               0               0
              0               0               0               0               0               0               0               0               0
              0               0               0               0               0               0               0               0               0
              0               0               0               0               0               0               0               0               0
              0               0               0               0               0               0               0               0               0


################################################################################
###                                 SBS-14                                   ###
################################################################################

--------[ 2022-01-10 22:30:00 ] # GMN SBS-14 part 1: updated 2025/12/19 (EPAF)

bb.hodotdc.trigtime_central = 361.2 # this is the BBtrig_t0 value that was used in my calibrations for SBS-14 part-1

bb.hodotdc.timewalk0map =
      -0.273629       -0.259777       -0.278452       -0.262511       -0.236914        -0.24049       -0.249575       -0.254941       -0.247619
      -0.227582       -0.232706       -0.252591       -0.262682       -0.255291       -0.245819       -0.265503       -0.259966        -0.25387
       -0.22989       -0.273691       -0.265807       -0.252313       -0.262846       -0.253107       -0.271306       -0.261199        -0.26496
      -0.265273        -0.26966         -0.2832       -0.252296        -0.27058       -0.250634       -0.267523       -0.254345       -0.296357
      -0.275614       -0.284294       -0.265647        -0.32305       -0.255473       -0.276139       -0.308311       -0.271046       -0.260009
       -0.29334       -0.282484       -0.266737       -0.280898       -0.270241        -0.30409       -0.292468       -0.283591       -0.290904
      -0.280297       -0.287342       -0.279138       -0.287046       -0.270356       -0.278342       -0.317668       -0.277755       -0.270137
      -0.275993       -0.268128        -0.23503       -0.263708       -0.277706       -0.257192       -0.248885       -0.252008       -0.274652
      -0.245054       -0.261706       -0.237902       -0.249536       -0.269016       -0.249301       -0.223308       -0.273629       -0.273629
      -0.273629       -0.273629       -0.273629       -0.273629       -0.273629       -0.273629       -0.273629       -0.273629       -0.273629
      -0.194461       -0.173708       -0.198046       -0.172926       -0.172739       -0.191944       -0.177041       -0.170037       -0.198705
      -0.207408       -0.229188       -0.176849       -0.199936        -0.17523       -0.193761       -0.207614       -0.205949        -0.16618
      -0.196774       -0.209352       -0.197716       -0.192751        -0.19861       -0.213742        -0.20666       -0.224788       -0.197026
      -0.183937       -0.200377       -0.191812       -0.180126       -0.172892       -0.187043        -0.20479       -0.198124       -0.230134
      -0.215708       -0.197368       -0.190152       -0.200263       -0.212393       -0.208943       -0.215896       -0.177748       -0.199461
      -0.225897       -0.195047       -0.171332       -0.206362       -0.173163       -0.182343       -0.214361       -0.182312       -0.189506
       -0.20517       -0.201149       -0.198154       -0.196419       -0.193854       -0.178332       -0.204058       -0.198019        -0.20462
      -0.161895       -0.184768       -0.153423       -0.182849       -0.182761       -0.164268       -0.159209       -0.173674       -0.177833
      -0.176831       -0.189157       -0.198492       -0.175059       -0.205767       -0.176352       -0.186811       -0.194461       -0.194461
      -0.194461       -0.194461       -0.194461       -0.194461       -0.194461       -0.194461       -0.194461       -0.194461       -0.194461

bb.hodotdc.timewalk1map =
              0               0               0               0               0               0               0               0               0
              0               0               0               0               0               0               0               0               0
              0               0               0               0               0               0               0               0               0
              0               0               0               0               0               0               0               0               0
              0               0               0               0               0               0               0               0               0
              0               0               0               0               0               0               0               0               0
              0               0               0               0               0               0               0               0               0
              0               0               0               0               0               0               0               0               0
              0               0               0               0               0               0               0               0               0
              0               0               0               0               0               0               0               0               0
              0               0               0               0               0               0               0               0               0
              0               0               0               0               0               0               0               0               0
              0               0               0               0               0               0               0               0               0
              0               0               0               0               0               0               0               0               0
              0               0               0               0               0               0               0               0               0
              0               0               0               0               0               0               0               0               0
              0               0               0               0               0               0               0               0               0
              0               0               0               0               0               0               0               0               0
              0               0               0               0               0               0               0               0               0
              0               0               0               0               0               0               0               0               0

bb.hodotdc.vscint =
       0.141337        0.147808        0.151543        0.151235        0.153987        0.128846        0.147326          0.1473        0.153742
       0.140666        0.141585          0.1323        0.137376        0.133336        0.150906         0.14426        0.146808        0.143792
         0.1457        0.137775         0.14615        0.146486        0.142033          0.1439        0.141051        0.143082        0.142802
       0.143372         0.14587        0.143538        0.142175        0.143968        0.143415        0.139215        0.143048        0.138685
       0.140614        0.138059        0.141241        0.138678        0.143298        0.144961        0.146059        0.142461        0.144089
       0.146503        0.141699        0.139878        0.139194          0.1394        0.137853        0.140715        0.140238        0.136709
       0.141363        0.134565        0.137852        0.144149        0.144718        0.137169        0.137723        0.143071        0.138614
       0.137079        0.144408        0.142491        0.142791        0.137447        0.147041        0.141221        0.139406        0.131621
       0.137795        0.139469        0.141315        0.140663        0.131926        0.126945        0.128339        0.141337        0.141337
       0.141337        0.141337        0.141337        0.141337        0.141337        0.141337        0.141337        0.141337        0.141337

bb.hodotdc.meantime_offset =
        3.79766         3.97119         4.65339         3.45128         4.34734         2.12265         2.86107         3.00729         2.85683
        2.96855         1.92935         2.22808         2.36672          1.0553         1.56729         1.77363         1.83021          1.7555
         1.4525          1.1131         1.08953        0.795375         1.36894         1.77597         2.04677         2.12999         2.44699
        2.15973         2.21917         2.63791         1.48014         1.65724        0.468469       -0.424858      -0.0565192       -0.196002
       0.370567       -0.574037       0.0611138        0.856838        0.259598        0.263382      -0.0215073        0.134364        0.359897
       0.408566      -0.0120902        0.213992        0.721924       -0.493139       -0.253084        -0.36425       -0.929243       -0.390598
       0.237046        -0.41113       -0.129495       -0.817745        -1.31777        -1.22554       -0.187729        0.242847        0.218836
       0.986658        0.655359        0.239825        0.904525        0.702097        0.663093         1.21186         1.43219         2.17383
        2.40926         3.66637         2.58526         2.71036         2.39338         1.77394         1.13472         1.62653         1.92952
        3.35422         3.19234         4.06025         4.10023         4.21496         3.79766         3.79766         3.79766         3.79766

bb.hodotdc.rf_offset =
          5.369           5.369           5.369           5.369         9.06068         1.83358         1.61633         1.56305         1.58392
        1.63256         1.52863         1.50805         1.82063         1.88951         1.98596         2.10024         2.19198         2.12516
        2.10183         2.12548         2.21288         2.16162           2.276          2.3027         2.37542         2.40506         2.31991
        2.39182         2.41157         2.41516         2.54727          2.6299         2.55694         2.62536         2.62745         2.66263
        2.63876         2.67756         2.71419         2.71677         2.81591         2.80323         2.83431          2.8685         2.92961
         2.9996         3.06025         3.10472          3.0408         2.98635         3.03292          2.9985         3.00481         2.98915
        3.05726         3.08137         3.03361         3.14949         3.17628         3.18328         3.23421         3.27559         3.30465
        3.33635         3.39388         3.35406          3.3993         3.26822         3.27831         3.32927         3.34072         3.37913
        3.36183         3.41102         3.36314         3.36342         3.38678         3.50809         3.38378         3.38378         3.38378
        3.38378         3.38378         3.38378         3.38378         3.38378         3.38378         3.38378         3.38378         3.38378

bb.hodotdc.tdiffoffset =
              0               0               0               0               0               0               0               0               0
              0               0               0               0               0               0               0               0               0
              0               0               0               0               0               0               0               0               0
              0               0               0               0               0               0               0               0               0
              0               0               0               0               0               0               0               0               0
              0               0               0               0               0               0               0               0               0
              0               0               0               0               0               0               0               0               0
              0               0               0               0               0               0               0               0               0
              0               0               0               0               0               0               0               0               0
              0               0               0               0               0               0               0               0               0

--------[ 2022-01-12 16:00:00 ] # GMN SBS-14 part 2: updated 2025/12/19 (EPAF)

bb.hodotdc.trigtime_central = 370.9 # this is the BBtrig_t0 value that was used in my calibrations for SBS-14 part-2

bb.hodotdc.timewalk0map =
      -0.312673       -0.248535       -0.258586       -0.272574       -0.246782       -0.236766       -0.251632        -0.25321       -0.253505
      -0.235427       -0.227224       -0.253865       -0.277151       -0.264559       -0.256632       -0.259838       -0.257113        -0.25764
      -0.229828       -0.274096       -0.257706       -0.255328       -0.259026       -0.253226       -0.271519       -0.261709       -0.264725
      -0.266712       -0.269631       -0.283279       -0.263423       -0.274264       -0.260114       -0.270205       -0.261308       -0.305444
      -0.284083       -0.288233       -0.270793       -0.327705       -0.259708       -0.280574        -0.31181       -0.277835       -0.261742
      -0.293151       -0.285039       -0.276743       -0.281036        -0.27604       -0.304507       -0.293905       -0.284147       -0.292116
      -0.282104       -0.286148       -0.284028       -0.288685       -0.274936       -0.286543       -0.318699       -0.282761        -0.26233
      -0.281751       -0.268998       -0.236021       -0.263356       -0.282835       -0.262213       -0.262168       -0.259021       -0.269152
      -0.249361       -0.262631       -0.239264        -0.24707       -0.270066       -0.255723        -0.23265        -0.22447       -0.258691
       -0.32704       -0.298556       -0.174293       -0.276724       -0.276724       -0.276724       -0.276724       -0.276724       -0.276724
      -0.197543       -0.162948       -0.179178       -0.181383       -0.183167       -0.189597       -0.181438       -0.170535       -0.202966
      -0.217397       -0.217137       -0.180535       -0.208686       -0.188113       -0.203604       -0.202888       -0.205604       -0.168935
      -0.195884        -0.21208       -0.190399       -0.197163       -0.199263       -0.215797       -0.205228       -0.225719       -0.199448
      -0.186779       -0.200383        -0.19275       -0.192206       -0.176347       -0.196782       -0.208045       -0.205067       -0.237598
      -0.225727       -0.197358       -0.194679       -0.204713       -0.214665       -0.212821       -0.216567       -0.182115       -0.200014
       -0.22474       -0.194678       -0.180366       -0.204792       -0.177579       -0.179622       -0.215539       -0.183203       -0.188343
      -0.208384        -0.20163       -0.201248       -0.197285       -0.196387       -0.184066       -0.203567       -0.202222       -0.196721
      -0.169409       -0.187756       -0.156013       -0.180816       -0.188937       -0.170133       -0.169889       -0.177831       -0.171527
      -0.180811       -0.188344        -0.19955       -0.173582       -0.207781       -0.181441       -0.198935        -0.21454        -0.24916
      -0.302029       -0.322262       -0.172875       -0.196907       -0.196907       -0.196907       -0.196907       -0.196907       -0.196907

bb.hodotdc.timewalk1map =
              0               0               0               0               0               0               0               0               0
              0               0               0               0               0               0               0               0               0
              0               0               0               0               0               0               0               0               0
              0               0               0               0               0               0               0               0               0
              0               0               0               0               0               0               0               0               0
              0               0               0               0               0               0               0               0               0
              0               0               0               0               0               0               0               0               0
              0               0               0               0               0               0               0               0               0
              0               0               0               0               0               0               0               0               0
              0               0               0               0               0               0               0               0               0
              0               0               0               0               0               0               0               0               0
              0               0               0               0               0               0               0               0               0
              0               0               0               0               0               0               0               0               0
              0               0               0               0               0               0               0               0               0
              0               0               0               0               0               0               0               0               0
              0               0               0               0               0               0               0               0               0
              0               0               0               0               0               0               0               0               0
              0               0               0               0               0               0               0               0               0
              0               0               0               0               0               0               0               0               0
              0               0               0               0               0               0               0               0               0

bb.hodotdc.vscint =
       0.138635        0.148676        0.152729         0.15356        0.150355        0.142873        0.153465         0.15078        0.149641
       0.147099        0.135078        0.138772        0.133393        0.135456        0.146558        0.142035        0.144506        0.141977
       0.142791        0.141219        0.141813        0.143184        0.141997        0.144342        0.139663         0.14238        0.143865
       0.143225         0.14669        0.144992        0.143483        0.143451        0.142612        0.138714        0.142448        0.136372
       0.139723         0.13777        0.140925        0.138845        0.142044        0.144161        0.143325        0.140931        0.143228
       0.142944        0.137944        0.138322         0.13726        0.137381        0.134811        0.138812        0.138251         0.13432
       0.137786        0.134627        0.135356        0.142098        0.142324        0.138063        0.135676        0.142019        0.139515
       0.137314        0.142265        0.140361        0.139262        0.140188        0.142992        0.137831        0.139781        0.135003
        0.14154        0.139693        0.141083        0.138745        0.131118        0.132696        0.128362        0.127004        0.133467
       0.142248        0.150219        0.130779        0.140204        0.140204        0.140204        0.140204        0.140204        0.140204

bb.hodotdc.meantime_offset =
        4.72925          3.8579         4.38282         3.56485         4.06621          2.7574         3.01349         3.00425         2.89521
        3.23297         1.55569         2.16098         2.45456         1.24607         1.65761         1.62668         1.84306         1.89493
        1.45043         1.22879         1.06473        0.803751         1.38482         1.86375         2.09718           2.183         2.43288
        2.10969         2.06457         2.51118         1.58598         1.62206        0.588118       -0.394958       0.0427598      -0.0197994
        0.45861       -0.555593        0.104934        0.878159        0.271599        0.292946      -0.0224846        0.193961        0.392055
       0.334228      -0.0288409        0.333203        0.660161       -0.468243       -0.293955       -0.397189       -0.970626       -0.482198
        0.16297       -0.491763       -0.208373       -0.874125         -1.3373        -1.15266       -0.281815        0.213127      0.00580923
        1.00682        0.596191        0.158479        0.851517        0.781558        0.635455         1.33287         1.51725         2.07976
        2.49528         3.67671         2.55014         2.57935         2.38175         1.97771         1.16277          2.2362         3.34028
        6.51702         6.83462         3.80744         4.67122         4.78595         4.36865         4.36865         4.36865         4.36865

bb.hodotdc.rf_offset =
        1.29437         1.37349          1.3471         1.40356         1.45665         1.47489         1.58136         1.60938         1.62805
        1.64868         1.67638         1.74204         1.86928         1.97041         2.05061         2.12931         2.13428         2.02962
        2.05973         2.12311         2.07708         2.18805         2.24694         2.26497         2.32402         2.37991         2.40189
        2.48716         2.58211         2.60343         2.70955          2.7464         2.64317         2.64736         2.64595         2.63217
        2.69734         2.69925         2.77142         2.78026         2.87127         2.86619         2.87858         2.88983         2.92669
        3.02231         3.08999         3.15417         3.09264         3.01919         3.03263         3.04094         3.03299         3.05666
        3.11109         3.14233         3.15307          3.2065          3.2286         3.24781         3.30185         3.37362         3.40855
        3.46374         3.47604         3.43178         3.38001         3.39089         3.36981         3.37666         3.39072         3.39432
        3.43274         3.43781         3.43821         3.48979         3.44485         3.45925         3.51318         3.52015         3.47052
       -10.1491        -10.1491        -10.1491        -10.1491        -10.1491        -10.1491        -10.1491        -10.1491        -10.1491

bb.hodotdc.tdiffoffset =
              0               0               0               0               0               0               0               0               0
              0               0               0               0               0               0               0               0               0
              0               0               0               0               0               0               0               0               0
              0               0               0               0               0               0               0               0               0
              0               0               0               0               0               0               0               0               0
              0               0               0               0               0               0               0               0               0
              0               0               0               0               0               0               0               0               0
              0               0               0               0               0               0               0               0               0
              0               0               0               0               0               0               0               0               0
              0               0               0               0               0               0               0               0               0

-------[ 2022-01-18 19:00:00 ]  SBS-14 part-3 (SBS 0%): updated 2025/12/19 (EPAF)

bb.hodotdc.trigtime_central = 370.9 # this is the BBtrig_t0 value that was used in my calibrations for SBS-14 part-2

bb.hodotdc.timewalk0map =
      -0.276024       -0.266583       -0.271431       -0.254447       -0.253884       -0.229186        -0.25134       -0.259915       -0.252923
      -0.226092        -0.22348       -0.241084       -0.275652       -0.281817       -0.248061       -0.261952        -0.25867       -0.249036
      -0.236097       -0.275623       -0.268417        -0.25894       -0.260467       -0.254366       -0.270479       -0.262383       -0.266282
      -0.266422       -0.262317       -0.284297       -0.267313       -0.271817       -0.257347        -0.26384       -0.256817        -0.30774
      -0.285549       -0.287957       -0.265709       -0.321605       -0.261306       -0.278167       -0.307849       -0.277242       -0.263296
      -0.293136       -0.278453        -0.27298       -0.285765       -0.275479        -0.30624       -0.291436       -0.285367       -0.287972
      -0.281005       -0.286754       -0.279739       -0.286673       -0.279306       -0.287919       -0.320897       -0.288657       -0.263749
      -0.275083       -0.270433       -0.234053       -0.260907       -0.283062        -0.26064       -0.268598       -0.241205       -0.266495
       -0.26269       -0.263635       -0.231537       -0.247268       -0.282608       -0.248371       -0.232555       -0.276024       -0.276024
      -0.276024       -0.276024       -0.276024       -0.276024       -0.276024       -0.276024       -0.276024       -0.276024       -0.276024
      -0.197917       -0.181934       -0.190157       -0.171933       -0.186029       -0.182029       -0.181218       -0.176155       -0.203151
      -0.208729       -0.213947       -0.170125       -0.214218       -0.204369       -0.196564       -0.204613       -0.206639       -0.162312
      -0.200952       -0.214203       -0.201731       -0.199827       -0.204046       -0.217307       -0.205684       -0.228784       -0.200657
      -0.186553         -0.1934       -0.192582       -0.194185       -0.173485       -0.193133        -0.20146       -0.201163       -0.239618
      -0.227669       -0.198693       -0.190631       -0.199643       -0.217311       -0.211216        -0.21382       -0.182047       -0.202512
      -0.224941       -0.190031       -0.177476       -0.210624       -0.177416       -0.182807       -0.214109       -0.184786       -0.187273
      -0.209327       -0.203677       -0.198961       -0.196967       -0.202563       -0.186805       -0.204869       -0.207791        -0.19854
       -0.16441       -0.191582       -0.155539         -0.1785       -0.188593       -0.168917        -0.17816       -0.164075       -0.168758
      -0.193164       -0.190992       -0.193434        -0.17349       -0.219325       -0.177384       -0.200061       -0.197917       -0.197917
      -0.197917       -0.197917       -0.197917       -0.197917       -0.197917       -0.197917       -0.197917       -0.197917       -0.197917

bb.hodotdc.timewalk1map =
              0               0               0               0               0               0               0               0               0
              0               0               0               0               0               0               0               0               0
              0               0               0               0               0               0               0               0               0
              0               0               0               0               0               0               0               0               0
              0               0               0               0               0               0               0               0               0
              0               0               0               0               0               0               0               0               0
              0               0               0               0               0               0               0               0               0
              0               0               0               0               0               0               0               0               0
              0               0               0               0               0               0               0               0               0
              0               0               0               0               0               0               0               0               0
              0               0               0               0               0               0               0               0               0
              0               0               0               0               0               0               0               0               0
              0               0               0               0               0               0               0               0               0
              0               0               0               0               0               0               0               0               0
              0               0               0               0               0               0               0               0               0
              0               0               0               0               0               0               0               0               0
              0               0               0               0               0               0               0               0               0
              0               0               0               0               0               0               0               0               0
              0               0               0               0               0               0               0               0               0
              0               0               0               0               0               0               0               0               0

bb.hodotdc.vscint =
       0.140141        0.125258        0.141462        0.181908        0.141704        0.143978        0.155588        0.152687        0.150899
       0.145752        0.135086        0.138465        0.138294        0.136401        0.144396        0.140921         0.14145         0.14069
       0.140197        0.143309        0.142802        0.141562        0.149418        0.143362        0.141995        0.145075        0.142152
       0.144238         0.14627        0.145664        0.142063         0.14435         0.14034         0.13555        0.140649        0.133764
       0.138758        0.137444        0.138909        0.137923        0.143479        0.143897        0.142388        0.141166        0.142618
       0.143628        0.138385        0.138153        0.137401        0.136767        0.133853        0.137366        0.136084         0.13416
       0.138862        0.133855        0.136456        0.142315        0.142728        0.138362        0.131853        0.141603         0.13929
        0.13631        0.142213        0.139565        0.139511        0.141668        0.150003        0.141712        0.142451        0.134046
       0.146337        0.141625        0.139634        0.137596        0.129159        0.131686        0.129983        0.140141        0.140141
       0.140141        0.140141        0.140141        0.140141        0.140141        0.140141        0.140141        0.140141        0.140141

bb.hodotdc.meantime_offset =
         3.9109         3.84796         4.39396         3.94371         4.33379         3.03766         3.42614         3.47645         3.27276
        3.34001         1.80773         2.09495          2.8992         1.64504         1.58079         1.65439         1.83828         1.72034
        1.56622         1.39781         1.36691        0.880734         1.60271         1.90515          2.1522         2.30589         2.46995
        2.14792         1.94383         2.55071         1.69222          1.6634        0.585225       -0.534735      0.00367327       0.0289739
       0.488994       -0.552223      -0.0610492        0.712107         0.31365        0.220668      -0.0825193        0.201321        0.413691
       0.338391       -0.114195        0.292097        0.761704       -0.492888       -0.237605       -0.404048       -0.990743       -0.512085
       0.255059       -0.390625        -0.20673       -0.836062        -1.22953        -1.13231       -0.299396        0.323299       0.0372145
       0.851106        0.632354       0.0837607        0.874259         0.91779        0.837931         1.67897         1.43284         2.08118
        2.85756         3.85772         2.53794         2.67493         2.57008         1.95869         1.20294         1.73977         2.04276
        3.46746         3.30558         4.17349         4.21347          4.3282          3.9109          3.9109          3.9109          3.9109

bb.hodotdc.rf_offset =
        1.29643         1.29643         1.29643         1.14939         1.22328         1.05925         1.18362         1.29714         1.29067
        1.36579         1.34197         1.52181         1.56943         1.84522         1.93608         2.11732         2.06889         2.06694
        2.02096          1.9996         1.98508         2.11082         2.15183          2.2202         2.27638         2.33241         2.33506
        2.45334         2.53766         2.52771         2.60138          2.6484         2.54172         2.59576         2.55486         2.57076
        2.65975         2.71389         2.79675         2.81327         2.86938         2.86287         2.85351         2.85332         2.88994
        3.00354         3.05768         3.11021         3.06942         3.00163         2.96313         2.97577         2.99343          3.0241
        3.01114         3.02873         3.07803         3.11387         3.22956         3.26485         3.27875         3.35142          3.4089
        3.48713         3.45658         3.40354         3.28813         3.25494         3.23107         3.21947         3.21577         3.28598
        3.29994         3.33738         3.31651         3.37056         3.42604         3.34004         3.49535         3.49535         3.49535
        3.49535         3.49535         3.49535         3.49535         3.49535         3.49535         3.49535         3.49535         3.49535

bb.hodotdc.tdiffoffset =
              0               0               0               0               0               0               0               0               0
              0               0               0               0               0               0               0               0               0
              0               0               0               0               0               0               0               0               0
              0               0               0               0               0               0               0               0               0
              0               0               0               0               0               0               0               0               0
              0               0               0               0               0               0               0               0               0
              0               0               0               0               0               0               0               0               0
              0               0               0               0               0               0               0               0               0
              0               0               0               0               0               0               0               0               0
              0               0               0               0               0               0               0               0               0


-------[ 2022-01-18 23:20:00 ]  SBS-14 part-2' (SBS 70%): updated 2025/12/19 (EPAF)

bb.hodotdc.trigtime_central = 370.9 # this is the BBtrig_t0 value that was used in my calibrations for SBS-14 part-2

bb.hodotdc.timewalk0map =
      -0.312673       -0.248535       -0.258586       -0.272574       -0.246782       -0.236766       -0.251632        -0.25321       -0.253505
      -0.235427       -0.227224       -0.253865       -0.277151       -0.264559       -0.256632       -0.259838       -0.257113        -0.25764
      -0.229828       -0.274096       -0.257706       -0.255328       -0.259026       -0.253226       -0.271519       -0.261709       -0.264725
      -0.266712       -0.269631       -0.283279       -0.263423       -0.274264       -0.260114       -0.270205       -0.261308       -0.305444
      -0.284083       -0.288233       -0.270793       -0.327705       -0.259708       -0.280574        -0.31181       -0.277835       -0.261742
      -0.293151       -0.285039       -0.276743       -0.281036        -0.27604       -0.304507       -0.293905       -0.284147       -0.292116
      -0.282104       -0.286148       -0.284028       -0.288685       -0.274936       -0.286543       -0.318699       -0.282761        -0.26233
      -0.281751       -0.268998       -0.236021       -0.263356       -0.282835       -0.262213       -0.262168       -0.259021       -0.269152
      -0.249361       -0.262631       -0.239264        -0.24707       -0.270066       -0.255723        -0.23265        -0.22447       -0.258691
       -0.32704       -0.298556       -0.174293       -0.276724       -0.276724       -0.276724       -0.276724       -0.276724       -0.276724
      -0.197543       -0.162948       -0.179178       -0.181383       -0.183167       -0.189597       -0.181438       -0.170535       -0.202966
      -0.217397       -0.217137       -0.180535       -0.208686       -0.188113       -0.203604       -0.202888       -0.205604       -0.168935
      -0.195884        -0.21208       -0.190399       -0.197163       -0.199263       -0.215797       -0.205228       -0.225719       -0.199448
      -0.186779       -0.200383        -0.19275       -0.192206       -0.176347       -0.196782       -0.208045       -0.205067       -0.237598
      -0.225727       -0.197358       -0.194679       -0.204713       -0.214665       -0.212821       -0.216567       -0.182115       -0.200014
       -0.22474       -0.194678       -0.180366       -0.204792       -0.177579       -0.179622       -0.215539       -0.183203       -0.188343
      -0.208384        -0.20163       -0.201248       -0.197285       -0.196387       -0.184066       -0.203567       -0.202222       -0.196721
      -0.169409       -0.187756       -0.156013       -0.180816       -0.188937       -0.170133       -0.169889       -0.177831       -0.171527
      -0.180811       -0.188344        -0.19955       -0.173582       -0.207781       -0.181441       -0.198935        -0.21454        -0.24916
      -0.302029       -0.322262       -0.172875       -0.196907       -0.196907       -0.196907       -0.196907       -0.196907       -0.196907

bb.hodotdc.timewalk1map =
              0               0               0               0               0               0               0               0               0
              0               0               0               0               0               0               0               0               0
              0               0               0               0               0               0               0               0               0
              0               0               0               0               0               0               0               0               0
              0               0               0               0               0               0               0               0               0
              0               0               0               0               0               0               0               0               0
              0               0               0               0               0               0               0               0               0
              0               0               0               0               0               0               0               0               0
              0               0               0               0               0               0               0               0               0
              0               0               0               0               0               0               0               0               0
              0               0               0               0               0               0               0               0               0
              0               0               0               0               0               0               0               0               0
              0               0               0               0               0               0               0               0               0
              0               0               0               0               0               0               0               0               0
              0               0               0               0               0               0               0               0               0
              0               0               0               0               0               0               0               0               0
              0               0               0               0               0               0               0               0               0
              0               0               0               0               0               0               0               0               0
              0               0               0               0               0               0               0               0               0
              0               0               0               0               0               0               0               0               0

bb.hodotdc.vscint =
       0.138635        0.148676        0.152729         0.15356        0.150355        0.142873        0.153465         0.15078        0.149641
       0.147099        0.135078        0.138772        0.133393        0.135456        0.146558        0.142035        0.144506        0.141977
       0.142791        0.141219        0.141813        0.143184        0.141997        0.144342        0.139663         0.14238        0.143865
       0.143225         0.14669        0.144992        0.143483        0.143451        0.142612        0.138714        0.142448        0.136372
       0.139723         0.13777        0.140925        0.138845        0.142044        0.144161        0.143325        0.140931        0.143228
       0.142944        0.137944        0.138322         0.13726        0.137381        0.134811        0.138812        0.138251         0.13432
       0.137786        0.134627        0.135356        0.142098        0.142324        0.138063        0.135676        0.142019        0.139515
       0.137314        0.142265        0.140361        0.139262        0.140188        0.142992        0.137831        0.139781        0.135003
        0.14154        0.139693        0.141083        0.138745        0.131118        0.132696        0.128362        0.127004        0.133467
       0.142248        0.150219        0.130779        0.140204        0.140204        0.140204        0.140204        0.140204        0.140204

bb.hodotdc.meantime_offset =
        4.72925          3.8579         4.38282         3.56485         4.06621          2.7574         3.01349         3.00425         2.89521
        3.23297         1.55569         2.16098         2.45456         1.24607         1.65761         1.62668         1.84306         1.89493
        1.45043         1.22879         1.06473        0.803751         1.38482         1.86375         2.09718           2.183         2.43288
        2.10969         2.06457         2.51118         1.58598         1.62206        0.588118       -0.394958       0.0427598      -0.0197994
        0.45861       -0.555593        0.104934        0.878159        0.271599        0.292946      -0.0224846        0.193961        0.392055
       0.334228      -0.0288409        0.333203        0.660161       -0.468243       -0.293955       -0.397189       -0.970626       -0.482198
        0.16297       -0.491763       -0.208373       -0.874125         -1.3373        -1.15266       -0.281815        0.213127      0.00580923
        1.00682        0.596191        0.158479        0.851517        0.781558        0.635455         1.33287         1.51725         2.07976
        2.49528         3.67671         2.55014         2.57935         2.38175         1.97771         1.16277          2.2362         3.34028
        6.51702         6.83462         3.80744         4.67122         4.78595         4.36865         4.36865         4.36865         4.36865

bb.hodotdc.rf_offset =
        1.29437         1.37349          1.3471         1.40356         1.45665         1.47489         1.58136         1.60938         1.62805
        1.64868         1.67638         1.74204         1.86928         1.97041         2.05061         2.12931         2.13428         2.02962
        2.05973         2.12311         2.07708         2.18805         2.24694         2.26497         2.32402         2.37991         2.40189
        2.48716         2.58211         2.60343         2.70955          2.7464         2.64317         2.64736         2.64595         2.63217
        2.69734         2.69925         2.77142         2.78026         2.87127         2.86619         2.87858         2.88983         2.92669
        3.02231         3.08999         3.15417         3.09264         3.01919         3.03263         3.04094         3.03299         3.05666
        3.11109         3.14233         3.15307          3.2065          3.2286         3.24781         3.30185         3.37362         3.40855
        3.46374         3.47604         3.43178         3.38001         3.39089         3.36981         3.37666         3.39072         3.39432
        3.43274         3.43781         3.43821         3.48979         3.44485         3.45925         3.51318         3.52015         3.47052
       -10.1491        -10.1491        -10.1491        -10.1491        -10.1491        -10.1491        -10.1491        -10.1491        -10.1491

bb.hodotdc.tdiffoffset =
              0               0               0               0               0               0               0               0               0
              0               0               0               0               0               0               0               0               0
              0               0               0               0               0               0               0               0               0
              0               0               0               0               0               0               0               0               0
              0               0               0               0               0               0               0               0               0
              0               0               0               0               0               0               0               0               0
              0               0               0               0               0               0               0               0               0
              0               0               0               0               0               0               0               0               0
              0               0               0               0               0               0               0               0               0
              0               0               0               0               0               0               0               0               0


--------[ 2022-01-21 17:00:00 ] # GMN SBS-8

bb.hodotdc.trigtime_central = 371.5 # this is the BBtrig_t0 value that was used in my calibrations for SBS-8

# new hodoscope calibration SBS-8, AJRP 12/27/2025
bb.hodotdc.timewalk0map =
      -0.289293       -0.236238        -0.25017        -0.26377       -0.237811        -0.23845       -0.243324         -0.2453       -0.244352
      -0.230144       -0.225788       -0.245321       -0.265554       -0.254569        -0.24683       -0.245929        -0.24793       -0.246391
      -0.224018       -0.266242       -0.261386       -0.247648          -0.256       -0.248201       -0.274262       -0.262236        -0.25983
      -0.261566       -0.257809        -0.27319       -0.253079       -0.261806       -0.251152       -0.262275       -0.257872       -0.303408
      -0.282645       -0.287661        -0.26467       -0.325544       -0.256749       -0.278299       -0.311439       -0.276238       -0.258245
      -0.288935       -0.276372       -0.268198       -0.273358       -0.266312       -0.301246       -0.290719       -0.277634       -0.289134
      -0.278546       -0.277096       -0.278579       -0.283287       -0.269919       -0.284225       -0.313771       -0.274637       -0.256106
      -0.270331       -0.263546        -0.22783       -0.257784       -0.277854       -0.261141       -0.262135       -0.257264       -0.266666
      -0.249423       -0.269135       -0.246226       -0.250522       -0.274386       -0.263528       -0.251206       -0.243001       -0.272074
      -0.272074       -0.272074       -0.272074       -0.272074       -0.272074       -0.272074       -0.272074       -0.272074       -0.272074
      -0.189532       -0.160634       -0.178156       -0.182377       -0.180952        -0.19487       -0.179733       -0.171487       -0.201245
      -0.214585        -0.21645       -0.180625       -0.204048       -0.186786       -0.200369       -0.194851       -0.201943       -0.168281
      -0.193526       -0.210749       -0.201509       -0.199968       -0.204354       -0.217156       -0.214079       -0.230916       -0.201312
      -0.191185       -0.197421       -0.193049        -0.18857       -0.175365       -0.189979       -0.205045        -0.20368       -0.239168
      -0.225613       -0.203663       -0.193251       -0.211569       -0.212335       -0.215241       -0.224615       -0.187177       -0.199118
       -0.22612       -0.192346       -0.179323        -0.20282       -0.179616       -0.187324       -0.220434       -0.188359       -0.193994
      -0.211265       -0.201264       -0.203828       -0.201408       -0.196677       -0.189414       -0.205473       -0.201507       -0.194508
      -0.169311       -0.188298       -0.156384       -0.183221       -0.188852       -0.172082       -0.177948       -0.181393       -0.176107
      -0.180315       -0.189987       -0.204721       -0.178993       -0.213718       -0.194708       -0.216644       -0.213565       -0.200446
      -0.200446       -0.200446       -0.200446       -0.200446       -0.200446       -0.200446       -0.200446       -0.200446       -0.200446

bb.hodotdc.timewalk1map =
              0               0               0               0               0               0               0               0               0
              0               0               0               0               0               0               0               0               0
              0               0               0               0               0               0               0               0               0
              0               0               0               0               0               0               0               0               0
              0               0               0               0               0               0               0               0               0
              0               0               0               0               0               0               0               0               0
              0               0               0               0               0               0               0               0               0
              0               0               0               0               0               0               0               0               0
              0               0               0               0               0               0               0               0               0
              0               0               0               0               0               0               0               0               0
              0               0               0               0               0               0               0               0               0
              0               0               0               0               0               0               0               0               0
              0               0               0               0               0               0               0               0               0
              0               0               0               0               0               0               0               0               0
              0               0               0               0               0               0               0               0               0
              0               0               0               0               0               0               0               0               0
              0               0               0               0               0               0               0               0               0
              0               0               0               0               0               0               0               0               0
              0               0               0               0               0               0               0               0               0
              0               0               0               0               0               0               0               0               0

bb.hodotdc.vscint =
       0.137887        0.144431         0.14442         0.14612        0.142359        0.134569        0.143521        0.142958        0.147142
       0.145365        0.136531        0.140528        0.136244        0.136724        0.147241        0.143585        0.145395         0.14037
        0.14187        0.140024        0.141155         0.14165        0.142647        0.145681        0.140232        0.142784        0.144655
       0.145086        0.148505        0.146137        0.142382        0.145523         0.14103         0.13505        0.139762        0.135166
       0.137014         0.13627        0.137797        0.138758         0.13977        0.141658         0.14252         0.13855        0.140587
       0.142301        0.135808        0.136731        0.136537        0.135865        0.134235        0.139237        0.137313        0.133942
       0.137788         0.13537        0.135737        0.141634        0.141689        0.138754        0.134585        0.142398         0.13806
       0.137282        0.143671        0.139923         0.13852        0.137369        0.140432        0.138637        0.141154        0.135824
       0.136116        0.134042        0.139262        0.140348        0.132968        0.138709        0.126164        0.119242        0.139534
       0.139534        0.139534        0.139534        0.139534        0.139534        0.139534        0.139534        0.139534        0.139534

bb.hodotdc.meantime_offset =
        4.00565         3.25053         3.79413         3.02847         3.45324         2.25778         2.38025         2.38703         2.30754
         2.6808         1.20703         1.71358         2.00892        0.832488         1.27925         1.16813         1.43515          1.4179
        1.01017        0.829707        0.886826         0.46971         1.20679         1.69492         2.06217          2.0776         2.19074
        1.93646         1.77574         2.30247         1.37982         1.56766        0.252479       -0.656565       -0.166588       -0.161444
       0.270818       -0.587682       -0.070297        0.960432        0.107502         0.23206       0.0443188        0.205263        0.297495
        0.40978      -0.0248471        0.412336        0.584414       -0.505438       -0.197406        -0.28045       -0.997528       -0.390135
       0.248167       -0.449539       -0.187252       -0.801734        -1.32227        -1.00911       -0.207401        0.263232       0.0666488
        1.11394        0.750774        0.282488         1.03171        0.848911         0.73328         1.56066         1.71574         2.33637
         2.6309         3.81752         2.84713          2.9322         2.77845         2.45706         1.81668          2.6592          1.7493
         1.7493          1.7493          1.7493          1.7493          1.7493          1.7493          1.7493          1.7493          1.7493

bb.hodotdc.rf_offset =
       -1.76307        -1.77675         -1.8144        -1.80226         -1.7476        -1.68695        -1.58023        -1.54445        -1.52063
       -1.51012        -1.54554        -1.48801        -1.36156        -1.28126         -1.1914        -1.10631        -1.12429        -1.18973
       -1.18799        -1.18721        -1.24257        -1.19329        -1.16092        -1.16732        -1.12679        -1.05571        -1.02329
       -0.96863       -0.862835       -0.819638       -0.760556        -0.77761        -0.83697        -0.83714       -0.864312       -0.915898
      -0.812835       -0.838404       -0.793686       -0.822346       -0.718667       -0.764351       -0.755169       -0.718203       -0.682577
      -0.654045       -0.571367       -0.522641       -0.563691       -0.626616        -0.62713       -0.675586       -0.671649       -0.615559
      -0.600957       -0.574438       -0.529854       -0.530172       -0.490938        -0.47849       -0.425813       -0.350309       -0.288247
      -0.249462       -0.248138       -0.282063       -0.351445       -0.351015       -0.353031       -0.346695        -0.32453       -0.332547
      -0.315246       -0.322343       -0.325344       -0.283928       -0.343631       -0.267587       -0.347907       -0.347907       -0.347907
      -0.347907       -0.347907       -0.347907       -0.347907       -0.347907       -0.347907       -0.347907       -0.347907       -0.347907

bb.hodotdc.tdiffoffset =
              0               0               0               0               0               0               0               0               0
              0               0               0               0               0               0               0               0               0
              0               0               0               0               0               0               0               0               0
              0               0               0               0               0               0               0               0               0
              0               0               0               0               0               0               0               0               0
              0               0               0               0               0               0               0               0               0
              0               0               0               0               0               0               0               0               0
              0               0               0               0               0               0               0               0               0
              0               0               0               0               0               0               0               0               0
              0               0               0               0               0               0               0               0               0





--------[ 2022-02-01 12:00:00 ] # GMN SBS-9:

# updated results 1/8/2026 AJRP:

bb.hodotdc.timewalk0map =
      -0.306004       -0.257851       -0.259121       -0.279527       -0.251081       -0.242089       -0.251085       -0.261876       -0.254402
      -0.235498       -0.223105        -0.26387       -0.278574       -0.268696       -0.263403       -0.266709       -0.261235       -0.260875
      -0.231224       -0.275644       -0.262121       -0.258753       -0.254507       -0.251881       -0.272623       -0.262207       -0.265729
       -0.26991       -0.269075       -0.285065       -0.267255       -0.276332       -0.261632       -0.271241       -0.262052       -0.308373
      -0.286183       -0.288737       -0.272132       -0.329964       -0.262647       -0.282971       -0.313292       -0.279056       -0.263643
       -0.29561       -0.288267       -0.278156       -0.284877       -0.278398       -0.308717        -0.29551       -0.286806       -0.292498
      -0.281479       -0.288584        -0.28266       -0.288965       -0.275812       -0.288247       -0.318597       -0.286943       -0.272864
      -0.285197       -0.271149       -0.240767       -0.263145       -0.281219       -0.260818       -0.264228       -0.260024       -0.273042
      -0.250581       -0.259287       -0.242184         -0.2506       -0.271976       -0.254258       -0.222311       -0.206881       -0.244831
       -0.23932       -0.202153       -0.231172       -0.279526       -0.234012       -0.250089        -0.24307       -0.277644       -0.277644
      -0.181811       -0.163017       -0.172958       -0.183072       -0.175849       -0.193418       -0.176536       -0.174667       -0.203369
      -0.216003       -0.216802       -0.184361       -0.206531       -0.189941       -0.207389       -0.208012        -0.20553       -0.166991
      -0.196433       -0.210493       -0.192829       -0.198165       -0.193874       -0.212684       -0.205091       -0.226142       -0.198142
      -0.186631       -0.197814       -0.191427       -0.193808       -0.173528       -0.193768       -0.207061       -0.204556       -0.239251
       -0.22454       -0.196771       -0.193812       -0.202838       -0.216919        -0.21476       -0.216546       -0.181944       -0.200998
      -0.225114        -0.19569       -0.177915       -0.207703       -0.178316       -0.182007       -0.215793       -0.182768        -0.18755
      -0.206023       -0.202817       -0.200243       -0.195131       -0.195519       -0.184756       -0.201852       -0.204084       -0.203451
      -0.171449       -0.187576        -0.15924       -0.179965       -0.185011       -0.167323       -0.172794       -0.178504        -0.17418
       -0.18012       -0.185029       -0.201826        -0.17538       -0.209261       -0.181055        -0.19681       -0.206636       -0.235376
      -0.218317       -0.223499       -0.213373       -0.243467       -0.215407       -0.204624       -0.198166       -0.197548       -0.197548

bb.hodotdc.timewalk1map =
              0               0               0               0               0               0               0               0               0
              0               0               0               0               0               0               0               0               0
              0               0               0               0               0               0               0               0               0
              0               0               0               0               0               0               0               0               0
              0               0               0               0               0               0               0               0               0
              0               0               0               0               0               0               0               0               0
              0               0               0               0               0               0               0               0               0
              0               0               0               0               0               0               0               0               0
              0               0               0               0               0               0               0               0               0
              0               0               0               0               0               0               0               0               0
              0               0               0               0               0               0               0               0               0
              0               0               0               0               0               0               0               0               0
              0               0               0               0               0               0               0               0               0
              0               0               0               0               0               0               0               0               0
              0               0               0               0               0               0               0               0               0
              0               0               0               0               0               0               0               0               0
              0               0               0               0               0               0               0               0               0
              0               0               0               0               0               0               0               0               0
              0               0               0               0               0               0               0               0               0
              0               0               0               0               0               0               0               0               0

bb.hodotdc.vscint =
       0.147671        0.147393        0.147851        0.151651        0.149248        0.140556        0.151129        0.148713         0.14951
       0.144923        0.138428        0.137127        0.133239        0.138183        0.147769        0.144104        0.146359        0.142631
        0.14277        0.141585        0.144048        0.143996         0.14387        0.145167        0.141764         0.14469        0.144274
        0.14446         0.14722        0.144685        0.143886         0.14388        0.143585        0.141777        0.145416        0.139105
       0.141942        0.141112        0.141611        0.139899        0.144056         0.14599        0.145012         0.14183        0.143943
       0.143562        0.140422        0.138827        0.138746        0.138792        0.137224        0.140817        0.139724         0.13693
        0.14026        0.137258        0.138546        0.143304        0.144022        0.140863        0.137803        0.142842        0.140106
       0.136501        0.144249        0.142304        0.139419        0.138253        0.140773        0.138816         0.14226        0.136955
       0.142402        0.140888        0.142432        0.138902        0.131077        0.133978        0.135781        0.134563        0.136475
       0.135039        0.138214        0.135122        0.135058        0.131124        0.150774         0.14955        0.141766        0.141766

bb.hodotdc.meantime_offset =
        4.05545         3.34313         3.69873          3.0976          3.6052         2.28581         2.47633         2.60351         2.40345
        2.69442         1.04917         1.76459          1.9101        0.819119         1.23543         1.27482         1.40813            1.43
       0.989208        0.788259        0.672289        0.417763          0.8873         1.35675         1.68401         1.79123         1.99915
        1.73927         1.61146         2.02136         1.18186         1.17704       0.0967647       -0.772891       -0.330225       -0.420762
      0.0575507       -0.926984       -0.310264        0.430338      -0.0616386      -0.0602526       -0.389791       -0.177328       0.0215788
     -0.0296783       -0.315238      -0.0204012        0.358701       -0.793856       -0.613104       -0.770595        -1.31206       -0.843134
      -0.214527       -0.833997       -0.602153        -1.29498        -1.73588        -1.50619       -0.715336       -0.190257       -0.244712
       0.603922        0.242068       -0.125942        0.435163        0.235756       0.0465897        0.874756         1.06321         1.62226
        2.00459         3.10752          2.1265         2.16394          1.9237          1.4847        0.737834         1.64177         2.47982
        3.74881           3.592         4.93688         5.09035         4.93254         5.98624         5.32909         5.57585         5.57585

bb.hodotdc.rf_offset =
       0.147516        0.158376        0.104693        0.175141        0.217714         0.21705        0.273957        0.318548        0.334395
       0.356166        0.395405        0.478024        0.629574        0.718545        0.763954        0.833833        0.823114        0.760545
       0.775543        0.797891        0.801286        0.867529        0.930227         0.94893        0.986299         1.03031         1.05624
        1.13113         1.23242         1.27496         1.35844         1.37719         1.32457         1.30003         1.28114         1.28824
        1.36598         1.35466         1.42963         1.42747         1.50659         1.47794         1.47738         1.49219         1.55308
        1.61593         1.67207         1.70987         1.70253         1.61367         1.64339         1.64637         1.63645         1.66194
        1.69611         1.73641          1.7612         1.79331         1.84513         1.85509         1.93579         1.99579         2.00958
        2.10362         2.09262         2.04894         2.01358         2.04932         2.08457         2.08052         2.12891         2.13152
        2.14746          2.1633         2.13654         2.15622         2.14054         2.17584         2.19211          2.2632         2.31669
        2.17941         2.09417         1.98987         1.969	        2.1164	        2.11992	        2.11992	        2.11992	        2.11992

bb.hodotdc.tdiffoffset =
              0               0               0               0               0               0               0               0               0
              0               0               0               0               0               0               0               0               0
              0               0               0               0               0               0               0               0               0
              0               0               0               0               0               0               0               0               0
              0               0               0               0               0               0               0               0               0
              0               0               0               0               0               0               0               0               0
              0               0               0               0               0               0               0               0               0
              0               0               0               0               0               0               0               0               0
              0               0               0               0               0               0               0               0               0
              0               0               0               0               0               0               0               0               0



########################################################

############              GEN2              ############

########################################################

-------[ 2022-10-14 00:00:00 ] # approximate start of GEN2
-------[ 2022-10-14 20:00:00 ] # Beginning of GEN2 -> set 1: 2033 - 2085
bb.hodotdc.trigtime_central = 349.0
bb.hodotdc.timewalk0map = 
      -0.279607       -0.285278       -0.260088       -0.269056        -0.24688       -0.259463        -0.27113       -0.257712       -0.267423 
      -0.249796        -0.23682       -0.260245       -0.280356       -0.271946       -0.259859       -0.261343       -0.265793       -0.278767 
      -0.251178       -0.293607       -0.277146       -0.283795       -0.273537       -0.260959       -0.304493       -0.277258       -0.279964 
      -0.288799       -0.282442       -0.286471       -0.080805       -0.272909        -0.26886       -0.287266       -0.284584        -0.32147 
      -0.307151       -0.314812       -0.291625       -0.339915       -0.283503       -0.306528       -0.333501       -0.305688       -0.280375 
       -0.31374       -0.309468       -0.295487       -0.287875       -0.278852       -0.323496       -0.301626       -0.294816       -0.309336 
       -0.29247        -0.28888       -0.293815       -0.301131       -0.286067       -0.298738       -0.336833       -0.286941       -0.274559 
      -0.277003       -0.280733       -0.266018       -0.281331       -0.299149       -0.282618       -0.278095       -0.279755       -0.286048 
      -0.279217       -0.278032       -0.261106       -0.263858       -0.291173       -0.271453       -0.228346       -0.213376       -0.257672 
      -0.247483       -0.212764        -0.25494       -0.282077       -0.259282       -0.285537       -0.341522        -0.29155        -0.29155 
      -0.181852       -0.209035       -0.194375       -0.194799       -0.229957       -0.206413       -0.200353       -0.195793       -0.201531 
      -0.227946       -0.230262       -0.190246       -0.221883       -0.205402       -0.213748       -0.208462       -0.216929       -0.199453 
       -0.21962       -0.240195       -0.218116       -0.207783       -0.219721       -0.229649       -0.239377       -0.252422       -0.217723 
      -0.205242       -0.216141       -0.205839       -0.178887       -0.182447       -0.196521       -0.225165       -0.219636       -0.250312 
      -0.238547       -0.222942       -0.209715       -0.216323       -0.230063       -0.237031       -0.234032       -0.211468       -0.213665 
      -0.242688       -0.213536       -0.192562       -0.214697       -0.189941       -0.205109       -0.232113       -0.198211       -0.209368 
      -0.224214       -0.212149       -0.217444        -0.21541       -0.209665        -0.19936       -0.223821       -0.211148       -0.207446 
      -0.174674       -0.199034       -0.187279       -0.200816       -0.209041       -0.195439       -0.189912       -0.202792       -0.191616 
      -0.209017       -0.211529       -0.223737       -0.193038       -0.228771       -0.208614       -0.198583       -0.205968       -0.239412 
      -0.219323        -0.22627       -0.238932       -0.240511       -0.240949       -0.218815       -0.275265       -0.213888       -0.213888 

bb.hodotdc.timewalk1map = 
              0               0               0               0               0               0               0               0               0 
              0               0               0               0               0               0               0               0               0 
              0               0               0               0               0               0               0               0               0 
              0               0               0               0               0               0               0               0               0 
              0               0               0               0               0               0               0               0               0 
              0               0               0               0               0               0               0               0               0 
              0               0               0               0               0               0               0               0               0 
              0               0               0               0               0               0               0               0               0 
              0               0               0               0               0               0               0               0               0 
              0               0               0               0               0               0               0               0               0 
              0               0               0               0               0               0               0               0               0 
              0               0               0               0               0               0               0               0               0 
              0               0               0               0               0               0               0               0               0 
              0               0               0               0               0               0               0               0               0 
              0               0               0               0               0               0               0               0               0 
              0               0               0               0               0               0               0               0               0 
              0               0               0               0               0               0               0               0               0 
              0               0               0               0               0               0               0               0               0 
              0               0               0               0               0               0               0               0               0 
              0               0               0               0               0               0               0               0               0 

bb.hodotdc.vscint = 
        0.13402        0.138455         0.13806        0.139582        0.140771        0.133995        0.139744         0.12853         0.12673 
       0.144626         0.14062        0.137842        0.137297        0.139419        0.146708        0.141198        0.143995        0.140308 
       0.143212        0.140916        0.140209        0.139316        0.139786        0.142522         0.13858        0.140015        0.145412 
       0.142644        0.148274        0.148322       0.0886406        0.147808        0.147407         0.14266        0.144093        0.139271 
       0.139886        0.138772         0.13943        0.137289        0.142527         0.14339        0.140764        0.139963        0.142491 
        0.14353        0.139534        0.138368        0.136679        0.136504        0.135968        0.140092        0.137366        0.135683 
       0.139429        0.136879        0.137443          0.1408        0.140568        0.137244        0.137804        0.143188        0.141921 
       0.138909        0.144359        0.142475        0.140465        0.139942        0.141603        0.138216        0.140786        0.134713 
       0.142133        0.139725        0.142963        0.139442        0.135472        0.142424        0.138092         0.13591        0.142076 
       0.136151        0.139441        0.141568        0.133805        0.141915        0.139249         0.14375        0.140288        0.140288 

bb.hodotdc.meantime_offset = 
        2.22878         2.47713         2.52613          1.6935         2.36029         1.42431         1.38975         1.49081        0.777942 
        1.62445        0.233238        0.633726         1.05657       -0.040402        0.201858        0.112385        0.390028        0.632255 
        0.26911           0.206      -0.0135245      -0.0023515         0.33814        0.755974         1.35171         1.19858         1.38014 
        1.29322         1.09239         1.52866        -4.70866        0.753854       -0.504423        -1.15046       -0.670443       -0.745383 
      -0.216796       -0.996899        -0.56511        0.188286       -0.247627      -0.0978105       -0.620984       -0.179123       -0.183044 
      0.0188974       -0.364081      -0.0168358       -0.144419        -1.20245       -0.713498       -0.880228        -1.59107       -0.855317 
      -0.380561        -1.02045       -0.689638        -1.31237        -1.88803        -1.59903       -0.579378       -0.293801       -0.436588 
       0.361187        0.191149      -0.0151907         0.46233        0.310996        0.180159        0.888316          1.1312         1.64043 
        2.26215         3.22628         2.20775         2.08757         2.08416         1.80892        0.554727           1.364         2.33437 
        3.35278         3.03972         4.79002         4.17462         4.91045         5.50022         6.04325         3.83311         3.83311 

bb.hodotdc.rf_offset = 
      -0.120485       -0.255349        -0.28391       -0.273512       -0.223016       -0.218782       -0.134263       -0.241793       -0.196131 
     -0.0519943       -0.117737      -0.0609482       0.0661918         0.11115        0.198903        0.266914        0.226724         0.19333 
       0.130598       0.0852498       0.0361043       0.0854642       0.0357872       0.0337828       0.0486587        0.206006        0.207621 
       0.233261        0.313033        0.331608        0.349708        0.319253        0.275698        0.272209        0.165345        0.120946 
       0.247112        0.176397        0.212394        0.217958        0.263199        0.167512        0.190147        0.232632        0.250806 
       0.259869        0.326373        0.349085        0.433308        0.305353        0.280893        0.234018        0.250622        0.285257 
       0.277914        0.360386        0.344157        0.366827        0.410226        0.394382        0.470185        0.571834        0.606995 
       0.665948        0.630068         0.63727        0.583169        0.579533        0.563806        0.546704         0.60828        0.574267 
        0.57917        0.652888        0.636423        0.717204        0.677456        0.726907        0.898697        0.964998         1.05218 
       0.955792        0.925852        0.955792        0.955792        0.955792        0.955792        0.955792        0.955792        0.955792 

bb.hodotdc.tdiffoffset = 
              0               0               0               0               0               0               0               0               0 
              0               0               0               0               0               0               0               0               0 
              0               0               0               0               0               0               0               0               0 
              0               0               0               0               0               0               0               0               0 
              0               0               0               0               0               0               0               0               0 
              0               0               0               0               0               0               0               0               0 
              0               0               0               0               0               0               0               0               0 
              0               0               0               0               0               0               0               0               0 
              0               0               0               0               0               0               0               0               0 
              0               0               0               0               0               0               0               0               0 

-------[ 2022-10-21 03:50:00 ] # GEN2 -> set 2: 2125 - 2149
bb.hodotdc.trigtime_central = 349.0
bb.hodotdc.timewalk0map = 
      -0.288933       -0.298035       -0.269069       -0.276435       -0.251366       -0.265134       -0.274284       -0.255746       -0.269381 
      -0.250901       -0.238145       -0.265402       -0.282553       -0.273394       -0.264177       -0.267114        -0.26439       -0.287319 
      -0.257774       -0.300397       -0.281486       -0.289206       -0.275645       -0.262387       -0.307001       -0.279098       -0.281153 
      -0.291527       -0.286422       -0.289621      -0.0896854       -0.274268       -0.270547       -0.293342       -0.289797       -0.323555 
      -0.309046       -0.318522       -0.297301       -0.343936       -0.288162       -0.310132       -0.334306       -0.309783       -0.283167 
      -0.316658       -0.316023       -0.302282       -0.291857       -0.283291        -0.32528       -0.301005        -0.29834       -0.312005 
      -0.294505       -0.291084       -0.295454       -0.303008       -0.288382       -0.302785       -0.338666        -0.28795       -0.279189 
      -0.278683       -0.283119       -0.270407       -0.283646       -0.301538       -0.285953       -0.280514       -0.282603        -0.28952 
      -0.284709       -0.281824       -0.266567       -0.268951       -0.293698       -0.274669       -0.234171       -0.213953         -0.2583 
      -0.249188       -0.211052       -0.266814       -0.257003       -0.287764       -0.283173       -0.330705       -0.294585       -0.294585 
      -0.187464       -0.220732       -0.201155       -0.200453       -0.234795       -0.212124       -0.202323       -0.195068       -0.203453 
      -0.230129       -0.233378       -0.194375       -0.223327         -0.2066         -0.2197       -0.214089       -0.215888       -0.207169 
      -0.226292       -0.246179       -0.221189       -0.213648       -0.221739       -0.231318       -0.242038       -0.256131       -0.220567 
      -0.207068       -0.220551       -0.207167       -0.195004       -0.183779        -0.19869       -0.230094       -0.223847        -0.25183 
      -0.238634       -0.224299       -0.213161       -0.216677       -0.233409        -0.23995       -0.232436       -0.214652       -0.215863 
      -0.243782       -0.217903       -0.197556       -0.219607        -0.19404       -0.206628       -0.232043        -0.20177       -0.212255 
      -0.226231       -0.214139       -0.218395       -0.216005       -0.211715       -0.202814       -0.225151       -0.210833       -0.210743 
      -0.175377       -0.201788       -0.191779       -0.203818       -0.211733       -0.198841       -0.191565          -0.206       -0.195656 
      -0.214832        -0.21409       -0.228959       -0.196878       -0.230741       -0.209963       -0.204517       -0.204336       -0.241241 
      -0.224182        -0.22736       -0.255984       -0.217454       -0.279995       -0.222907        -0.27065       -0.216407       -0.216407 

bb.hodotdc.timewalk1map = 
              0               0               0               0               0               0               0               0               0 
              0               0               0               0               0               0               0               0               0 
              0               0               0               0               0               0               0               0               0 
              0               0               0               0               0               0               0               0               0 
              0               0               0               0               0               0               0               0               0 
              0               0               0               0               0               0               0               0               0 
              0               0               0               0               0               0               0               0               0 
              0               0               0               0               0               0               0               0               0 
              0               0               0               0               0               0               0               0               0 
              0               0               0               0               0               0               0               0               0 
              0               0               0               0               0               0               0               0               0 
              0               0               0               0               0               0               0               0               0 
              0               0               0               0               0               0               0               0               0 
              0               0               0               0               0               0               0               0               0 
              0               0               0               0               0               0               0               0               0 
              0               0               0               0               0               0               0               0               0 
              0               0               0               0               0               0               0               0               0 
              0               0               0               0               0               0               0               0               0 
              0               0               0               0               0               0               0               0               0 
              0               0               0               0               0               0               0               0               0 

bb.hodotdc.vscint = 
       0.133715        0.142035        0.138609        0.140489        0.141063        0.133966        0.139688         0.12857        0.127654 
       0.145056        0.141128        0.137416        0.136815         0.13863        0.148019        0.141572        0.145189        0.140804 
       0.144427        0.141874        0.140535        0.140061        0.140071        0.142756        0.138871         0.13848        0.142504 
       0.140498        0.145439        0.147002       0.0866732        0.144945        0.144671         0.13972         0.14095        0.136987 
       0.139054        0.138518        0.139441        0.136979        0.142782        0.144355        0.140869        0.141263        0.143374 
        0.14346         0.13872        0.138439        0.136211        0.136261         0.13488        0.139501        0.137654        0.136255 
       0.139463        0.135584        0.136645        0.140493        0.141046        0.136959        0.137962        0.140935        0.140084 
       0.137921        0.142649        0.140662        0.139597        0.137938        0.139852         0.13602        0.139843        0.135698 
       0.142713        0.141716        0.144864        0.141798        0.135909        0.143339        0.138558        0.135142        0.142012 
       0.136183        0.138541        0.146881        0.132497        0.152197        0.152179        0.155896        0.139828        0.139828 

bb.hodotdc.meantime_offset = 
        2.52924         2.93936         2.85702         1.99646         2.62468         1.64325          1.5682         1.56873        0.952606 
        1.78285        0.335294        0.827645         1.21191      0.00976982        0.454066        0.355752        0.475613        0.948282 
       0.560376         0.45061        0.197987         0.23148        0.463202        0.829662         1.47823         1.35026         1.51267 
        1.40135          1.2426         1.64413        -3.79347        0.793298       -0.441518        -1.00905       -0.563918          -0.736 
      -0.183045        -0.94253       -0.442734        0.203122       -0.141088     -0.00947323       -0.625679      -0.0817035       -0.116518 
      0.0276508       -0.282662       0.0792403      -0.0841977        -1.12369       -0.718424       -0.972873        -1.54558       -0.826541 
      -0.355968        -1.05386       -0.747998        -1.36565        -1.85704        -1.60514       -0.599533       -0.378913       -0.442531 
       0.355054        0.181572       0.0660628        0.540118        0.351983        0.254839        0.917364         1.22263         1.74745 
        2.45735          3.3786         2.42107         2.31584         2.16529         1.91117        0.797639         1.49487         2.47342 
        3.56339         3.18456         5.25116         3.89957         5.46316         5.90787         5.82777         5.32185         5.32185 

bb.hodotdc.rf_offset = 
       -2.23574        -2.46597        -2.40871        -2.38921        -2.32263        -2.23899        -2.20721        -2.32591        -2.23952 
       -2.09261        -2.11087         -2.0923        -2.00697        -1.85803           -1.89        -1.79942        -1.79803        -1.89055 
       -1.93013        -2.00042         -2.0069        -1.94616        -1.95834        -1.93263        -1.99692        -1.89582        -1.86139 
       -1.79736        -1.74968          -1.715        -2.07214        -1.65326        -1.70533        -1.71194        -1.79618        -1.79848 
       -1.66193        -1.72334        -1.69921        -1.69139        -1.64202        -1.71096        -1.68494        -1.67761        -1.63891 
       -1.63031        -1.57669        -1.52684        -1.44272        -1.55274        -1.57405        -1.57455         -1.5807        -1.58217 
       -1.59486        -1.51095        -1.45928        -1.42539        -1.41728        -1.41204        -1.32524        -1.26694        -1.18466 
       -1.19975        -1.24501        -1.26961        -1.39257        -1.35595        -1.38465        -1.44668        -1.40119        -1.42864 
        -1.4884        -1.34752        -1.39016        -1.30664        -1.32416        -1.32521        -1.21808          -1.101         -1.0345 
       -1.12032        -1.19434        -1.19434        -1.19434        -1.19434        -1.19434        -1.19434        -1.19434        -1.19434 

bb.hodotdc.tdiffoffset = 
              0               0               0               0               0               0               0               0               0 
              0               0               0               0               0               0               0               0               0 
              0               0               0               0               0               0               0               0               0 
              0               0               0               0               0               0               0               0               0 
              0               0               0               0               0               0               0               0               0 
              0               0               0               0               0               0               0               0               0 
              0               0               0               0               0               0               0               0               0 
              0               0               0               0               0               0               0               0               0 
              0               0               0               0               0               0               0               0               0 
              0               0               0               0               0               0               0               0               0 

-------[ 2022-10-22 00:50:00 ] # GEN2 -> set 3: 2164 - 2176
bb.hodotdc.trigtime_central = 349.0
bb.hodotdc.timewalk0map = 
      -0.287626       -0.297339       -0.266318       -0.278322       -0.255527       -0.271002       -0.276955       -0.261266       -0.270414 
       -0.25393       -0.242032       -0.266783       -0.288942       -0.277497          -0.264       -0.264645       -0.269532       -0.292013 
      -0.261899       -0.303056       -0.285138       -0.289752       -0.280834       -0.263857       -0.309056       -0.280682       -0.283376 
      -0.295681       -0.289136       -0.294277      -0.0836402       -0.274227       -0.274505       -0.298056       -0.293947       -0.326115 
      -0.312725       -0.324323       -0.300982       -0.346706       -0.293036       -0.316525       -0.339251       -0.318186       -0.289523 
      -0.322138       -0.321513       -0.306371       -0.294905       -0.287503       -0.329837       -0.305635       -0.299901       -0.315531 
      -0.295129       -0.294341       -0.301842         -0.3064       -0.293149        -0.30668        -0.34491       -0.292782       -0.281408 
      -0.280043       -0.286796       -0.275254       -0.288185       -0.302936        -0.29223       -0.282968        -0.28775       -0.293333 
      -0.288873       -0.287766       -0.269633       -0.273124       -0.297203       -0.274842       -0.230223       -0.210889       -0.254657 
      -0.248029       -0.213305       -0.258983       -0.279384       -0.274396       -0.265758          -0.324       -0.296631       -0.296631 
      -0.188929       -0.222043       -0.199534       -0.201611       -0.244067       -0.217316       -0.205229       -0.199581       -0.204653 
      -0.230514       -0.233566       -0.192081       -0.226864       -0.208142       -0.216334       -0.210326       -0.221397       -0.210901 
      -0.228923       -0.248651       -0.226641       -0.216081       -0.228161        -0.23242       -0.244041       -0.259747          -0.224 
      -0.210348       -0.221949       -0.211403       -0.184926       -0.186509       -0.204732       -0.235729       -0.227925       -0.255341 
      -0.243349       -0.228727        -0.21657       -0.220144       -0.236292       -0.244131       -0.238868       -0.220822       -0.220469 
      -0.247417       -0.221366       -0.201532       -0.222333       -0.197997       -0.210717       -0.238075       -0.205241       -0.215358 
      -0.228774       -0.216652       -0.222468       -0.220389       -0.215369        -0.20475         -0.2288       -0.216655       -0.212611 
      -0.178157       -0.204373       -0.198773        -0.20763       -0.214475       -0.206635       -0.197125       -0.213058       -0.201053 
      -0.220012       -0.222108       -0.231206       -0.200912       -0.233938       -0.210832       -0.200943       -0.206144       -0.238804 
      -0.224275       -0.231455       -0.246809       -0.244767       -0.264619       -0.216276       -0.277688       -0.219906       -0.219906 

bb.hodotdc.timewalk1map = 
              0               0               0               0               0               0               0               0               0 
              0               0               0               0               0               0               0               0               0 
              0               0               0               0               0               0               0               0               0 
              0               0               0               0               0               0               0               0               0 
              0               0               0               0               0               0               0               0               0 
              0               0               0               0               0               0               0               0               0 
              0               0               0               0               0               0               0               0               0 
              0               0               0               0               0               0               0               0               0 
              0               0               0               0               0               0               0               0               0 
              0               0               0               0               0               0               0               0               0 
              0               0               0               0               0               0               0               0               0 
              0               0               0               0               0               0               0               0               0 
              0               0               0               0               0               0               0               0               0 
              0               0               0               0               0               0               0               0               0 
              0               0               0               0               0               0               0               0               0 
              0               0               0               0               0               0               0               0               0 
              0               0               0               0               0               0               0               0               0 
              0               0               0               0               0               0               0               0               0 
              0               0               0               0               0               0               0               0               0 
              0               0               0               0               0               0               0               0               0 

bb.hodotdc.vscint = 
       0.135355        0.138498        0.136836        0.137306         0.14067        0.132653        0.138532        0.124974         0.12397 
       0.142999        0.138653        0.135495        0.135174        0.137514        0.145713        0.139721        0.141799        0.137401 
       0.140743        0.138435        0.139038        0.138041        0.140887        0.141803        0.137551        0.138058        0.140728 
       0.138915        0.144123        0.144583       0.0835778        0.144088        0.142374        0.135876        0.139043        0.134062 
       0.135698        0.135558        0.138214        0.135267         0.14141        0.141552        0.137484        0.138146        0.140787 
       0.139575        0.135134         0.13594        0.133562        0.132612         0.13173        0.136581        0.134832         0.13284 
       0.136789        0.133256        0.134287        0.137663        0.137576        0.134216        0.134691        0.139607        0.137412 
        0.13582        0.140238        0.137201        0.136338        0.135524        0.137979        0.135626        0.138615        0.133067 
       0.140822        0.140009        0.142874        0.141066        0.134682        0.140779         0.13653        0.134451        0.140414 
       0.135849         0.13765        0.136384        0.136193        0.146002        0.145955        0.139984        0.137455        0.137455 

bb.hodotdc.meantime_offset = 
         2.4155         2.79772          2.6869          1.9349         2.72187         1.69809         1.65758         1.59036        0.909475 
        1.71158        0.353875         0.70347         1.20439      -0.0677161        0.335648        0.159802        0.368935         0.84466 
       0.404136        0.264452         0.11887       0.0241365        0.508807        0.719226         1.29591          1.1642         1.32203 
        1.25986         1.09755         1.56469        -4.57756        0.728637       -0.507466        -1.05883       -0.560738       -0.789775 
      -0.192827          -0.902       -0.362344        0.180848       -0.070995        0.024358       -0.605563       0.0203565      -0.0385245 
       0.049945       -0.191257        0.192705      -0.0530307        -1.02375        -0.61687       -0.804595        -1.46742       -0.797906 
      -0.276208        -1.00927       -0.643669        -1.27593        -1.79332         -1.5379       -0.492427       -0.269818        -0.33632 
         0.4406        0.196823        0.143608        0.549332        0.330484        0.374124        0.962064         1.31855         1.76024 
        2.47034         3.44402         2.40684         2.32572         2.18151         1.79914        0.613909         1.37371         2.25355 
        3.41564         2.94021         4.78035         4.27785         5.16796         5.41457         5.62346         4.14293         4.14293 

bb.hodotdc.rf_offset = 
       -1.20467        -1.34633        -1.36767        -1.37017        -1.35309        -1.31898        -1.30084        -1.42198        -1.34637 
       -1.13416        -1.19203        -1.09468        -1.01366       -0.900318       -0.889442       -0.761942         -0.7517       -0.843683 
      -0.883565       -0.945018         -0.9674        -0.85366       -0.949044       -0.945361       -0.833381       -0.763072       -0.719032 
      -0.695729        -0.68728       -0.690474       -0.396794       -0.619844       -0.710908       -0.705107       -0.835097       -0.897262 
      -0.713414       -0.807703       -0.778812       -0.745992       -0.733745       -0.773657        -0.76226       -0.767073        -0.73606 
       -0.72109       -0.658967       -0.633646       -0.591945       -0.727391       -0.700236       -0.796598       -0.721186       -0.651095 
      -0.715149       -0.643433       -0.591166       -0.546507       -0.532795       -0.520873        -0.48058       -0.396858       -0.345662 
      -0.289945       -0.322841       -0.310695       -0.401775       -0.383696       -0.430053       -0.452706       -0.428504       -0.458825 
      -0.512456       -0.421333       -0.366021       -0.267745       -0.358096       -0.311734        -0.12652       -0.040433       -0.023821 
      -0.106108        0.132265       -0.106108       -0.106108       -0.106108       -0.106108       -0.106108       -0.106108       -0.106108 

bb.hodotdc.tdiffoffset = 
              0               0               0               0               0               0               0               0               0 
              0               0               0               0               0               0               0               0               0 
              0               0               0               0               0               0               0               0               0 
              0               0               0               0               0               0               0               0               0 
              0               0               0               0               0               0               0               0               0 
              0               0               0               0               0               0               0               0               0 
              0               0               0               0               0               0               0               0               0 
              0               0               0               0               0               0               0               0               0 
              0               0               0               0               0               0               0               0               0 
              0               0               0               0               0               0               0               0               0 

-------[ 2022-10-24 07:38:00 ] # GEN2 -> set 4: 2199 - 2249
bb.hodotdc.trigtime_central = 349.0
bb.hodotdc.timewalk0map = 
      -0.283469       -0.293198       -0.264658        -0.27596       -0.249884       -0.265814       -0.274356       -0.257099       -0.266199 
      -0.250346       -0.239706       -0.262014       -0.283567       -0.273069       -0.260839       -0.260127        -0.26658       -0.285021 
       -0.25802       -0.299069       -0.281248       -0.286727       -0.276856       -0.260743       -0.307735       -0.279793       -0.281019 
      -0.293229       -0.286457       -0.291202      -0.0835634       -0.270849       -0.271521       -0.293395       -0.290483       -0.324774 
      -0.309626       -0.320559       -0.295094       -0.343445       -0.289292       -0.311886       -0.335904       -0.313049       -0.286166 
      -0.318395         -0.3159       -0.302252       -0.292017       -0.284384       -0.327396       -0.303722       -0.297354        -0.31166 
      -0.293527       -0.290879       -0.298282       -0.303633        -0.28902       -0.302836       -0.339606       -0.287092       -0.276459 
      -0.277309       -0.283428       -0.271746       -0.286434       -0.301667       -0.287295       -0.282114       -0.285602       -0.289222 
      -0.282791       -0.282283       -0.267276       -0.268848       -0.292088       -0.276859       -0.231518       -0.212838       -0.258008 
      -0.247866       -0.214455       -0.265347        -0.28229       -0.307585       -0.285212       -0.349377       -0.294864       -0.294864 
      -0.189499       -0.222749       -0.200247       -0.202532       -0.236803        -0.21255       -0.205734       -0.198658       -0.203318 
       -0.22925         -0.2305       -0.192096       -0.223101       -0.205368       -0.215152       -0.208782       -0.220772       -0.208017 
      -0.226803       -0.246644       -0.222849       -0.215977       -0.224465       -0.230759       -0.244144       -0.257852       -0.220768 
      -0.209066       -0.220843       -0.209864       -0.177025       -0.183555       -0.200019       -0.231938       -0.225611       -0.254701 
      -0.242126       -0.228285       -0.212878       -0.219526       -0.233444       -0.241265       -0.237797       -0.218227       -0.218907 
      -0.245953       -0.218856       -0.199899       -0.219237       -0.196821       -0.210372       -0.236363       -0.203909       -0.213763 
      -0.227857       -0.215919       -0.221128       -0.220623       -0.213699       -0.203342       -0.226414       -0.214352       -0.209892 
      -0.177454        -0.20337       -0.195743       -0.205964       -0.213861       -0.203176       -0.196133       -0.210394       -0.197576 
      -0.214598       -0.216678       -0.229993       -0.197135        -0.22911       -0.209848       -0.198977       -0.206402        -0.24013 
      -0.221206       -0.229089       -0.248356       -0.245035       -0.290143       -0.236059       -0.293772       -0.218037       -0.218037 

bb.hodotdc.timewalk1map = 
              0               0               0               0               0               0               0               0               0 
              0               0               0               0               0               0               0               0               0 
              0               0               0               0               0               0               0               0               0 
              0               0               0               0               0               0               0               0               0 
              0               0               0               0               0               0               0               0               0 
              0               0               0               0               0               0               0               0               0 
              0               0               0               0               0               0               0               0               0 
              0               0               0               0               0               0               0               0               0 
              0               0               0               0               0               0               0               0               0 
              0               0               0               0               0               0               0               0               0 
              0               0               0               0               0               0               0               0               0 
              0               0               0               0               0               0               0               0               0 
              0               0               0               0               0               0               0               0               0 
              0               0               0               0               0               0               0               0               0 
              0               0               0               0               0               0               0               0               0 
              0               0               0               0               0               0               0               0               0 
              0               0               0               0               0               0               0               0               0 
              0               0               0               0               0               0               0               0               0 
              0               0               0               0               0               0               0               0               0 
              0               0               0               0               0               0               0               0               0 

bb.hodotdc.vscint = 
       0.135931         0.14218         0.13757        0.139865        0.140674        0.133018        0.140588        0.126798        0.123618 
        0.14413        0.138214        0.137468        0.136193        0.137625        0.147035        0.141153        0.142431        0.138441 
       0.142088         0.13908        0.138217         0.13829        0.140343        0.142395        0.137506        0.136517        0.143659 
       0.141845        0.147297        0.147008       0.0863281        0.146254        0.142758         0.13638        0.138675        0.134548 
       0.136077        0.136887        0.139012        0.136565        0.142439        0.143163        0.139885        0.138959        0.141912 
       0.141458        0.136423        0.136101        0.133699        0.133433        0.132588        0.137609        0.135505        0.134202 
       0.138033        0.135325        0.135391        0.138897        0.139089         0.13481        0.135154        0.141369        0.138654 
       0.136945        0.141075        0.137584        0.137146        0.136792        0.139286        0.136899        0.138699        0.134808 
       0.142257        0.140549        0.143309        0.140769        0.134164        0.138655         0.13524        0.133183        0.138065 
       0.134352        0.135924        0.137806        0.134579        0.147235        0.146646        0.146483        0.138335        0.138335 

bb.hodotdc.meantime_offset = 
        2.42293          2.7667         2.66928         1.88308         2.47403         1.56184         1.55477         1.49375        0.743808 
        1.63011        0.163459        0.615135         1.08579      -0.0676881        0.281624        0.140632        0.409276        0.764984 
       0.408501        0.276711       0.0236502       0.0704172        0.442523        0.742425         1.39524         1.19092         1.36999 
        1.36566         1.19965          1.6448        -4.71814        0.758099       -0.476574        -1.08851       -0.604707       -0.722755 
      -0.192151       -0.905712       -0.435905        0.258123       -0.116868       0.0138271       -0.567082      -0.0393297       -0.082863 
      0.0818665       -0.225393        0.124635      -0.0781601        -1.11119       -0.641258       -0.834712        -1.50417       -0.786099 
      -0.252695       -0.909099       -0.619504        -1.24316        -1.82164         -1.5708       -0.540212        -0.26878       -0.393399 
       0.425841        0.226912        0.051931        0.550244        0.372602        0.320224         1.01511         1.27926         1.79796 
        2.40183         3.38129         2.39667         2.29945         2.12041         1.79432         0.64578         1.41194         2.40911 
        3.38305         3.07963         5.08285         4.34243         5.74077         5.93226         5.86887         5.23939         5.23939 

bb.hodotdc.rf_offset = 
       -2.27558        -2.42543        -2.40904         -2.3929        -2.32246        -2.34094        -2.26398        -2.37762         -2.3235 
       -2.13906        -2.14612        -2.12005        -2.03223        -1.98322        -1.92647         -1.8507        -1.85009        -1.95057 
        -1.9824        -2.03694        -2.06029        -2.05881        -2.06057         -2.0151        -2.04231        -1.90494        -1.88975 
       -1.86517        -1.84633        -1.81499        -2.17769         -1.7566        -1.81681        -1.83235        -1.93943        -1.95521 
        -1.8149        -1.90624        -1.86158        -1.82988        -1.81428        -1.87347        -1.82982         -1.8513        -1.81009 
        -1.8046        -1.77496        -1.74277        -1.65984         -1.8065        -1.82205        -1.84352        -1.86061        -1.79945 
       -1.87583         -1.7977        -1.74729        -1.72101        -1.63622        -1.62786        -1.55695         -1.4857        -1.44921 
       -1.43111        -1.44898        -1.43517        -1.52587        -1.53198        -1.55167        -1.57772        -1.51829        -1.56775 
       -1.55395        -1.47928        -1.50413        -1.42909        -1.46072        -1.40204        -1.31398        -1.21351        -1.13396 
       -1.13373        -1.13373        -1.37387        -1.37387        -1.37387        -1.37387        -1.37387        -1.37387        -1.37387 

bb.hodotdc.tdiffoffset = 
              0               0               0               0               0               0               0               0               0 
              0               0               0               0               0               0               0               0               0 
              0               0               0               0               0               0               0               0               0 
              0               0               0               0               0               0               0               0               0 
              0               0               0               0               0               0               0               0               0 
              0               0               0               0               0               0               0               0               0 
              0               0               0               0               0               0               0               0               0 
              0               0               0               0               0               0               0               0               0 
              0               0               0               0               0               0               0               0               0 
              0               0               0               0               0               0               0               0               0 

-------[ 2022-10-26 16:20:00 ] # GEN2 -> set 5: 2250 - 2276
bb.hodotdc.trigtime_central = 349.0
bb.hodotdc.timewalk0map = 
      -0.294425       -0.324193       -0.278416       -0.292184       -0.261743       -0.281242       -0.280205       -0.240575       -0.256769 
      -0.255103       -0.244787       -0.268722       -0.291483        -0.28433       -0.269862       -0.269692       -0.274177       -0.300965 
      -0.266234       -0.306715       -0.290917       -0.294356       -0.283411       -0.268883       -0.316001       -0.282107       -0.284522 
      -0.300864       -0.291367       -0.299013      -0.0862688       -0.275323       -0.277526       -0.301542       -0.296261       -0.326288 
      -0.312548       -0.326003       -0.304041       -0.347289       -0.295202        -0.31779       -0.340166         -0.3209       -0.291774 
      -0.323808       -0.325554       -0.310677       -0.296385       -0.288991       -0.330608       -0.306051       -0.302062       -0.317389 
      -0.300655       -0.296187       -0.304313       -0.307823       -0.294633       -0.307756       -0.344619       -0.292144       -0.284067 
      -0.282111       -0.288784       -0.279259       -0.293143       -0.306392       -0.294371       -0.286338       -0.295045       -0.298404 
       -0.29516       -0.299341       -0.275522       -0.277722       -0.303665       -0.281382       -0.237174        -0.21471       -0.250334 
      -0.250691       -0.213946       -0.261794       -0.278465        -0.30144        -0.30144        -0.30144        -0.30144        -0.30144 
       -0.19408       -0.248918       -0.212371       -0.215945       -0.249055       -0.226723       -0.210291       -0.195799       -0.201003 
      -0.232905       -0.237345        -0.19651       -0.230693       -0.214275       -0.222107        -0.21674       -0.226446       -0.220485 
      -0.234949       -0.252589       -0.232647       -0.222163       -0.230192       -0.238062       -0.251527       -0.262987       -0.224765 
      -0.215049       -0.225918       -0.217026        -0.17769       -0.187284       -0.208633       -0.240043        -0.23188       -0.256947 
      -0.245592       -0.232639       -0.221225       -0.221385       -0.240789       -0.247315       -0.240235       -0.224384       -0.224584 
      -0.250236       -0.227529       -0.207589       -0.224337       -0.200632       -0.211561       -0.238374       -0.207352       -0.218226 
      -0.234484        -0.21915       -0.225503        -0.22248       -0.217156        -0.20601       -0.228013       -0.218959       -0.215355 
      -0.180164       -0.205778       -0.202723       -0.212301       -0.217552       -0.208043       -0.199375       -0.220053       -0.206394 
      -0.225658       -0.233084       -0.237788       -0.205721       -0.241105       -0.213794       -0.206382       -0.210485       -0.235461 
      -0.227665       -0.233596       -0.252777       -0.238159       -0.223697       -0.223697       -0.223697       -0.223697       -0.223697 

bb.hodotdc.timewalk1map = 
              0               0               0               0               0               0               0               0               0 
              0               0               0               0               0               0               0               0               0 
              0               0               0               0               0               0               0               0               0 
              0               0               0               0               0               0               0               0               0 
              0               0               0               0               0               0               0               0               0 
              0               0               0               0               0               0               0               0               0 
              0               0               0               0               0               0               0               0               0 
              0               0               0               0               0               0               0               0               0 
              0               0               0               0               0               0               0               0               0 
              0               0               0               0               0               0               0               0               0 
              0               0               0               0               0               0               0               0               0 
              0               0               0               0               0               0               0               0               0 
              0               0               0               0               0               0               0               0               0 
              0               0               0               0               0               0               0               0               0 
              0               0               0               0               0               0               0               0               0 
              0               0               0               0               0               0               0               0               0 
              0               0               0               0               0               0               0               0               0 
              0               0               0               0               0               0               0               0               0 
              0               0               0               0               0               0               0               0               0 
              0               0               0               0               0               0               0               0               0 

bb.hodotdc.vscint = 
       0.134921        0.145086        0.138474        0.140158        0.142493        0.135088        0.141435          0.1233        0.120956 
         0.1444        0.139628        0.138188        0.137278          0.1391        0.146467         0.14194        0.142612        0.138921 
       0.143782        0.139921        0.139063        0.138481        0.141549        0.142842        0.138153        0.136214        0.141663 
       0.140189        0.146571        0.146315       0.0848575        0.146156        0.142292        0.136896        0.138739        0.134453 
       0.136612        0.137873        0.139932        0.136404        0.144299        0.144407        0.140492        0.140207        0.142842 
       0.142138        0.137478        0.137394        0.133919        0.134573        0.132466        0.137513        0.135976        0.134898 
        0.13905        0.135092        0.135453        0.138727        0.139461        0.135841        0.135205        0.141902        0.138618 
       0.136728        0.141108        0.138699        0.138131        0.137039        0.139494        0.137237        0.140316        0.135903 
       0.142956        0.142024        0.144771        0.143288         0.13642        0.138118        0.136245        0.134125        0.138178 
       0.133678        0.136782        0.140737        0.132966        0.138906        0.138906        0.138906        0.138906        0.138906 

bb.hodotdc.meantime_offset = 
        2.41528         3.17439         2.80299         2.05622         2.64491         1.74082         1.53593        0.482208       -0.138131 
        1.55097        0.234072        0.609944         1.08045      -0.0213774        0.330142        0.203855        0.423538         1.00552 
       0.538501        0.299516        0.155057       0.0873861        0.510449        0.749798         1.41851         1.15019         1.33162 
        1.38587           1.163         1.65811        -4.67081        0.827224       -0.431935       -0.948408       -0.511075       -0.802851 
      -0.189311        -0.82411       -0.238555        0.246613       0.0564436        0.159527       -0.509355        0.121767       0.0538467 
       0.132341       -0.051377        0.288638      0.00460674       -0.967702       -0.621083        -0.83255        -1.42681       -0.701707 
      -0.122827       -0.875264       -0.504874        -1.17525        -1.67298        -1.40365       -0.428172       -0.160132       -0.179499 
       0.565713        0.340112        0.347546        0.763375        0.525924        0.525626         1.15866         1.64066         2.02944 
        2.73064          3.8429          2.7069         2.61207         2.46253         1.86351         0.83804         1.48329         2.25064 
        3.40117         3.14431         5.00252         4.54084         4.62021         4.62021         4.62021         4.62021         4.62021 

bb.hodotdc.rf_offset = 
       -1.01343        -1.23256        -1.11902        -1.11403        -1.06143        -1.20961       -0.904743        -1.11391        -1.08342 
      -0.734989       -0.832502       -0.767682       -0.637875       -0.661682       -0.602752       -0.508384       -0.532992        -0.70018 
      -0.712816       -0.724802       -0.736281       -0.756969       -0.774864        -0.71541       -0.758379       -0.644945       -0.539614 
      -0.549027       -0.512874       -0.536641       -0.573146        -0.47853       -0.594512       -0.605648       -0.600721       -0.664638 
      -0.534241       -0.573589       -0.632305       -0.635221       -0.571494       -0.620813       -0.578878       -0.568404       -0.558589 
       -0.57235       -0.512411       -0.432879       -0.439702       -0.494532        -0.43165       -0.477408       -0.465471       -0.532705 
       -0.59686       -0.521944       -0.457677       -0.415667       -0.334604       -0.315732       -0.240993       -0.175451       -0.112809 
      -0.131766       -0.158413       -0.198454       -0.326243       -0.356544       -0.378864        -0.41168       -0.574779       -0.514808 
      -0.514808       -0.637451       -0.429432       -0.271735       -0.355971       -0.209592       -0.057527         0.17484         0.12894 
       0.193623        0.193623        0.193623        0.193623        0.193623        0.193623        0.193623        0.193623        0.193623 

bb.hodotdc.tdiffoffset = 
              0               0               0               0               0               0               0               0               0 
              0               0               0               0               0               0               0               0               0 
              0               0               0               0               0               0               0               0               0 
              0               0               0               0               0               0               0               0               0 
              0               0               0               0               0               0               0               0               0 
              0               0               0               0               0               0               0               0               0 
              0               0               0               0               0               0               0               0               0 
              0               0               0               0               0               0               0               0               0 
              0               0               0               0               0               0               0               0               0 
              0               0               0               0               0               0               0               0               0 

-------[ 2022-10-29 01:12:00 ] # GEN2 -> set 6: 2302 - 2323
bb.hodotdc.trigtime_central = 349.0
bb.hodotdc.timewalk0map = 
       -0.29473       -0.306217       -0.272462       -0.285079       -0.258534       -0.272892       -0.279485       -0.259976       -0.273645 
      -0.253829       -0.243211       -0.264917       -0.287041       -0.279986       -0.267121       -0.264604       -0.271166        -0.29722 
      -0.261485       -0.307316       -0.287138       -0.292711       -0.281138       -0.261968       -0.310604       -0.279389       -0.283359 
       -0.30085       -0.292937       -0.295253      -0.0806886       -0.274775        -0.27456       -0.298659       -0.293968       -0.326616 
      -0.311513       -0.325133       -0.302381       -0.346167       -0.292373       -0.317124       -0.338798       -0.317957       -0.289088 
      -0.322256       -0.322037       -0.306402       -0.294482       -0.287565        -0.33031       -0.305515       -0.299825       -0.315699 
      -0.296648       -0.295181       -0.301731       -0.306969       -0.291798       -0.306784       -0.343469       -0.289221       -0.281352 
      -0.279771       -0.287705       -0.276956       -0.288404        -0.30368       -0.294204       -0.283566       -0.288151       -0.292647 
      -0.295052       -0.289615       -0.271008       -0.271046       -0.296797       -0.279566       -0.225626       -0.208694       -0.251454 
      -0.248756       -0.201863       -0.252069        -0.28015       -0.283363       -0.298948       -0.298948       -0.298948       -0.298948 
      -0.191282       -0.229373       -0.205621       -0.205989       -0.245625       -0.217813       -0.208073       -0.196978       -0.205262 
      -0.228647       -0.234608       -0.189545        -0.22316       -0.206938       -0.217838       -0.208689       -0.222139       -0.214847 
      -0.229163       -0.251029         -0.2271        -0.21876        -0.22876       -0.230358       -0.245337       -0.260717       -0.221717 
      -0.211219       -0.226204       -0.211236       -0.171441       -0.186033       -0.206299       -0.236131        -0.22815       -0.256497 
      -0.244424       -0.229918       -0.217846       -0.218792       -0.236303       -0.244296       -0.237095       -0.219716       -0.220262 
      -0.246486       -0.220839       -0.201503       -0.222299       -0.197338       -0.209782       -0.237566       -0.204611       -0.215244 
      -0.230659       -0.217117       -0.222354         -0.2207       -0.213487       -0.203343       -0.225979       -0.214541       -0.212252 
      -0.177438       -0.202837       -0.200896       -0.207952       -0.214963       -0.207061       -0.196699       -0.213129       -0.202603 
      -0.226298       -0.224992       -0.232648       -0.199884       -0.233434       -0.211912       -0.194069       -0.205282       -0.236302 
      -0.227846       -0.223661       -0.244537       -0.250301       -0.274021       -0.220369       -0.220369       -0.220369       -0.220369 

bb.hodotdc.timewalk1map = 
              0               0               0               0               0               0               0               0               0 
              0               0               0               0               0               0               0               0               0 
              0               0               0               0               0               0               0               0               0 
              0               0               0               0               0               0               0               0               0 
              0               0               0               0               0               0               0               0               0 
              0               0               0               0               0               0               0               0               0 
              0               0               0               0               0               0               0               0               0 
              0               0               0               0               0               0               0               0               0 
              0               0               0               0               0               0               0               0               0 
              0               0               0               0               0               0               0               0               0 
              0               0               0               0               0               0               0               0               0 
              0               0               0               0               0               0               0               0               0 
              0               0               0               0               0               0               0               0               0 
              0               0               0               0               0               0               0               0               0 
              0               0               0               0               0               0               0               0               0 
              0               0               0               0               0               0               0               0               0 
              0               0               0               0               0               0               0               0               0 
              0               0               0               0               0               0               0               0               0 
              0               0               0               0               0               0               0               0               0 
              0               0               0               0               0               0               0               0               0 

bb.hodotdc.vscint = 
       0.134263        0.140518        0.136959        0.138287        0.141433        0.133097        0.141087        0.123413        0.122531 
       0.143201        0.138851        0.137323        0.135659        0.137787         0.14703        0.140553        0.141792         0.13733 
       0.142366         0.13945        0.138041        0.137694        0.141666         0.14273        0.137951        0.136548        0.141807 
       0.138609        0.146383        0.146422       0.0821479        0.144931        0.143224        0.136404        0.138959        0.134664 
       0.136398        0.137602        0.139309         0.13641         0.14376        0.144169        0.140088         0.14009        0.142366 
       0.141594        0.137298        0.137127        0.134374        0.133744        0.131824        0.137864        0.135937        0.134052 
       0.137979        0.134882        0.136304         0.13947        0.139749        0.134992        0.136182        0.140331        0.138253 
       0.136533        0.141093        0.138397        0.138413        0.137636         0.13928        0.136356        0.140292         0.13436 
       0.144373        0.142372        0.144798        0.141951        0.134765        0.137424        0.132547        0.133432        0.137044 
       0.137698        0.135286        0.144498        0.143212         0.13922        0.138612        0.138612        0.138612        0.138612 

bb.hodotdc.meantime_offset = 
        2.31905         2.82427         2.65507          1.8409         2.56327          1.5282         1.51395         1.30779        0.719695 
        1.49315        0.224461        0.572501        0.972519       -0.163898        0.292441        0.072614        0.340042        0.933551 
       0.401025        0.248263        0.109349      -0.0188806        0.423847        0.544667         1.26559         1.02317         1.19868 
        1.23058         1.05526         1.40055        -4.49194        0.818252       -0.491325        -1.03538       -0.554745       -0.841537 
      -0.288905       -0.898034       -0.333095         0.11354      -0.0540959       0.0758786       -0.592997       0.0345604      -0.0317826 
      0.0284183       -0.122025         0.22182      -0.0819978       -0.998972       -0.664797       -0.883854        -1.46057       -0.849657 
      -0.246661        -1.01085       -0.595232        -1.22385        -1.78347        -1.51787       -0.561091       -0.377138       -0.358532 
        0.44705         0.16591        0.235311        0.587783        0.391829        0.459408        0.987636         1.35837         1.76073 
        2.64195         3.52989         2.46125         2.30712         2.07974         1.67447         0.33901         1.18065         1.85288 
        3.20039         2.64759         4.46885         4.10369         5.03351         5.03063         5.03063         5.03063         5.03063 

bb.hodotdc.rf_offset = 
       -2.09332        -2.24292        -2.21771        -2.18919        -2.10413        -2.22351        -2.06098        -2.22943        -2.15971 
       -1.92395        -2.02607        -1.96504        -1.82306        -1.82802        -1.77077        -1.70546        -1.73559        -1.86342 
       -1.81728        -1.94598         -1.9882        -1.81154        -1.87056        -1.84896        -1.87575        -1.69237        -1.63029 
       -1.62662        -1.60985        -1.52545        -1.67398        -1.67398        -1.75881        -1.69761        -1.79493        -1.86386 
       -1.56311        -1.79016        -1.76368        -1.69809        -1.63491        -1.75998         -1.7074          -1.702        -1.69263 
       -1.69068        -1.65914        -1.61157        -1.55962        -1.68679        -1.61871        -1.70568        -1.67559        -1.60002 
       -1.66802        -1.65402        -1.56566        -1.54826        -1.40454        -1.43756        -1.26649        -1.26802        -1.19452 
       -1.21183        -1.28024        -1.24704        -1.37881        -1.40538        -1.44281        -1.46522        -1.43164        -1.48187 
       -1.61635        -1.45158        -1.28778        -1.19802        -1.21029         -1.2484       -0.945677       -0.844571       -0.714378 
      -0.867034       -0.749499       -0.575995       -0.575995       -0.575995       -0.575995       -0.575995       -0.575995       -0.575995 

bb.hodotdc.tdiffoffset = 
              0               0               0               0               0               0               0               0               0 
              0               0               0               0               0               0               0               0               0 
              0               0               0               0               0               0               0               0               0 
              0               0               0               0               0               0               0               0               0 
              0               0               0               0               0               0               0               0               0 
              0               0               0               0               0               0               0               0               0 
              0               0               0               0               0               0               0               0               0 
              0               0               0               0               0               0               0               0               0 
              0               0               0               0               0               0               0               0               0 
              0               0               0               0               0               0               0               0               0 

########################################################
########################################################

############               GEN3             ############

########################################################
########################################################
-------[ 2022-11-10 00:00:00 ] # Beginning of GEN3 -> set1: 2506 - 2587
bb.hodotdc.trigtime_central = 347.0
bb.hodotdc.timewalk0map = 
      -0.288223       -0.236739       -0.244712       -0.266733       -0.233385       -0.257123       -0.304975       -0.262073        -0.26832 
      -0.249689       -0.227714       -0.258223       -0.273272       -0.266102       -0.255644       -0.257083       -0.246201       -0.275783 
      -0.247126       -0.287806       -0.266498       -0.271415       -0.273542       -0.255107       -0.285047       -0.265761       -0.268745 
      -0.287342       -0.278728       -0.281906       -0.143032       -0.265837       -0.268113       -0.280333       -0.275644       -0.323175 
      -0.300873       -0.309172       -0.292022       -0.341781       -0.280955       -0.303821       -0.330698       -0.296933       -0.276222 
      -0.317465       -0.313166       -0.292472       -0.289329       -0.275624       -0.319013       -0.301776       -0.290447       -0.302704 
       -0.30013       -0.287435       -0.287778       -0.294839       -0.278297        -0.28966       -0.334893       -0.282212       -0.266959 
      -0.269801       -0.269011       -0.239886       -0.266009       -0.285528       -0.269848       -0.266891       -0.264586       -0.287698 
      -0.256257       -0.257913       -0.244219       -0.247884       -0.277855        -0.27535       -0.224027       -0.213876       -0.252462 
      -0.246955       -0.216177       -0.236826       -0.300298       -0.305868       -0.287261       -0.287261       -0.287261       -0.287261 
      -0.169374       -0.171298       -0.176091       -0.178825       -0.187223       -0.188655       -0.243265       -0.198431       -0.198905 
      -0.224826       -0.215495       -0.182542       -0.208268       -0.194173        -0.20504       -0.201618       -0.195126        -0.19313 
      -0.214503        -0.23244        -0.20351       -0.199056       -0.218102       -0.224862       -0.220639       -0.238548       -0.206478 
      -0.195298       -0.212099       -0.200478       -0.187555       -0.178768       -0.195148       -0.215338       -0.210946       -0.252259 
      -0.231351       -0.217063       -0.209425       -0.213926       -0.225702       -0.233403       -0.228212       -0.200705       -0.206423 
      -0.242822       -0.211575       -0.186019       -0.212315       -0.182753       -0.195127       -0.229139       -0.189549       -0.200137 
      -0.230109       -0.208918       -0.207558       -0.205786        -0.20006       -0.188976       -0.218755        -0.20619       -0.196762 
      -0.165558       -0.183791       -0.160769       -0.183393       -0.194756       -0.181114       -0.179284       -0.189476       -0.192623 
       -0.18594       -0.190354       -0.207768       -0.179683       -0.218457       -0.208088       -0.191104       -0.207462       -0.233316 
      -0.218525        -0.22892       -0.219925       -0.254886       -0.298787       -0.207601       -0.207601       -0.207601       -0.207601 

bb.hodotdc.timewalk1map = 
              0               0               0               0               0               0               0               0               0 
              0               0               0               0               0               0               0               0               0 
              0               0               0               0               0               0               0               0               0 
              0               0               0               0               0               0               0               0               0 
              0               0               0               0               0               0               0               0               0 
              0               0               0               0               0               0               0               0               0 
              0               0               0               0               0               0               0               0               0 
              0               0               0               0               0               0               0               0               0 
              0               0               0               0               0               0               0               0               0 
              0               0               0               0               0               0               0               0               0 
              0               0               0               0               0               0               0               0               0 
              0               0               0               0               0               0               0               0               0 
              0               0               0               0               0               0               0               0               0 
              0               0               0               0               0               0               0               0               0 
              0               0               0               0               0               0               0               0               0 
              0               0               0               0               0               0               0               0               0 
              0               0               0               0               0               0               0               0               0 
              0               0               0               0               0               0               0               0               0 
              0               0               0               0               0               0               0               0               0 
              0               0               0               0               0               0               0               0               0 

bb.hodotdc.vscint = 
       0.127136        0.132957          0.1322        0.137248        0.136132        0.130859        0.141647        0.131688        0.130825 
       0.148903        0.142601        0.144002        0.134064        0.133721        0.144426        0.140122        0.142266        0.140879 
       0.145612        0.142072        0.140471        0.141356        0.143883        0.146581        0.141125        0.144266        0.144341 
       0.144105        0.146028        0.144416       0.0855689        0.142759        0.142338         0.13766         0.14076        0.138215 
       0.139679        0.140349        0.142065         0.14068        0.145093        0.145722        0.144451        0.141881        0.143543 
       0.144665        0.138837         0.13767        0.136101        0.136274         0.13404        0.138718        0.137078        0.136643 
       0.140872        0.137164        0.137304        0.141398        0.142167        0.137888        0.139187        0.144232        0.140032 
        0.13834        0.142123        0.139254        0.139447        0.140531        0.143742         0.14096        0.145312        0.135975 
       0.136649         0.13604        0.139138        0.136016         0.12667        0.128528        0.127487        0.130956        0.136081 
       0.126592        0.134082        0.139287        0.127323        0.140338        0.140589        0.140589        0.140589        0.140589 

bb.hodotdc.meantime_offset = 
         2.8196         2.28927          2.8774         2.10618         2.52703          1.8291         2.62806         2.25967         1.49853 
        2.27083        0.590594         1.19574          1.3719        0.171701        0.593567        0.494071         0.42242         1.05881 
       0.693814        0.483033        0.172927        0.128196        0.729103         1.03502         1.40546         1.39459         1.54732 
        1.61402         1.30254         1.68732        -3.56839         0.88236       -0.365089        -1.11755       -0.641538       -0.522704 
      -0.143929       -0.904104         -0.3418        0.397748      -0.0867424       0.0630947       -0.462021       -0.131363       -0.113797 
       0.224525       -0.182947       0.0657997     -0.00407083        -1.14738       -0.744578       -0.843033        -1.57532       -0.892544 
      -0.121007       -0.981425       -0.717054        -1.33429        -1.92648        -1.70284       -0.576535       -0.340915        -0.58299 
       0.265566        -0.08758       -0.482967        0.236766        0.116219       0.0407374        0.771757         1.00258         1.70764 
         1.8158          2.8617         1.93818         1.89925          1.7987         1.62824        0.429335         1.46881           2.171 
        3.22467         3.27152           4.579         4.51945         5.88372         5.72492         5.72492         5.72492         5.72492 

bb.hodotdc.rf_offset = 
       0.469751        0.366208        0.401129        0.523437        0.557396        0.393456        0.663965        0.420392        0.480034 
        0.65385        0.676677        0.739076         0.87539        0.977887        0.974866         1.05604         1.05234         1.00161 
       0.990037        0.976837        0.922917         1.03955        0.993274         1.01892         1.04232          1.1455         1.15451 
        1.20802         1.28317          1.3131         1.01403         1.38786         1.31541         1.32086         1.25836         1.22057 
        1.36177         1.30145         1.36622         1.35155         1.40058         1.32576         1.36287         1.36352         1.41234 
        1.40821         1.47803         1.50055          1.5473         1.44588         1.45383         1.42549         1.45458         1.50359 
        1.46249         1.53398         1.55261         1.57794         1.65234          1.6677         1.77175         1.87109          1.8931 
        1.96462         1.91323          1.9113         1.82264         1.84155         1.80341         1.80229          1.8386         1.82678 
        1.84409         1.89009         1.89201         1.95777         1.91137         1.95579         2.01311         2.07365         2.24687 
        2.14314         1.89579         2.14314         2.14314         2.14314         2.14314         2.14314         2.14314         2.14314 

bb.hodotdc.tdiffoffset = 
              0               0               0               0               0               0               0               0               0 
              0               0               0               0               0               0               0               0               0 
              0               0               0               0               0               0               0               0               0 
              0               0               0               0               0               0               0               0               0 
              0               0               0               0               0               0               0               0               0 
              0               0               0               0               0               0               0               0               0 
              0               0               0               0               0               0               0               0               0 
              0               0               0               0               0               0               0               0               0 
              0               0               0               0               0               0               0               0               0 
              0               0               0               0               0               0               0               0               0 

-------[ 2022-11-16 09:10:00 ] # GEN3 -> set2: 2613 - 2699
bb.hodotdc.trigtime_central = 347.0
bb.hodotdc.timewalk0map = 
      -0.300697       -0.265361       -0.291126       -0.283265        -0.25908       -0.274767        -0.25484        -0.27183       -0.278333 
       -0.26238       -0.250396       -0.280174       -0.284875       -0.280546       -0.271118        -0.27448        -0.27272       -0.281219 
      -0.261717       -0.284123       -0.278199       -0.283915       -0.277253       -0.265245       -0.289014       -0.270303       -0.277844 
      -0.295283       -0.284559       -0.291384       -0.242758       -0.284673        -0.28048        -0.28541       -0.283605       -0.303222 
      -0.296252       -0.304043       -0.293518       -0.325378       -0.284342       -0.297159       -0.314091       -0.300565       -0.284752 
      -0.300724       -0.307064       -0.300393       -0.291683       -0.289702        -0.31487       -0.294258       -0.299156       -0.302837 
      -0.289037       -0.292284       -0.293741       -0.298083       -0.288694       -0.298699       -0.316837       -0.289848       -0.282515 
      -0.293624       -0.287978       -0.280018       -0.285494       -0.294801       -0.290691       -0.289368       -0.285265       -0.292078 
      -0.279647       -0.277546       -0.262491       -0.276576       -0.284042       -0.280851       -0.251205       -0.237531       -0.264013 
      -0.267673       -0.242708       -0.281875       -0.286419       -0.312534       -0.291126       -0.291126       -0.291126       -0.291126 
      -0.183347       -0.195727       -0.209515       -0.194175       -0.212473        -0.20324       -0.225483        -0.20451       -0.204503 
      -0.232498       -0.235826       -0.200572       -0.217725       -0.205302       -0.216487       -0.214605       -0.215768       -0.196674 
      -0.223193       -0.224416       -0.211316       -0.209128       -0.217014        -0.23007       -0.221536       -0.237584       -0.213179 
      -0.201036       -0.214416       -0.207512       -0.201149       -0.193445       -0.203742       -0.214581       -0.214056       -0.225883 
      -0.220598       -0.208988       -0.207388       -0.201208       -0.222012       -0.221181       -0.210892       -0.202594       -0.211521 
      -0.220674       -0.204176       -0.193359       -0.211422       -0.195131       -0.194836       -0.219758       -0.197866       -0.200771 
       -0.21606       -0.211002        -0.21062       -0.207156       -0.207652       -0.197886       -0.203178       -0.210976       -0.208722 
      -0.187929       -0.198793       -0.196344       -0.200343       -0.202141        -0.19878       -0.197408       -0.205444       -0.196622 
      -0.205375       -0.205975       -0.219208       -0.202456       -0.216671       -0.208236       -0.209606       -0.212541         -0.2285 
      -0.224035       -0.251264       -0.250929       -0.245124       -0.283555       -0.209515       -0.209515       -0.209515       -0.209515 

bb.hodotdc.timewalk1map = 
              0               0               0               0               0               0               0               0               0 
              0               0               0               0               0               0               0               0               0 
              0               0               0               0               0               0               0               0               0 
              0               0               0               0               0               0               0               0               0 
              0               0               0               0               0               0               0               0               0 
              0               0               0               0               0               0               0               0               0 
              0               0               0               0               0               0               0               0               0 
              0               0               0               0               0               0               0               0               0 
              0               0               0               0               0               0               0               0               0 
              0               0               0               0               0               0               0               0               0 
              0               0               0               0               0               0               0               0               0 
              0               0               0               0               0               0               0               0               0 
              0               0               0               0               0               0               0               0               0 
              0               0               0               0               0               0               0               0               0 
              0               0               0               0               0               0               0               0               0 
              0               0               0               0               0               0               0               0               0 
              0               0               0               0               0               0               0               0               0 
              0               0               0               0               0               0               0               0               0 
              0               0               0               0               0               0               0               0               0 
              0               0               0               0               0               0               0               0               0 

bb.hodotdc.vscint = 
       0.129166        0.144222        0.144448        0.143011        0.149127        0.140708        0.157697        0.141534        0.139177 
       0.155897        0.153355        0.147978         0.14347        0.142014        0.151008        0.146482        0.150254        0.145148 
       0.152362        0.147192        0.147384        0.147019         0.15059        0.150836        0.146325         0.14791        0.149897 
       0.145952        0.151018        0.148008        0.084254        0.146889        0.147551        0.143987        0.146702        0.140011 
       0.142625        0.141974        0.144794        0.137162        0.147575        0.148137         0.14362        0.144335        0.148283 
       0.145947        0.140167         0.14036        0.140674        0.140419         0.13375        0.143724        0.139388        0.138242 
       0.145164        0.142477        0.142847        0.144594        0.146691        0.140628        0.137554        0.148178        0.145595 
       0.140929        0.146304        0.146497        0.144544         0.14381        0.147589        0.145153        0.148931        0.139916 
       0.145499        0.145287         0.14987        0.146537        0.139069        0.142135        0.145045          0.1426        0.142618 
       0.136728        0.136425        0.129715        0.140352        0.156278        0.144448        0.144448        0.144448        0.144448 

bb.hodotdc.meantime_offset = 
        4.00745         3.88198         4.58878         1.72071         2.46544         1.57662         1.20074         1.87477         1.13653 
        1.85338        0.420721          0.9511         1.13383      -0.0153668        0.380946        0.336063         0.50148        0.770228 
       0.574025       0.0182408       0.0231681     -0.00333787        0.431577        0.811955         1.12287         1.10293         1.38943 
         1.3833         1.05463         1.48773        -2.09876        0.832124       -0.505506         -1.3752        -0.81312        -1.31148 
       -0.61656         -1.3803       -0.671923       -0.341809       -0.439552       -0.450496         -1.1471       -0.419606       -0.302129 
      -0.517313       -0.654118       -0.156991        -0.31028        -1.22744        -1.18789        -1.29427        -1.74832        -1.24141 
      -0.655865        -1.22141       -0.950264        -1.64865         -2.0756        -1.88429        -1.30115       -0.554857       -0.650002 
       0.288128      -0.0931817      -0.0963608        0.222076      -0.0908102       0.0441063        0.788039        0.970719         1.41594 
        1.92298         2.87108         1.91369         2.02354         1.52666         1.33703        0.500071         1.24215         1.76377 
        2.94913         2.80889         4.45024         3.46126         5.51941         4.58878         4.58878         4.58878         4.58878 

bb.hodotdc.rf_offset = 
     -0.0105811       -0.179962       -0.261069       -0.261069       -0.313249         -0.4388       -0.356913       -0.453341       -0.407803 
      -0.222428       -0.220842       -0.210756       -0.133991      -0.0584697      -0.0564702     -0.00635333      -0.0603522       -0.133472 
      -0.154163        -0.18693       -0.216789       -0.113457       -0.160416       -0.160492       -0.149684      -0.0631565      -0.0303677 
      0.0174493       0.0912896        0.118256        0.432763        0.210503        0.176739        0.151462        0.057878       0.0367772 
       0.183515         0.13533        0.187403        0.202181        0.264439         0.17795        0.193807         0.19347        0.234222 
       0.245145        0.287827        0.314786        0.381281        0.250092        0.279913         0.23817        0.237376        0.285436 
       0.283313        0.365961        0.379326        0.398361        0.491881        0.501968        0.612505        0.711956        0.736898 
       0.834087         0.72408        0.746117        0.673014        0.672353        0.652608         0.64017        0.677848        0.666544 
         0.6727        0.780553        0.794305        0.866754         0.86861        0.968291         1.14795         1.31171         1.30194 
        1.24315         1.01504         1.01504         1.01504        0.573146         1.01504         1.01504         1.01504         1.01504 

bb.hodotdc.tdiffoffset = 
              0               0               0               0               0               0               0               0               0 
              0               0               0               0               0               0               0               0               0 
              0               0               0               0               0               0               0               0               0 
              0               0               0               0               0               0               0               0               0 
              0               0               0               0               0               0               0               0               0 
              0               0               0               0               0               0               0               0               0 
              0               0               0               0               0               0               0               0               0 
              0               0               0               0               0               0               0               0               0 
              0               0               0               0               0               0               0               0               0 
              0               0               0               0               0               0               0               0               0 

-------[ 2022-11-20 02:38:00 ] # GEN3 -> set3: 2700 - 2770
bb.hodotdc.trigtime_central = 347.0
bb.hodotdc.timewalk0map = 
      -0.331462       -0.367959       -0.287432       -0.266684       -0.229404       -0.248789        -0.23883       -0.263801       -0.273405 
      -0.249749       -0.228346        -0.25844         -0.2826       -0.262333        -0.25841        -0.26342       -0.247746       -0.271378 
      -0.244538       -0.287359       -0.268866       -0.273104       -0.272523       -0.255019       -0.287807       -0.266493       -0.268577 
        -0.2872        -0.27965       -0.281394       -0.170413       -0.267807       -0.269823       -0.281139       -0.278614       -0.322641 
      -0.301999       -0.309027       -0.290451       -0.343452       -0.280124       -0.302587       -0.329601       -0.298802       -0.275573 
      -0.316367       -0.314336       -0.293274       -0.290318       -0.276803       -0.320118       -0.302809         -0.2886       -0.301219 
       -0.29712       -0.286548       -0.287896       -0.294456       -0.278094       -0.289692       -0.332083       -0.282324       -0.266463 
      -0.271964       -0.271435       -0.240533       -0.268198       -0.285505       -0.269273       -0.265934       -0.262106       -0.280206 
      -0.251221       -0.256798       -0.245201       -0.249208       -0.279359       -0.275196       -0.235976       -0.238811       -0.253853 
       -0.26114       -0.241416       -0.287432       -0.283223       -0.287432       -0.287432       -0.287432       -0.287432       -0.287432 
      -0.207409       -0.296214          -0.206       -0.178067       -0.185866       -0.178272       -0.219431       -0.201569       -0.201402 
      -0.224016       -0.217976       -0.180114       -0.216893       -0.189477       -0.207537       -0.207053       -0.194365       -0.187547 
      -0.210691       -0.231481       -0.204777       -0.199588       -0.216049       -0.224063       -0.222037        -0.23951       -0.205503 
      -0.192095       -0.211414       -0.197255       -0.213447       -0.179174       -0.194101       -0.213457       -0.211951       -0.249425 
      -0.229971       -0.214225       -0.205375       -0.212078       -0.222219       -0.230066       -0.224577       -0.199472       -0.204369 
       -0.23876       -0.209597       -0.183271        -0.21164       -0.181793       -0.194368       -0.229857       -0.186489       -0.197505 
      -0.226343       -0.206494       -0.205239       -0.204124       -0.198671       -0.187827       -0.214293       -0.205452       -0.195191 
      -0.166793       -0.181467       -0.159981       -0.183342        -0.19344        -0.17836       -0.176515       -0.185311        -0.18473 
       -0.18029       -0.187418        -0.20704        -0.17957       -0.217918       -0.206948       -0.202702       -0.231119       -0.230164 
      -0.225674       -0.264122          -0.206       -0.240219          -0.206          -0.206          -0.206          -0.206          -0.206 

bb.hodotdc.timewalk1map = 
              0               0               0               0               0               0               0               0               0 
              0               0               0               0               0               0               0               0               0 
              0               0               0               0               0               0               0               0               0 
              0               0               0               0               0               0               0               0               0 
              0               0               0               0               0               0               0               0               0 
              0               0               0               0               0               0               0               0               0 
              0               0               0               0               0               0               0               0               0 
              0               0               0               0               0               0               0               0               0 
              0               0               0               0               0               0               0               0               0 
              0               0               0               0               0               0               0               0               0 
              0               0               0               0               0               0               0               0               0 
              0               0               0               0               0               0               0               0               0 
              0               0               0               0               0               0               0               0               0 
              0               0               0               0               0               0               0               0               0 
              0               0               0               0               0               0               0               0               0 
              0               0               0               0               0               0               0               0               0 
              0               0               0               0               0               0               0               0               0 
              0               0               0               0               0               0               0               0               0 
              0               0               0               0               0               0               0               0               0 
              0               0               0               0               0               0               0               0               0 

bb.hodotdc.vscint = 
       0.132444        0.150351        0.140543        0.137299        0.136574        0.129301        0.144019        0.131785        0.128734 
       0.149147        0.144732        0.141077        0.133842        0.132904        0.144785        0.140011        0.142274        0.140439 
       0.145327        0.141302        0.139665        0.140186        0.143547        0.146374        0.141589        0.143962        0.144445 
       0.143195        0.146126        0.144432       0.0821222        0.143794        0.142019        0.137125        0.141069        0.137697 
       0.139287        0.140387        0.142573        0.139959        0.144148        0.146135        0.143699        0.142501        0.143827 
       0.144713        0.138095         0.13766        0.135771        0.136144        0.134206        0.139055        0.136601        0.136296 
        0.14092        0.137156        0.137821        0.141528        0.142158        0.137892         0.13904        0.144534         0.14087 
       0.139103        0.141861        0.139273        0.139892         0.14084        0.144419         0.14109        0.143019        0.135985 
         0.1372        0.136368        0.139055        0.136801        0.125262        0.129871         0.12993        0.132806         0.13139 
       0.128886        0.134444        0.140543        0.133508        0.140543        0.140543        0.140543        0.140543        0.140543 

bb.hodotdc.meantime_offset = 
      0.0885027         1.47205        0.581331         2.20954         2.56133         1.67787         1.47813         2.29483          1.5481 
        2.29445        0.669723         1.14806         1.60466        0.137166         0.69081        0.595615        0.427193        0.980211 
       0.611708        0.442711        0.167429        0.105765        0.654811        0.987712         1.43806         1.40726          1.5388 
        1.57281         1.28248         1.63369        -3.48242        0.907105       -0.380408        -1.15845       -0.610989       -0.595116 
      -0.157649       -0.945521       -0.377379        0.362859       -0.149196       0.0296199       -0.506442      -0.0944612       -0.117867 
       0.157502        -0.18782        0.062135     -0.00107132        -1.12331       -0.720552       -0.787978         -1.5688        -0.90853 
      -0.170387        -1.00113       -0.715002        -1.34552        -1.91842        -1.67458       -0.646775       -0.323998       -0.571324 
       0.339347         -0.0269       -0.426763        0.312191        0.141852       0.0865171        0.797044          0.9783         1.59931 
        1.75303         2.83732         1.98249         1.95081         1.80946         1.65883        0.668863         1.83478         2.16601 
        3.67671         3.71778        0.581331        0.768697        0.581331        0.581331        0.581331        0.581331        0.581331 

bb.hodotdc.rf_offset = 
       -1.08564        -1.08564        -1.08564        -1.08564         -1.0376        -1.08317       -0.984957        -1.10001         -1.0345 
      -0.903536       -0.889658       -0.824855       -0.735396       -0.646886       -0.597371       -0.485349       -0.493549       -0.523044 
      -0.526269       -0.545545       -0.569235       -0.469693       -0.500186        -0.49337       -0.484062       -0.392428       -0.362828 
      -0.317236       -0.225862       -0.222561       -0.143925       -0.143925       -0.186995       -0.173308       -0.262084       -0.282125 
      -0.157886       -0.205385       -0.159492       -0.166523      -0.0931039       -0.179585       -0.160512       -0.168275       -0.125369 
      -0.106404      -0.0548322      -0.0455893       0.0113786       -0.101051       -0.103473       -0.147078       -0.136331      -0.0670878 
     -0.0550392      -0.0053458     -0.00766142       0.0321554        0.116786        0.111164         0.26403        0.311387        0.352959 
       0.399961        0.324131        0.334728        0.240449         0.27675        0.234923          0.2233        0.264489        0.272305 
       0.305322        0.357508          0.3145        0.397153        0.355436        0.390622        0.501086        0.680583        0.646059 
       0.316618        0.132265        0.316618        0.316618        0.316618        0.316618        0.316618        0.316618        0.316618 

bb.hodotdc.tdiffoffset = 
              0               0               0               0               0               0               0               0               0 
              0               0               0               0               0               0               0               0               0 
              0               0               0               0               0               0               0               0               0 
              0               0               0               0               0               0               0               0               0 
              0               0               0               0               0               0               0               0               0 
              0               0               0               0               0               0               0               0               0 
              0               0               0               0               0               0               0               0               0 
              0               0               0               0               0               0               0               0               0 
              0               0               0               0               0               0               0               0               0 
              0               0               0               0               0               0               0               0               0 

-------[ 2022-12-01 08:45:00 ] # GEN3 -> set4: 2959 - 3093
bb.hodotdc.trigtime_central = 347.0
bb.hodotdc.timewalk0map = 
      -0.285295       -0.285295       -0.285295       -0.285295       -0.285295       -0.285295       -0.285295       -0.285295       -0.285295 
      -0.285295       -0.285295       -0.285295       -0.285295       -0.285295       -0.285295       -0.285295       -0.248812       -0.279696 
      -0.246624        -0.28724       -0.266343        -0.25966       -0.273635       -0.254563       -0.282445       -0.264677       -0.267023 
      -0.274585       -0.279042       -0.277399       -0.230141       -0.268504       -0.270136       -0.278675       -0.274561       -0.319582 
      -0.295276       -0.305912        -0.29047       -0.343224       -0.277541       -0.298231       -0.328325       -0.294278       -0.272843 
      -0.315307       -0.310587       -0.292463        -0.28796       -0.276901       -0.318243        -0.30106       -0.291465       -0.299885 
      -0.297083       -0.285888       -0.282975       -0.291646       -0.276738       -0.289438       -0.330777       -0.280426       -0.265628 
      -0.269779       -0.266694       -0.238928       -0.265071       -0.282632       -0.266555       -0.265971       -0.262798       -0.292661 
      -0.248836       -0.255256       -0.245784       -0.249093       -0.272926       -0.259906       -0.220348       -0.215084       -0.254993 
      -0.241232       -0.242324       -0.321968       -0.310554       -0.285295       -0.285295       -0.285295       -0.285295       -0.285295 
      -0.203196       -0.203196       -0.203196       -0.203196       -0.203196       -0.203196       -0.203196       -0.203196       -0.203196 
      -0.203196       -0.203196       -0.203196       -0.203196       -0.203196       -0.203196       -0.203196       -0.193917       -0.192552 
      -0.211972       -0.228174       -0.198004       -0.203964       -0.214698       -0.223439       -0.216438       -0.237068       -0.203626 
      -0.199484        -0.21255       -0.194182       -0.220771       -0.176282       -0.193044       -0.209384       -0.207486       -0.245677 
       -0.22291       -0.211206       -0.205236       -0.209838       -0.219795       -0.226655       -0.220716       -0.194945       -0.202281 
      -0.239226       -0.205476        -0.18263        -0.20911        -0.18041       -0.191396       -0.226217       -0.182061       -0.194049 
      -0.222698       -0.204364        -0.19967       -0.198984         -0.1961       -0.185939       -0.212755       -0.201779       -0.192837 
      -0.160679       -0.182442       -0.155993       -0.178825       -0.188521       -0.173362       -0.173494       -0.182367       -0.195585 
      -0.180284       -0.185976       -0.202981       -0.171813       -0.203206       -0.190508       -0.186315       -0.208476       -0.232343 
      -0.210874       -0.256897       -0.309056       -0.273928       -0.203196       -0.203196       -0.203196       -0.203196       -0.203196 

bb.hodotdc.timewalk1map = 
              0               0               0               0               0               0               0               0               0 
              0               0               0               0               0               0               0               0               0 
              0               0               0               0               0               0               0               0               0 
              0               0               0               0               0               0               0               0               0 
              0               0               0               0               0               0               0               0               0 
              0               0               0               0               0               0               0               0               0 
              0               0               0               0               0               0               0               0               0 
              0               0               0               0               0               0               0               0               0 
              0               0               0               0               0               0               0               0               0 
              0               0               0               0               0               0               0               0               0 
              0               0               0               0               0               0               0               0               0 
              0               0               0               0               0               0               0               0               0 
              0               0               0               0               0               0               0               0               0 
              0               0               0               0               0               0               0               0               0 
              0               0               0               0               0               0               0               0               0 
              0               0               0               0               0               0               0               0               0 
              0               0               0               0               0               0               0               0               0 
              0               0               0               0               0               0               0               0               0 
              0               0               0               0               0               0               0               0               0 
              0               0               0               0               0               0               0               0               0 

bb.hodotdc.vscint = 
       0.142334        0.142334        0.142334        0.142334        0.142334        0.142334        0.142334        0.142334        0.142334 
       0.142334        0.142334        0.142334        0.142334        0.142334        0.142334        0.142334        0.144135        0.143434 
       0.146309        0.142128         0.14081        0.142474        0.145697        0.147298        0.141802        0.144619        0.145557 
       0.145512        0.147727        0.144306        0.144354        0.144667        0.144168        0.140305        0.143418        0.139025 
       0.140393        0.141236        0.142983        0.141201        0.145267        0.147086        0.146228        0.143969          0.1459 
       0.145072        0.141596        0.139058        0.137845         0.13882        0.136058         0.14103        0.138288        0.138366 
       0.142485        0.138793         0.13923        0.143558        0.144387        0.140741        0.140904        0.146008        0.142485 
       0.140069        0.144442        0.141395        0.140605        0.141196        0.143585        0.141025        0.145118        0.142112 
       0.147161         0.14069        0.140265        0.133403        0.123137        0.127497        0.130938        0.134035         0.13539 
       0.129044        0.138126        0.145599        0.156377        0.142334        0.142334        0.142334        0.142334        0.142334 

bb.hodotdc.meantime_offset = 
        4.34916         4.34916         4.34916         4.34916         4.34916         4.34916         4.34916         4.34916         4.34916 
        4.34916         4.34916         4.34916         4.34916         4.34916         4.34916         4.34916        0.404031         1.09656 
       0.635668        0.385143       0.0552247       -0.194187        0.642173        0.927861         1.27612         1.32377         1.48566 
        1.31571         1.25892         1.45081      -0.0122449        0.738217       -0.361216        -1.15212       -0.643452       -0.653415 
      -0.292207        -1.01132       -0.396875        0.303804       -0.180217      -0.0724024       -0.557305       -0.215426       -0.171977 
       0.068551       -0.253023      0.00667204      -0.0517001        -1.13911       -0.797571       -0.929443        -1.59363       -0.997029 
      -0.253767        -1.06432       -0.838678        -1.44543        -1.96755        -1.70777       -0.673458       -0.405565       -0.619675 
       0.242357      -0.0362164       -0.446811         0.18956       0.0571981      -0.0616449        0.684598        0.896398         1.87486 
        1.80645          2.8572         1.88395         1.72424         1.39749         1.25654        0.273326         1.32348         2.09729 
        3.13377         3.33296          5.5819         4.62661         4.34916         4.34916         4.34916         4.34916         4.34916 

bb.hodotdc.rf_offset = 
        1.73405         1.73405         1.73405         1.73405         1.73405         1.73405         1.73405         1.73405         1.73405 
        1.73405         1.73405         1.73405         1.73405         1.73405         1.73405         1.73405         1.73405         1.64669 
        1.66264          1.6239         1.60289         1.69661         1.68794         1.69806         1.71138         1.79557         1.81422 
        1.85345         1.94229         1.98104         2.09619         2.06285         1.92709         1.95827         1.89143         1.85279 
        1.98254         1.95739         2.00249         2.00204         2.05405         1.99377         2.00506         2.02842         2.06475 
        2.11319         2.11184         2.17096         2.18624         2.10753         2.08782         2.08731         2.08942         2.14384 
        2.14852         2.18618         2.17882         2.20528         2.27515         2.28542         2.38508         2.48159         2.51247 
        2.56657         2.53359         2.50713         2.44158         2.44824         2.44535         2.43589         2.46552          2.3984 
        2.49128         2.47289         2.51554         2.58422         2.64822         2.65262         2.73497          2.8523         2.87814 
        2.65487         2.86573         2.41967         2.41967         2.41967         2.41967         2.41967         2.41967         2.41967 

bb.hodotdc.tdiffoffset = 
              0               0               0               0               0               0               0               0               0 
              0               0               0               0               0               0               0               0               0 
              0               0               0               0               0               0               0               0               0 
              0               0               0               0               0               0               0               0               0 
              0               0               0               0               0               0               0               0               0 
              0               0               0               0               0               0               0               0               0 
              0               0               0               0               0               0               0               0               0 
              0               0               0               0               0               0               0               0               0 
              0               0               0               0               0               0               0               0               0 
              0               0               0               0               0               0               0               0               0 

-------[ 2022-12-07 20:40:00 ] # GEN3 -> set5: 3108 - 3250
bb.hodotdc.trigtime_central = 347.0
bb.hodotdc.timewalk0map = 
      -0.334697        -0.24872       -0.288891       -0.267965       -0.236822       -0.270592       -0.274893       -0.259043       -0.268084 
      -0.247711       -0.229784       -0.259786         -0.2799       -0.270027       -0.262263       -0.260616       -0.246021       -0.289263 
      -0.251916       -0.288989       -0.268863        -0.26467       -0.277874       -0.257907       -0.285457       -0.266726       -0.270346 
      -0.278002       -0.282095       -0.279311       -0.236704       -0.271809       -0.275764       -0.283415       -0.280001       -0.323742 
      -0.297738       -0.310134          -0.296       -0.345266       -0.282932       -0.302787       -0.331619       -0.301021       -0.278954 
      -0.320734       -0.318946       -0.300432       -0.292469       -0.283688       -0.322218       -0.305429       -0.296055        -0.30523 
      -0.304177       -0.289625       -0.286891       -0.295716       -0.280861       -0.293245       -0.336933       -0.284746        -0.26886 
      -0.273435       -0.270042       -0.241838       -0.266607       -0.287726       -0.269544       -0.266751       -0.264812       -0.298211 
      -0.254308       -0.258214       -0.245656       -0.250491       -0.276467       -0.270408        -0.23033       -0.217187       -0.257135 
      -0.253998         -0.2274       -0.280455       -0.274163       -0.301309       -0.288891       -0.288891       -0.288891       -0.288891 
      -0.205681       -0.177816       -0.207275       -0.173362       -0.191423       -0.198616       -0.195094       -0.193382       -0.195867 
      -0.221296       -0.221404       -0.181888       -0.212142       -0.194533       -0.210962       -0.201737       -0.190847       -0.201253 
      -0.216124       -0.229393       -0.200976       -0.208466       -0.218626       -0.225031       -0.218847       -0.238761       -0.206763 
      -0.201392        -0.21523       -0.195427       -0.227006       -0.178624       -0.198608       -0.214248       -0.212557       -0.249775 
      -0.227177       -0.214949       -0.211421       -0.212457       -0.224919       -0.231671       -0.224709       -0.202129       -0.208563 
      -0.243989       -0.214668       -0.190984       -0.212416       -0.185783       -0.194642       -0.229612       -0.186103       -0.198815 
        -0.2296       -0.207552       -0.202598        -0.20274       -0.199557       -0.188162       -0.217448       -0.205893         -0.1952 
       -0.16394       -0.184102       -0.158397       -0.179709       -0.192525       -0.175985       -0.174615       -0.184263       -0.200307 
      -0.184648       -0.188868       -0.202187       -0.171163        -0.20744        -0.20033       -0.196284       -0.208967       -0.232746 
      -0.222151       -0.236928       -0.263722       -0.240172       -0.301095       -0.207275       -0.207275       -0.207275       -0.207275 

bb.hodotdc.timewalk1map = 
              0               0               0               0               0               0               0               0               0 
              0               0               0               0               0               0               0               0               0 
              0               0               0               0               0               0               0               0               0 
              0               0               0               0               0               0               0               0               0 
              0               0               0               0               0               0               0               0               0 
              0               0               0               0               0               0               0               0               0 
              0               0               0               0               0               0               0               0               0 
              0               0               0               0               0               0               0               0               0 
              0               0               0               0               0               0               0               0               0 
              0               0               0               0               0               0               0               0               0 
              0               0               0               0               0               0               0               0               0 
              0               0               0               0               0               0               0               0               0 
              0               0               0               0               0               0               0               0               0 
              0               0               0               0               0               0               0               0               0 
              0               0               0               0               0               0               0               0               0 
              0               0               0               0               0               0               0               0               0 
              0               0               0               0               0               0               0               0               0 
              0               0               0               0               0               0               0               0               0 
              0               0               0               0               0               0               0               0               0 
              0               0               0               0               0               0               0               0               0 

bb.hodotdc.vscint = 
       0.130949        0.133618        0.142069        0.134907         0.13659        0.132311        0.139177        0.132274        0.131733 
       0.147437        0.142515        0.139046         0.13538        0.136328        0.147707        0.141643        0.143364        0.143245 
       0.145926        0.141765        0.140424        0.142595        0.145504        0.146606        0.142228        0.144062        0.145695 
        0.14523        0.147757        0.143589         0.14376        0.144481        0.143931        0.139567        0.142745        0.138829 
        0.13984        0.140943        0.143087        0.140527        0.145698        0.147606        0.146842        0.144272        0.146263 
       0.145345         0.14248        0.139442         0.13736         0.13814        0.135671        0.140914        0.138315        0.138248 
       0.142281        0.138398        0.138947         0.14369        0.144363        0.140143        0.140598        0.145479        0.141378 
       0.139382        0.143651        0.141318        0.140387        0.141254        0.143155        0.140295        0.143989        0.141784 
       0.146232        0.140169         0.13939         0.13192        0.124812        0.128585        0.130295        0.132685        0.133525 
       0.128436        0.129633         0.13981        0.125502        0.161483        0.142069        0.142069        0.142069        0.142069 

bb.hodotdc.meantime_offset = 
        6.00338         4.58295         5.61879         1.91922         2.58197         2.03222         1.86317         1.97735         1.29392 
        2.03181        0.491857        0.906097         1.28356       0.0950686        0.591981        0.381981        0.293845         1.17879 
       0.658818        0.338734       0.0240753       -0.167189        0.637873        0.897079         1.26887         1.27145         1.47769 
        1.28668         1.22822         1.39907       0.0198327        0.705837       -0.338426        -1.16763       -0.652428       -0.663222 
      -0.343884        -1.01069       -0.372605        0.266749       -0.118172      -0.0312218       -0.544389       -0.140493        -0.13507 
       0.115078       -0.156602       0.0958413      -0.0426697        -1.09485        -0.80638       -0.904007        -1.58519       -0.961947 
       -0.18274        -1.07423       -0.844076        -1.43403        -1.94759        -1.70518       -0.603272       -0.381051       -0.598749 
       0.262303      -0.0218353       -0.431756        0.184555        0.108413      -0.0379002         0.69175        0.910475         1.92141 
        1.88081         2.85554         1.83095         1.68323         1.49226         1.46303        0.448378         1.31948         2.10968 
         3.1758         2.98464         5.04115           3.854         5.96218         5.61879         5.61879         5.61879         5.61879 

bb.hodotdc.rf_offset = 
       0.466036        0.925852         1.27413         1.27413         1.14765         1.01477          1.3289         1.24553         1.29863 
        1.42496         1.44061         1.55469         1.63758         1.69638         1.71376         1.80057         1.77228          1.7288 
        1.72193          1.7042         1.68371         1.77605          1.7723         1.77992         1.78619         1.88214         1.88981 
        1.93739         2.04094         2.06919         2.18501          2.1572         2.00148         2.03699         1.98133         1.93977 
        2.06905         2.03537         2.08855         2.07103         2.10316         2.03798         2.07394         2.08041         2.14794 
        2.14679         2.17151         2.23872          2.2472         2.16918         2.17178         2.13874         2.16997         2.20043 
        2.21289         2.27319          2.2459         2.27858         2.34363         2.34468         2.40923         2.53712         2.53688 
         2.6093         2.56992         2.54071         2.48868          2.4766         2.48218         2.44636         2.47919         2.44296 
        2.49383         2.55279         2.57222         2.63374         2.66198         2.61388         2.76684         2.92532         2.92702 
         2.8988          2.8988         2.84556         2.84556         2.84556         2.84556         2.84556         2.84556         2.84556 

bb.hodotdc.tdiffoffset = 
              0               0               0               0               0               0               0               0               0 
              0               0               0               0               0               0               0               0               0 
              0               0               0               0               0               0               0               0               0 
              0               0               0               0               0               0               0               0               0 
              0               0               0               0               0               0               0               0               0 
              0               0               0               0               0               0               0               0               0 
              0               0               0               0               0               0               0               0               0 
              0               0               0               0               0               0               0               0               0 
              0               0               0               0               0               0               0               0               0 
              0               0               0               0               0               0               0               0               0 

########################################################
########################################################

############               GEN4             ############

########################################################
########################################################
-------[ 2023-01-12 00:00:00 ] # Beginning of GEN4 -> set1: 3510 - 3998
bb.hodotdc.trigtime_central = 347.0
bb.hodotdc.timewalk0map = 
      -0.293452       -0.293452       -0.293452       -0.307574       -0.299576       -0.297057       -0.287245       -0.274035        -0.27293 
      -0.262781       -0.245076       -0.278426       -0.280197       -0.297279       -0.284636       -0.273781        -0.27985       -0.292615 
      -0.269791       -0.289162       -0.291679       -0.283734       -0.288442       -0.266725       -0.294241       -0.270438       -0.281743 
      -0.292552       -0.286622       -0.290521       -0.294904       -0.286796       -0.278475        -0.28359       -0.283561       -0.301906 
      -0.292058       -0.302667       -0.292822       -0.323966       -0.285266       -0.294425       -0.315219       -0.299381       -0.284147 
      -0.298735        -0.30432       -0.301456       -0.289228       -0.289063       -0.313825        -0.29479       -0.302295       -0.305075 
       -0.29164       -0.291629       -0.294988       -0.300663       -0.289934       -0.301232         -0.3171       -0.291191       -0.283157 
        -0.2923       -0.288641       -0.285891       -0.289349       -0.298954       -0.295287       -0.292556       -0.292152       -0.298641 
      -0.300332       -0.288661       -0.269572       -0.289751       -0.299783       -0.307305       -0.285787       -0.249941       -0.293452 
      -0.293452       -0.293452       -0.293452       -0.293452       -0.293452       -0.293452       -0.293452       -0.293452       -0.293452 
      -0.224305       -0.224305       -0.224305       -0.234738       -0.266304        -0.23914       -0.223567       -0.220758       -0.215861 
      -0.242347       -0.239413       -0.210544       -0.226125       -0.230588       -0.238803       -0.224479       -0.235089         -0.2176 
      -0.239905       -0.239378       -0.230661       -0.234234       -0.237344       -0.238599       -0.232986       -0.246147       -0.226072 
      -0.223226       -0.228948       -0.221624       -0.251595       -0.205605       -0.214687        -0.22611       -0.227126       -0.237819 
      -0.235844       -0.221791       -0.222189       -0.216567       -0.234425       -0.234049       -0.225781       -0.216813       -0.225474 
      -0.236773       -0.222073       -0.212792        -0.22534       -0.208621       -0.212449       -0.231843       -0.214544       -0.217604 
       -0.23032       -0.226661       -0.225807       -0.220728       -0.220596       -0.214416       -0.218666       -0.224483       -0.221884 
      -0.202729       -0.213287        -0.21258        -0.21192        -0.21484       -0.212237       -0.210663       -0.218358        -0.21408 
      -0.233598       -0.225083       -0.231445       -0.219152        -0.23872        -0.24339       -0.260095       -0.242742       -0.224305 
      -0.224305       -0.224305       -0.224305       -0.224305       -0.224305       -0.224305       -0.224305       -0.224305       -0.224305 

bb.hodotdc.timewalk1map = 
              0               0               0               0               0               0               0               0               0 
              0               0               0               0               0               0               0               0               0 
              0               0               0               0               0               0               0               0               0 
              0               0               0               0               0               0               0               0               0 
              0               0               0               0               0               0               0               0               0 
              0               0               0               0               0               0               0               0               0 
              0               0               0               0               0               0               0               0               0 
              0               0               0               0               0               0               0               0               0 
              0               0               0               0               0               0               0               0               0 
              0               0               0               0               0               0               0               0               0 
              0               0               0               0               0               0               0               0               0 
              0               0               0               0               0               0               0               0               0 
              0               0               0               0               0               0               0               0               0 
              0               0               0               0               0               0               0               0               0 
              0               0               0               0               0               0               0               0               0 
              0               0               0               0               0               0               0               0               0 
              0               0               0               0               0               0               0               0               0 
              0               0               0               0               0               0               0               0               0 
              0               0               0               0               0               0               0               0               0 
              0               0               0               0               0               0               0               0               0 

bb.hodotdc.vscint = 
       0.131312        0.131312        0.131312        0.116103        0.135845        0.122402        0.132191        0.126095        0.126143 
       0.148354        0.143102        0.126923        0.128919        0.123459         0.13834        0.134942         0.13946        0.126728 
       0.144264        0.131997          0.1293        0.134798        0.139046         0.14492        0.129034        0.142601        0.134838 
       0.131378        0.136944        0.134181        0.135724        0.128424        0.134567        0.129946        0.133551        0.125271 
       0.130287        0.126204        0.131609        0.118659        0.138216        0.139202        0.128513         0.13255         0.13895 
         0.1348        0.129598        0.128687        0.130557        0.130745        0.116741        0.130008        0.121662        0.119047 
       0.128844        0.128609        0.128606        0.125456        0.133763        0.126691        0.117973        0.129316        0.134566 
       0.121002        0.134682        0.133251        0.135622        0.128908        0.130627        0.131261        0.133053        0.125943 
       0.139249        0.135658        0.142403        0.140794        0.131372        0.133195        0.137434        0.135955        0.131312 
       0.131312        0.131312        0.131312        0.131312        0.131312        0.131312        0.131312        0.131312        0.131312 

bb.hodotdc.meantime_offset = 
        1.92498         1.92498         1.92498         1.03407         2.64409         1.41331          1.4143         1.47837        0.654851 
        1.54048      -0.0643606        0.397129        0.455095       -0.545103        0.121409       -0.067814        0.345436        0.366602 
       0.501379       -0.259491       -0.261636       -0.351442        0.418663        0.648448         0.80448        0.935958         1.18285 
        1.04003        0.945676         1.33481        0.942465        0.542352        -0.61538        -1.46785       -0.930704        -1.51984 
      -0.764227         -1.5296       -0.757071       -0.557107       -0.331323       -0.405474         -1.1999       -0.370338       -0.210824 
       -0.43912       -0.533146      -0.0315889       -0.211015        -1.10624        -1.22106        -1.33559         -1.7393        -1.34067 
      -0.685116        -1.16931       -0.901029        -1.75885        -1.99361        -1.77042        -1.40682       -0.595267       -0.539406 
       0.205669       0.0386968       0.0916587        0.416642      -0.0059157        0.116537        0.887171         1.09931         1.63961 
        2.54444         3.28593         2.23658         2.44559         1.90062         1.91352         1.19068         1.64018         1.92498 
        1.92498         1.92498         1.92498         1.92498         1.92498         1.92498         1.92498         1.92498         1.92498 

bb.hodotdc.rf_offset = 
      -0.317978       -0.317978       -0.317978       -0.317978       -0.317978       0.0390147        0.303399        0.402229        0.370192 
       0.671268        0.786766        0.773534        0.990091         1.02669        0.883519        0.928536        0.749499        0.789848 
       0.603517        0.603517        0.552031        0.537251        0.557339        0.603884        0.611754        0.767645        0.746367 
       0.662104        0.737408         0.81214         1.16852        0.877874        0.718578        0.787328        0.716128        0.669298 
       0.767016        0.738649         0.78873        0.796211        0.806707        0.695295        0.749422        0.736241        0.751384 
        0.76086        0.741196        0.815314        0.815524        0.798805        0.753241        0.796619        0.825075        0.825901 
       0.811251        0.860691        0.882528        0.920983        0.988564        0.974004         1.12392         1.22297         1.29594 
        1.33194         1.27377         1.27569         1.13697         1.12792          1.1485         1.19336         1.02071          1.0142 
       0.762032         1.02796         1.18177         1.10605          1.0951         1.00667        0.573146         1.00667         1.00667 
        1.00667         1.00667         1.00667         1.00667         1.00667         1.00667         1.00667         1.00667         1.00667 

bb.hodotdc.tdiffoffset = 
              0               0               0               0               0               0               0               0               0 
              0               0               0               0               0               0               0               0               0 
              0               0               0               0               0               0               0               0               0 
              0               0               0               0               0               0               0               0               0 
              0               0               0               0               0               0               0               0               0 
              0               0               0               0               0               0               0               0               0 
              0               0               0               0               0               0               0               0               0 
              0               0               0               0               0               0               0               0               0 
              0               0               0               0               0               0               0               0               0 
              0               0               0               0               0               0               0               0               0 

-------[ 2023-02-09 00:00:00 ] # GEN4 -> set2: 4023 - 4122
bb.hodotdc.trigtime_central =347.0
bb.hodotdc.timewalk0map = 
      -0.285201       -0.285201       -0.285201       -0.285201       -0.247911       -0.270265       -0.267538       -0.260219       -0.261254 
       -0.25553       -0.233828       -0.267721       -0.279425       -0.285644       -0.269701       -0.273309        -0.30187       -0.275151 
      -0.260033       -0.295135       -0.283797       -0.276147        -0.27813       -0.258089       -0.286308       -0.262457        -0.27253 
      -0.283668       -0.278098       -0.281493       -0.268719       -0.280954       -0.265705       -0.279483         -0.2782       -0.297674 
      -0.286389       -0.294536       -0.283234       -0.320337       -0.276841       -0.287604       -0.312188       -0.290995       -0.274332 
      -0.291639       -0.291129       -0.289395       -0.280868       -0.279402       -0.307122       -0.292613       -0.297181       -0.298646 
      -0.284105       -0.287615       -0.285562       -0.294941        -0.27952       -0.285006       -0.310812       -0.286298       -0.273243 
      -0.282306       -0.281022       -0.270884       -0.279784       -0.292231       -0.280476       -0.283358       -0.284428       -0.287593 
      -0.277082       -0.271474       -0.250531       -0.280349       -0.320397       -0.285201       -0.285201       -0.285201       -0.285201 
      -0.285201       -0.285201       -0.285201       -0.285201       -0.285201       -0.285201       -0.285201       -0.285201       -0.285201 
      -0.211869       -0.211869       -0.211869       -0.211869       -0.201534       -0.207715       -0.198423       -0.202493       -0.201607 
      -0.231019       -0.223057        -0.19927       -0.224494       -0.212201       -0.219677       -0.220309       -0.253847       -0.184606 
      -0.227582       -0.233929       -0.211763       -0.224962       -0.225605       -0.230382       -0.222522       -0.238179       -0.214495 
      -0.213083       -0.219681       -0.209349       -0.207036       -0.198772       -0.199291       -0.217466       -0.218535       -0.230047 
      -0.227714       -0.209184       -0.208524       -0.208308        -0.21989       -0.222544       -0.217357       -0.201702       -0.210713 
      -0.225245       -0.202066        -0.19369       -0.215316       -0.196035       -0.199404       -0.227096         -0.2056       -0.207335 
      -0.218605       -0.218743        -0.21322       -0.211945       -0.207338        -0.19449       -0.207855       -0.217437       -0.209737 
      -0.189858       -0.203306        -0.19825       -0.199985       -0.208306       -0.195723       -0.201661       -0.210166       -0.202709 
      -0.211952       -0.207689       -0.210243       -0.199992       -0.244201       -0.211869       -0.211869       -0.211869       -0.211869 
      -0.211869       -0.211869       -0.211869       -0.211869       -0.211869       -0.211869       -0.211869       -0.211869       -0.211869 

bb.hodotdc.timewalk1map = 
              0               0               0               0               0               0               0               0               0 
              0               0               0               0               0               0               0               0               0 
              0               0               0               0               0               0               0               0               0 
              0               0               0               0               0               0               0               0               0 
              0               0               0               0               0               0               0               0               0 
              0               0               0               0               0               0               0               0               0 
              0               0               0               0               0               0               0               0               0 
              0               0               0               0               0               0               0               0               0 
              0               0               0               0               0               0               0               0               0 
              0               0               0               0               0               0               0               0               0 
              0               0               0               0               0               0               0               0               0 
              0               0               0               0               0               0               0               0               0 
              0               0               0               0               0               0               0               0               0 
              0               0               0               0               0               0               0               0               0 
              0               0               0               0               0               0               0               0               0 
              0               0               0               0               0               0               0               0               0 
              0               0               0               0               0               0               0               0               0 
              0               0               0               0               0               0               0               0               0 
              0               0               0               0               0               0               0               0               0 
              0               0               0               0               0               0               0               0               0 

bb.hodotdc.vscint = 
       0.131288        0.131288        0.131288        0.131288        0.130227        0.129379        0.131204        0.131328        0.121195 
        0.14596        0.137172        0.132301        0.130762        0.115034        0.134946        0.126435        0.148854        0.123922 
       0.153218        0.131572         0.12919        0.132974        0.135636        0.144769         0.12868        0.144197        0.133227 
       0.129847        0.138893        0.133183        0.138412        0.128671        0.135035        0.130521        0.135181        0.125783 
       0.130397         0.12664        0.130545        0.115723        0.136677        0.138343        0.128408        0.133275        0.139262 
       0.137763        0.131049        0.128441         0.13198        0.131343        0.116721        0.132818        0.121251        0.119776 
       0.128004        0.126251        0.129642        0.124943        0.132344        0.126693         0.11947        0.129422        0.137656 
       0.122273        0.133716        0.133578        0.134086        0.126993        0.130418        0.130937        0.130517        0.127971 
       0.139918        0.136862        0.141217        0.135005        0.119585        0.131288        0.131288        0.131288        0.131288 
       0.131288        0.131288        0.131288        0.131288        0.131288        0.131288        0.131288        0.131288        0.131288 

bb.hodotdc.meantime_offset = 
        1.81654         1.81654         1.81654         1.81654         2.00287         1.13508         1.36575         1.79303        0.861536 
        1.93147        0.123403        0.893086         1.16693       -0.458806      0.00392051      -0.0487305        0.948265        0.108478 
       0.508558        -0.16065       -0.343945       -0.448364        0.224102        0.538344        0.742453        0.988822          1.0753 
       0.851891        0.856997         1.14757        0.513649        0.435389       -0.873589        -1.53408       -0.932606        -1.60098 
      -0.845967        -1.66728       -0.934267       -0.747563       -0.455859       -0.519931        -1.28583       -0.550674       -0.446254 
      -0.598783       -0.780973       -0.251295       -0.436028        -1.27889         -1.3924        -1.38666        -1.84792        -1.49266 
       -0.88861        -1.36832        -1.09911        -1.89042        -2.26061        -2.11583        -1.60958        -0.73445       -0.655985 
      0.0255893       -0.132036       -0.133597        0.142246       -0.147896       -0.120258        0.764549        0.995422         1.52594 
        2.24663         3.00671         1.91023         2.09302         1.84442         1.81654         1.81654         1.81654         1.81654 
        1.81654         1.81654         1.81654         1.81654         1.81654         1.81654         1.81654         1.81654         1.81654 

bb.hodotdc.rf_offset = 
       -1.15944        -1.15944        -1.15944        -1.15944         -1.1022       -0.837675        -1.15944        -1.47169        -1.40509 
         -1.273        -1.11433        -1.21845        -1.06099       -0.940457       -0.663576       -0.691322       -0.691322       -0.691322 
      -0.691322       -0.786943        -0.86289       -0.862875       -0.838794        -0.84834        -0.85833       -0.788964       -0.728642 
      -0.689894       -0.671014       -0.586448       -0.581595       -0.542759       -0.644842       -0.586832       -0.753189       -0.737809 
      -0.602504       -0.655048       -0.589021       -0.518425       -0.584623       -0.701425       -0.617652       -0.585388        -0.54126 
       -0.53517       -0.530767       -0.512271       -0.464469       -0.534869       -0.577946       -0.586113       -0.565192        -0.50286 
      -0.510601       -0.481457       -0.443932       -0.442245       -0.318668       -0.356008       -0.152137       -0.134639       -0.164404 
     -0.0117391       -0.129349      -0.0873946       -0.174237        -0.21512       -0.221744       -0.267861       -0.405806       -0.366345 
      -0.485405       -0.217704       -0.154559       -0.216078       -0.300023       -0.300023       -0.300023       -0.300023       -0.300023 
      -0.300023       -0.300023       -0.300023       -0.300023       -0.300023       -0.300023       -0.300023       -0.300023       -0.300023 

bb.hodotdc.tdiffoffset = 
              0               0               0               0               0               0               0               0               0 
              0               0               0               0               0               0               0               0               0 
              0               0               0               0               0               0               0               0               0 
              0               0               0               0               0               0               0               0               0 
              0               0               0               0               0               0               0               0               0 
              0               0               0               0               0               0               0               0               0 
              0               0               0               0               0               0               0               0               0 
              0               0               0               0               0               0               0               0               0 
              0               0               0               0               0               0               0               0               0 
              0               0               0               0               0               0               0               0               0 

-------[ 2023-02-15 00:00:00 ] # GEN4 -> set3: 4155 - 4379
bb.hodotdc.trigtime_central = 347.0
bb.hodotdc.timewalk0map = 
       -0.29476        -0.29476        -0.29476       -0.322195         -0.2835       -0.279693       -0.292143       -0.269269       -0.277947 
      -0.264335       -0.253969       -0.276955       -0.282755       -0.301476       -0.279311       -0.290848       -0.286534       -0.303996 
      -0.267619       -0.295022       -0.290315       -0.281377       -0.294785       -0.268418       -0.298281       -0.275138       -0.285128 
      -0.295862       -0.290475       -0.292302       -0.280691       -0.288862       -0.281386       -0.287982       -0.288128       -0.300823 
      -0.295308       -0.305889       -0.291604       -0.326688       -0.287499       -0.294261       -0.315019       -0.303575       -0.284986 
       -0.29992       -0.306552       -0.301327       -0.288439       -0.291498       -0.317819       -0.298481       -0.300145       -0.303595 
      -0.293068       -0.291371       -0.292827       -0.301754       -0.291216       -0.300726       -0.319758       -0.293088       -0.283169 
      -0.293582       -0.290541       -0.281882       -0.289959       -0.303034       -0.298171       -0.297615       -0.293696       -0.301117 
      -0.296939       -0.290496       -0.274343       -0.280966       -0.291813       -0.293011       -0.259123       -0.240498        -0.29476 
       -0.29476        -0.29476        -0.29476        -0.29476        -0.29476        -0.29476        -0.29476        -0.29476        -0.29476 
      -0.223694       -0.223694       -0.223694       -0.237451       -0.240936       -0.223156       -0.226296       -0.222233       -0.224739 
      -0.244189       -0.248981       -0.208495       -0.227295       -0.232376       -0.232802       -0.241128       -0.238433       -0.220661 
      -0.235524       -0.242296        -0.22779       -0.230637       -0.242531       -0.239645       -0.236217       -0.250053       -0.229038 
      -0.225848       -0.233544       -0.223079       -0.221418       -0.206969       -0.215872       -0.227473       -0.230293       -0.233751 
      -0.236251       -0.222304       -0.219099       -0.216624       -0.235829       -0.232167       -0.223278       -0.218228       -0.224472 
      -0.234602       -0.220871       -0.208155       -0.223832        -0.20943       -0.213483       -0.234292       -0.213595       -0.215507 
      -0.229088        -0.22406       -0.221607       -0.218416       -0.220291       -0.211199       -0.218958       -0.224304       -0.221136 
      -0.201602       -0.213285       -0.207973        -0.21072       -0.216084       -0.211797       -0.213671       -0.219522       -0.216109 
       -0.23017       -0.225624       -0.236125       -0.211797       -0.226796       -0.224615       -0.224757       -0.246888       -0.223694 
      -0.223694       -0.223694       -0.223694       -0.223694       -0.223694       -0.223694       -0.223694       -0.223694       -0.223694 

bb.hodotdc.timewalk1map = 
              0               0               0               0               0               0               0               0               0 
              0               0               0               0               0               0               0               0               0 
              0               0               0               0               0               0               0               0               0 
              0               0               0               0               0               0               0               0               0 
              0               0               0               0               0               0               0               0               0 
              0               0               0               0               0               0               0               0               0 
              0               0               0               0               0               0               0               0               0 
              0               0               0               0               0               0               0               0               0 
              0               0               0               0               0               0               0               0               0 
              0               0               0               0               0               0               0               0               0 
              0               0               0               0               0               0               0               0               0 
              0               0               0               0               0               0               0               0               0 
              0               0               0               0               0               0               0               0               0 
              0               0               0               0               0               0               0               0               0 
              0               0               0               0               0               0               0               0               0 
              0               0               0               0               0               0               0               0               0 
              0               0               0               0               0               0               0               0               0 
              0               0               0               0               0               0               0               0               0 
              0               0               0               0               0               0               0               0               0 
              0               0               0               0               0               0               0               0               0 

bb.hodotdc.vscint = 
       0.131749        0.131749        0.131749        0.116815        0.123208        0.124416        0.134489        0.124251         0.11838 
        0.14587         0.14239        0.130871        0.127936        0.122139        0.138036        0.138449         0.13658        0.127141 
       0.143727        0.131609        0.129341        0.135398         0.14036        0.144984        0.131051        0.142918        0.135226 
       0.132964        0.136613        0.135833        0.139733        0.128648        0.133511         0.12983        0.135007        0.124892 
       0.130628        0.126381        0.132528        0.118277        0.138345        0.140568        0.127021        0.132714        0.139792 
       0.137009        0.131559        0.129053        0.131113        0.131171        0.118121         0.12933         0.11957        0.117289 
       0.128172         0.12648        0.130727        0.124995        0.133222        0.128212        0.118566        0.131332        0.136976 
        0.12059        0.136415        0.133606        0.139454        0.129995        0.131752        0.130418        0.132575         0.12598 
        0.13738        0.136526        0.143776        0.141876         0.13282        0.125082        0.127837        0.145706        0.131749 
       0.131749        0.131749        0.131749        0.131749        0.131749        0.131749        0.131749        0.131749        0.131749 

bb.hodotdc.meantime_offset = 
        1.93031         1.93031         1.93031         1.47998         2.19303          1.2658          1.5397         1.42043        0.695888 
        1.64337        0.150439        0.460755        0.620828       -0.260929       0.0905414        0.549042        0.506579        0.632574 
       0.514991       0.0041332       -0.213129       -0.366487        0.612627         0.70706        0.920388         1.02958         1.27497 
        1.10142         1.02358         1.38922        0.755208        0.505446       -0.615587        -1.39793       -0.783689        -1.55602 
      -0.660692        -1.44208        -0.73037       -0.501396        -0.23114       -0.353964         -1.2463       -0.274808       -0.194918 
      -0.432159       -0.520891      -0.0928787       -0.271527        -1.11603        -1.21098         -1.3096        -1.84191        -1.39593 
      -0.704928        -1.26663       -0.914025        -1.79726        -1.95304        -1.76996        -1.35846       -0.537141       -0.493928 
       0.205568         0.12474       0.0358395        0.495049        0.114418        0.191503        0.977093         1.06074         1.63408 
        2.42881         3.27317         2.30521         2.31555         1.78537         1.42754        0.390992         1.68245         1.93031 
        1.93031         1.93031         1.93031         1.93031         1.93031         1.93031         1.93031         1.93031         1.93031 

bb.hodotdc.rf_offset = 
       0.728031        0.728031        0.728031        0.728031        0.728031        0.724962        0.837675        0.577275        0.391603 
       0.638238        0.841534        0.841534         1.08965        0.661323        0.925852          0.5585          0.5585          0.5585 
         0.5585        0.308617          0.5585         0.63921        0.364363        0.619951         0.58092        0.748905        0.721111 
       0.728899        0.719505        0.871171        0.867912        0.967584        0.776418        0.794293        0.697401        0.697576 
        0.81052        0.779505        0.831453        0.838613        0.783175        0.694974        0.791094        0.709102        0.800533 
       0.849037        0.820504         0.90337        0.897744        0.847848        0.845717        0.795027         0.87944         0.84848 
       0.888153          0.9736        0.918865        0.997448          1.0256         1.03402         1.14897         1.27647         1.31055 
        1.37953         1.23506         1.25523         1.16064          1.1046         1.18382          1.1707         1.18461         1.02892 
       0.837675        0.994068         1.17256          1.3361         1.16647         1.16647         1.36673         1.16647         1.16647 
        1.16647         1.16647         1.16647         1.16647         1.16647         1.16647         1.16647         1.16647         1.16647 

bb.hodotdc.tdiffoffset = 
              0               0               0               0               0               0               0               0               0 
              0               0               0               0               0               0               0               0               0 
              0               0               0               0               0               0               0               0               0 
              0               0               0               0               0               0               0               0               0 
              0               0               0               0               0               0               0               0               0 
              0               0               0               0               0               0               0               0               0 
              0               0               0               0               0               0               0               0               0 
              0               0               0               0               0               0               0               0               0 
              0               0               0               0               0               0               0               0               0 
              0               0               0               0               0               0               0               0               0 

-------[ 2023-03-09 00:00:00 ] # GEN4 -> set4: 4474 - 4587
bb.hodotdc.trigtime_central = 346.0
bb.hodotdc.timewalk0map = 
      -0.287342       -0.287342       -0.287342       -0.287342       -0.333077       -0.278948        -0.28992       -0.255935       -0.251698 
      -0.258658       -0.239651         -0.2629       -0.291827       -0.310384       -0.267662        -0.26958       -0.273747       -0.291307 
      -0.253935       -0.282402       -0.285824       -0.275657       -0.279065       -0.261971       -0.288489       -0.272146       -0.277093 
      -0.283539       -0.279671       -0.286315       -0.271643       -0.281381       -0.271006       -0.280223       -0.275703       -0.301981 
      -0.288325       -0.297408       -0.285498       -0.322385       -0.275372       -0.286915        -0.31553       -0.290445       -0.276076 
      -0.296722       -0.296108       -0.289642       -0.281189       -0.279534       -0.314885       -0.293469       -0.295815       -0.300695 
      -0.284961       -0.284683       -0.290627       -0.300485       -0.285008       -0.297188       -0.317667       -0.287532       -0.276809 
      -0.284051       -0.279559       -0.270399       -0.281842       -0.294029       -0.283237       -0.288311       -0.288343       -0.290511 
      -0.304522       -0.280135        -0.25977        -0.26796       -0.295961       -0.290917       -0.287342       -0.287342       -0.287342 
      -0.287342       -0.287342       -0.287342       -0.287342       -0.287342       -0.287342       -0.287342       -0.287342       -0.287342 
      -0.215298       -0.215298       -0.215298       -0.215298       -0.300871       -0.227492        -0.22488       -0.203369       -0.190352 
      -0.238119       -0.233071       -0.196564       -0.237311       -0.246714       -0.221448       -0.220159       -0.226225       -0.206522 
      -0.216504       -0.229186       -0.221806       -0.221097       -0.226168       -0.231817       -0.223954       -0.244071       -0.218564 
      -0.212962       -0.221225       -0.215382       -0.210252       -0.199282       -0.202846       -0.219059       -0.216025       -0.234186 
      -0.229899       -0.213608       -0.213065       -0.212223       -0.222309       -0.224104       -0.224446       -0.203356       -0.214523 
      -0.232575         -0.2098       -0.196004       -0.214559       -0.196402        -0.21005         -0.2281       -0.208294       -0.211794 
      -0.220798       -0.217255       -0.218095       -0.216771       -0.212828       -0.208384       -0.216647       -0.218894       -0.214435 
      -0.191542       -0.202342       -0.194274       -0.200391       -0.206946       -0.197321       -0.205244       -0.212353       -0.203124 
      -0.235088       -0.214132       -0.220382       -0.196867       -0.232609       -0.220663       -0.215298       -0.215298       -0.215298 
      -0.215298       -0.215298       -0.215298       -0.215298       -0.215298       -0.215298       -0.215298       -0.215298       -0.215298 

bb.hodotdc.timewalk1map = 
              0               0               0               0               0               0               0               0               0 
              0               0               0               0               0               0               0               0               0 
              0               0               0               0               0               0               0               0               0 
              0               0               0               0               0               0               0               0               0 
              0               0               0               0               0               0               0               0               0 
              0               0               0               0               0               0               0               0               0 
              0               0               0               0               0               0               0               0               0 
              0               0               0               0               0               0               0               0               0 
              0               0               0               0               0               0               0               0               0 
              0               0               0               0               0               0               0               0               0 
              0               0               0               0               0               0               0               0               0 
              0               0               0               0               0               0               0               0               0 
              0               0               0               0               0               0               0               0               0 
              0               0               0               0               0               0               0               0               0 
              0               0               0               0               0               0               0               0               0 
              0               0               0               0               0               0               0               0               0 
              0               0               0               0               0               0               0               0               0 
              0               0               0               0               0               0               0               0               0 
              0               0               0               0               0               0               0               0               0 
              0               0               0               0               0               0               0               0               0 

bb.hodotdc.vscint = 
       0.130884        0.130884        0.130884        0.130884        0.134347        0.121351        0.141241        0.126089        0.129152 
       0.150618        0.144095        0.128451        0.129115         0.13297        0.138802        0.132588        0.141597        0.129015 
       0.136311        0.127804        0.129072        0.130881        0.134331        0.144177        0.126395        0.142876        0.130145 
       0.132341        0.135897        0.133301        0.135896        0.129217        0.134152        0.130108        0.131933        0.125947 
       0.131489        0.127442        0.129955        0.118646        0.138726         0.13761        0.131235        0.133875         0.13776 
       0.136956        0.129425        0.129311         0.13144        0.128815        0.117111        0.127913        0.116429        0.115144 
       0.126836        0.128239        0.130323        0.126854        0.134368        0.124679        0.118775        0.129476        0.135023 
       0.122189        0.132748        0.130738        0.132027        0.127962        0.130541        0.125664        0.129366        0.123885 
       0.142277        0.135859        0.144696        0.139093        0.132184        0.130348        0.130884        0.130884        0.130884 
       0.130884        0.130884        0.130884        0.130884        0.130884        0.130884        0.130884        0.130884        0.130884 

bb.hodotdc.meantime_offset = 
        1.25522         1.25522         1.25522         1.25522         2.13893        0.745599         1.30794        0.740312       -0.385629 
        1.09777       -0.358531      -0.0421307        0.666716        0.278941      -0.0937697       -0.147137        0.263853         0.21378 
     -0.0816862       -0.507204       -0.395877       -0.579683        0.145922        0.577924        0.606528         1.00534         1.04913 
       0.892101        0.789106         1.33606        0.445865        0.460365       -0.764171        -1.65003        -1.15552        -1.49851 
      -0.820586        -1.60699       -0.909183       -0.542849       -0.542717        -0.54765        -1.15019       -0.519421       -0.426501 
      -0.397873       -0.716136       -0.256265       -0.369332        -1.34373        -1.18161         -1.3469        -1.94317        -1.41437 
      -0.869483        -1.27861        -0.93838        -1.74917         -2.1185        -1.85202         -1.3478       -0.605315        -0.71196 
     -0.0082656       -0.219397       -0.327147       0.0600053       -0.203635       -0.214949        0.590361        0.849452           1.344 
         2.6399         3.06078         1.94361         1.96169         1.90636         1.58115         1.25522         1.25522         1.25522 
        1.25522         1.25522         1.25522         1.25522         1.25522         1.25522         1.25522         1.25522         1.25522 

bb.hodotdc.rf_offset = 
        0.37865         0.37865         0.37865         0.37865         0.37865         0.37865       0.0440882        0.362717        0.649942 
        0.56664        0.478264        0.374916        0.313668      -0.0440882        0.313668        0.327374        0.327374        0.327374 
       0.327374        0.327374       0.0849018       0.0841543        0.107336       0.0917089        0.128085        0.143107        0.186511 
       0.193378        0.269718        0.234783        0.369306        0.325974        0.203364        0.326519        0.212303        0.159999 
        0.26318        0.159783        0.251034        0.259906        0.278946        0.142743        0.252464        0.191085        0.255632 
       0.246005        0.262864         0.33335         0.35222        0.303542        0.207102        0.183699        0.213293        0.210406 
       0.313104        0.368214        0.296085         0.35741        0.472882        0.381819        0.513936        0.641355        0.757471 
       0.848242        0.813769        0.801372        0.716841        0.675149        0.681716        0.755935        0.691929        0.628517 
       0.220441        0.628517        0.820426        0.782227         0.58666        0.635641        0.635641        0.635641        0.635641 
       0.635641        0.635641        0.635641        0.635641        0.635641        0.635641        0.635641        0.635641        0.635641 

bb.hodotdc.tdiffoffset = 
              0               0               0               0               0               0               0               0               0 
              0               0               0               0               0               0               0               0               0 
              0               0               0               0               0               0               0               0               0 
              0               0               0               0               0               0               0               0               0 
              0               0               0               0               0               0               0               0               0 
              0               0               0               0               0               0               0               0               0 
              0               0               0               0               0               0               0               0               0 
              0               0               0               0               0               0               0               0               0 
              0               0               0               0               0               0               0               0               0 
              0               0               0               0               0               0               0               0               0 


########################################################
########################################################

############               GEN4b            ############

########################################################
########################################################
-------[ 2023-09-01 00:00:00 ] # approximate start of GEN4b

-------[ 2023-09-13 00:00:00 ] # Beginning of GEN4b -> set1: 5044 - 5416
bb.hodotdc.trigtime_central = 343.0
bb.hodotdc.timewalk0map = 
      -0.279641       -0.279641       -0.279641       -0.301798       -0.234814       -0.251812       -0.247703       -0.253448       -0.255278 
      -0.232603       -0.222538       -0.243814        -0.26344       -0.252127       -0.247784       -0.246134       -0.261771       -0.253861 
      -0.230278       -0.276511       -0.263193       -0.251137       -0.258079       -0.253555       -0.280273       -0.268328       -0.270104 
      -0.265628       -0.273262       -0.268755        -0.25769       -0.259461       -0.266475       -0.264515       -0.261283       -0.310631 
      -0.295159       -0.288126       -0.267753       -0.329946       -0.262216       -0.287073       -0.397051       -0.279866       -0.258944 
      -0.297321       -0.294149       -0.277691       -0.273452       -0.259687       -0.313003       -0.293533       -0.278526        -0.28511 
      -0.279182       -0.274225       -0.277759       -0.289762       -0.267028        -0.29609       -0.320999       -0.271671         -0.2584 
      -0.262726       -0.274922       -0.233532       -0.265553       -0.283641       -0.261025       -0.264274       -0.261475        -0.26845 
      -0.256596       -0.250677       -0.241498       -0.243221       -0.273408       -0.273429       -0.217414       -0.235748        -0.25338 
      -0.279641       -0.279641       -0.279641       -0.279641       -0.279641       -0.279641       -0.279641       -0.279641       -0.279641 
      -0.196645       -0.196645       -0.196645        -0.20906        -0.20083       -0.191213       -0.193441       -0.196739       -0.201984 
      -0.217388       -0.219755       -0.177021       -0.203846       -0.185265        -0.20343       -0.191949       -0.202909       -0.166507 
      -0.194319        -0.21858       -0.197408       -0.200123       -0.203167       -0.224991       -0.224447       -0.239722        -0.20752 
      -0.197783       -0.213108       -0.195898       -0.187299       -0.185852       -0.186192       -0.191505       -0.194597       -0.235651 
       -0.21892       -0.200033       -0.185807       -0.207589       -0.206998       -0.225038       -0.249833       -0.184293       -0.192642 
      -0.225212       -0.195192       -0.172135       -0.196691       -0.165736       -0.187786         -0.2178       -0.182574       -0.191238 
      -0.206841       -0.196064       -0.201539       -0.200412       -0.190539       -0.190815       -0.208404       -0.194998       -0.190529 
       -0.15977         -0.1775       -0.150457        -0.17863       -0.189036       -0.173984       -0.176398       -0.184218       -0.176548 
      -0.181803       -0.185089       -0.203851       -0.172924       -0.208727       -0.203695        -0.18603       -0.218445       -0.226254 
      -0.196645       -0.196645       -0.196645       -0.196645       -0.196645       -0.196645       -0.196645       -0.196645       -0.196645 

bb.hodotdc.timewalk1map = 
              0               0               0               0               0               0               0               0               0 
              0               0               0               0               0               0               0               0               0 
              0               0               0               0               0               0               0               0               0 
              0               0               0               0               0               0               0               0               0 
              0               0               0               0               0               0               0               0               0 
              0               0               0               0               0               0               0               0               0 
              0               0               0               0               0               0               0               0               0 
              0               0               0               0               0               0               0               0               0 
              0               0               0               0               0               0               0               0               0 
              0               0               0               0               0               0               0               0               0 
              0               0               0               0               0               0               0               0               0 
              0               0               0               0               0               0               0               0               0 
              0               0               0               0               0               0               0               0               0 
              0               0               0               0               0               0               0               0               0 
              0               0               0               0               0               0               0               0               0 
              0               0               0               0               0               0               0               0               0 
              0               0               0               0               0               0               0               0               0 
              0               0               0               0               0               0               0               0               0 
              0               0               0               0               0               0               0               0               0 
              0               0               0               0               0               0               0               0               0 

bb.hodotdc.vscint = 
       0.141998        0.141998        0.141998        0.145145        0.139058        0.140126        0.135847        0.137206         0.13417 
       0.148317        0.140725        0.143526        0.140192        0.142357        0.148273        0.140904        0.142947        0.139987 
       0.142991        0.141189        0.139715        0.140934         0.14228        0.145564        0.142215        0.142399        0.145893 
       0.146127        0.152156        0.147251        0.142578         0.14897        0.135695        0.138055        0.142667        0.140664 
       0.142367        0.142246         0.14266        0.141128        0.143488        0.145184        0.143479        0.142314        0.145244 
       0.146369         0.14164        0.140613        0.139184        0.139524        0.137522        0.141452        0.138778        0.135934 
       0.140433        0.138393        0.139607        0.145073        0.145607        0.139561        0.140742         0.14711        0.142551 
       0.139689        0.145303        0.143212        0.142069        0.142221        0.143593        0.140412         0.14332        0.136731 
        0.14657        0.143783        0.145075        0.143388        0.135318        0.140208        0.138571        0.133904        0.130059 
       0.141998        0.141998        0.141998        0.141998        0.141998        0.141998        0.141998        0.141998        0.141998 

bb.hodotdc.meantime_offset = 
        3.60926         3.60926         3.60926         3.54997         3.10227         2.82342         2.65363         2.77177         1.94133 
        2.60402         1.01424         1.34893         1.81465        0.578288         1.01021         0.69206         1.45566         1.04942 
       0.753189        0.726983        0.506266        0.146519        0.782829         1.41248         1.66808         1.80074         1.96859 
        1.65379         1.74507         1.99806        0.986433         1.26305      -0.0057989        -1.06435       -0.514232       -0.364876 
       0.201016       -0.885885        -0.40483        0.520412        -0.10444        0.144892         1.12973      -0.0894977      -0.0321806 
       0.248902       -0.123241        0.180438        0.141795        -1.07459       -0.489665       -0.683247        -1.46206       -0.896228 
       -0.21327        -0.85929       -0.550454        -1.08997        -1.76017        -1.16892       -0.439985       -0.118841       -0.378466 
       0.515162        0.512848       -0.201331        0.606363        0.463757        0.226151         1.07587         1.27128         1.77213 
        2.16454         3.19814         2.25696         2.25889         2.03861         2.02034        0.642465         1.80128         2.35285 
        3.60926         3.60926         3.60926         3.60926         3.60926         3.60926         3.60926         3.60926         3.60926 

bb.hodotdc.rf_offset = 
       -3.52077        -3.52077        -3.52077        -3.52077        -3.04208        -3.52077        -3.36114        -3.17342        -2.91465 
       -2.97352        -2.89225        -2.75187        -2.74573        -2.64278        -2.61781        -2.45646        -2.86573        -2.57697 
       -2.57697        -2.59225        -2.65712         -2.5491        -2.50985        -2.53273        -2.48068        -2.38095        -2.31957 
       -2.27072        -2.22614        -2.21401        -2.11587        -2.10115         -2.1949        -2.20096        -2.27837        -2.31614 
       -2.19279        -2.20597        -2.14892        -2.14184        -2.08546        -2.17043        -2.05551         -2.0968        -2.07986 
       -2.05014        -2.00178        -1.96817        -1.91653        -2.00235        -2.00835        -2.02803        -2.01514        -1.96903 
       -1.95595         -1.8899        -1.90793        -1.89184        -1.80269        -1.82697        -1.73228        -1.62948         -1.5905 
       -1.51752        -1.59692        -1.62003        -1.67961        -1.65923        -1.67542        -1.65854        -1.65605        -1.59995 
        -1.6011        -1.50119        -1.50176        -1.50399        -1.47717        -1.41952        -1.24335       -0.947965       -0.947965 
      -0.947965       -0.947965       -0.947965       -0.947965       -0.947965       -0.947965       -0.947965       -0.947965       -0.947965 

bb.hodotdc.tdiffoffset = 
              0               0               0               0               0               0               0               0               0 
              0               0               0               0               0               0               0               0               0 
              0               0               0               0               0               0               0               0               0 
              0               0               0               0               0               0               0               0               0 
              0               0               0               0               0               0               0               0               0 
              0               0               0               0               0               0               0               0               0 
              0               0               0               0               0               0               0               0               0 
              0               0               0               0               0               0               0               0               0 
              0               0               0               0               0               0               0               0               0 
              0               0               0               0               0               0               0               0               0 

-------[ 2023-10-01 09:37:00 ] # GEN4b -> set2: 5461 - 5785
bb.hodotdc.trigtime_central = 343.0
bb.hodotdc.timewalk0map = 
       -0.23985       -0.310585       -0.262661       -0.272564       -0.250923       -0.270807       -0.254376       -0.259008        -0.25925 
      -0.243235       -0.231825       -0.249734        -0.27073       -0.264632       -0.253586       -0.247011       -0.265711       -0.261198 
      -0.239264       -0.284746       -0.267681       -0.253954       -0.267899       -0.258016       -0.274211       -0.265607       -0.266827 
      -0.270281       -0.301195        -0.27558       -0.258432       -0.266206       -0.254684       -0.271833       -0.264876       -0.315389 
      -0.296936       -0.295137       -0.273033       -0.336701       -0.271367       -0.295043       -0.392904       -0.287709       -0.264295 
      -0.302998       -0.300443       -0.282411       -0.279778       -0.266505       -0.320201       -0.297883       -0.279856        -0.29053 
      -0.281553       -0.277544       -0.286806       -0.294214       -0.270754       -0.327979       -0.327431       -0.270566       -0.261365 
       -0.26625       -0.274357       -0.238091       -0.272327       -0.286795       -0.265256       -0.269453       -0.279071        -0.27105 
      -0.258468       -0.257554       -0.242782       -0.247235       -0.281781       -0.303974       -0.272722        -0.24484       -0.272266 
       -0.28551        -0.28551        -0.28551        -0.28551        -0.28551        -0.28551        -0.28551        -0.28551        -0.28551 
      -0.140947       -0.238149       -0.154652        -0.17855       -0.214198       -0.190955        -0.20118       -0.200808       -0.194439 
      -0.221786        -0.22369       -0.179887       -0.208293       -0.196326       -0.206573       -0.189063       -0.207001       -0.172332 
       -0.20205       -0.225498       -0.202475       -0.202249       -0.212199       -0.227436       -0.229608       -0.235849       -0.202467 
       -0.20066       -0.210935        -0.20084       -0.190149       -0.186719       -0.175653       -0.195508       -0.196739       -0.238974 
      -0.221148       -0.205508       -0.189362       -0.211622       -0.209802        -0.22889        -0.27117       -0.191816       -0.195147 
      -0.228492       -0.200352       -0.176116       -0.200091        -0.16876       -0.193092        -0.21938       -0.185613        -0.19458 
      -0.209934       -0.199807       -0.206838       -0.201067       -0.192779       -0.211242       -0.213503       -0.194546       -0.191636 
      -0.162097       -0.181453       -0.155438       -0.183538       -0.191874       -0.178083       -0.180448       -0.190618       -0.179805 
      -0.177715       -0.191556       -0.205364       -0.177368       -0.216295       -0.232419       -0.222269        -0.23653       -0.256396 
      -0.202409       -0.202409       -0.202409       -0.202409       -0.202409       -0.202409       -0.202409       -0.202409       -0.202409 

bb.hodotdc.timewalk1map = 
              0               0               0               0               0               0               0               0               0 
              0               0               0               0               0               0               0               0               0 
              0               0               0               0               0               0               0               0               0 
              0               0               0               0               0               0               0               0               0 
              0               0               0               0               0               0               0               0               0 
              0               0               0               0               0               0               0               0               0 
              0               0               0               0               0               0               0               0               0 
              0               0               0               0               0               0               0               0               0 
              0               0               0               0               0               0               0               0               0 
              0               0               0               0               0               0               0               0               0 
              0               0               0               0               0               0               0               0               0 
              0               0               0               0               0               0               0               0               0 
              0               0               0               0               0               0               0               0               0 
              0               0               0               0               0               0               0               0               0 
              0               0               0               0               0               0               0               0               0 
              0               0               0               0               0               0               0               0               0 
              0               0               0               0               0               0               0               0               0 
              0               0               0               0               0               0               0               0               0 
              0               0               0               0               0               0               0               0               0 
              0               0               0               0               0               0               0               0               0 

bb.hodotdc.vscint = 
       0.130529        0.147883         0.11649        0.123004        0.127047        0.127905        0.140396        0.137668        0.136244 
       0.148918        0.139785        0.138926        0.137778        0.139211        0.144763        0.139827        0.143562        0.139165 
       0.143535        0.141365        0.140487        0.140792         0.14409        0.145234        0.140369        0.143338        0.144393 
       0.144698        0.139976        0.146544        0.142236        0.146196        0.137887        0.135137        0.140425        0.138289 
       0.140418        0.140429        0.140771        0.140765        0.143913        0.146151        0.138259        0.142789        0.143873 
       0.144718        0.140485        0.138859        0.137509        0.136956        0.135441        0.139926        0.138565        0.137283 
       0.139919        0.138484        0.138346        0.142624        0.142864         0.13723        0.138987         0.14619        0.142086 
       0.139523         0.14448        0.141417        0.140908        0.140411        0.142091        0.138845           0.141        0.136874 
       0.144207        0.142372        0.145541        0.144501        0.135516        0.140175        0.129818        0.137426        0.138835 
       0.140747        0.140747        0.140747        0.140747        0.140747        0.140747        0.140747        0.140747        0.140747 

bb.hodotdc.meantime_offset = 
        3.28513         5.18997         3.03624         2.31075         3.04914         2.48751         2.54773         2.70896         1.74111 
        2.50041        0.918319          1.2877         1.69325         0.63936        0.846666         0.50679         1.22589         1.02409 
       0.785758        0.756346        0.466377       0.0680644        0.902972         1.36099         1.47455         1.68525         1.82433 
        1.66074         1.46638         1.99976        0.952641         1.18454       -0.317256        -1.15288       -0.647513       -0.445524 
      0.0577146       -0.908645       -0.442487        0.556239      -0.0171093         0.22385        0.871886     -0.00251065      -0.0298745 
       0.275234      -0.0644998        0.205007        0.219319        -1.04878       -0.433648       -0.702505        -1.50324       -0.845555 
      -0.227234       -0.842267       -0.477743        -1.09395        -1.77547       -0.681171       -0.404148       -0.244157       -0.367895 
        0.50199        0.417401       -0.244471        0.619683        0.406585        0.230923         1.10757         1.52892         1.87334 
        2.08061          3.2905         2.27298         2.31276          2.2343          2.5412         1.58941         2.56489         3.38843 
         2.8868          2.8868          2.8868          2.8868          2.8868          2.8868          2.8868          2.8868          2.8868 

bb.hodotdc.rf_offset = 
       0.172876         0.48497        0.848895        0.848895        0.848895        0.647338        0.883632        0.908077        0.978846 
        1.10825         1.19156         1.19883         1.32385         1.32485         1.45637         1.62573         1.36475         1.36475 
        1.36475         1.36475         1.36475         1.45416         1.45072         1.49468         1.52048         1.61136         1.61639 
        1.64944         1.67451         1.76476         1.83519         1.87988         1.74953         1.75773         1.72033         1.69039 
        1.79322         1.73505         1.79834         1.78964         1.85652         1.76049         1.63987         1.79413         1.82641 
          1.855         1.87309         1.92181         1.95406         1.90743         1.88888         1.89779         1.91792         1.96877 
        1.96294         2.01909         2.01801         2.01863           2.089         2.06458         2.19079         2.32091         2.32428 
        2.40595         2.34327         2.34296         2.27454         2.29517         2.27633          2.2471         2.18815         2.21582 
         2.2781         2.35772         2.36602         2.41517           2.309         2.31747         1.89579         2.31747         2.31747 
        2.31747         2.31747         2.31747         2.31747         2.31747         2.31747         2.31747         2.31747         2.31747 

bb.hodotdc.tdiffoffset = 
              0               0               0               0               0               0               0               0               0 
              0               0               0               0               0               0               0               0               0 
              0               0               0               0               0               0               0               0               0 
              0               0               0               0               0               0               0               0               0 
              0               0               0               0               0               0               0               0               0 
              0               0               0               0               0               0               0               0               0 
              0               0               0               0               0               0               0               0               0 
              0               0               0               0               0               0               0               0               0 
              0               0               0               0               0               0               0               0               0 
              0               0               0               0               0               0               0               0               0 

-------[ 2023-10-19 17:42:00 ] # GEN4b -> set3: 5805 - 6083
bb.hodotdc.trigtime_central = 343.0
bb.hodotdc.timewalk0map = 
      -0.262724       -0.333584        -0.29416        -0.31836       -0.242193       -0.266147       -0.254067       -0.252932       -0.263278 
      -0.245183       -0.232423       -0.253961       -0.274406       -0.265913       -0.257319        -0.25751       -0.275389       -0.279698 
      -0.252296       -0.288402       -0.266502       -0.255098       -0.266455       -0.258777       -0.283988       -0.267603       -0.268882 
      -0.272112       -0.355295       -0.279695       -0.260092       -0.261502        -0.25929       -0.274819       -0.269372       -0.316836 
       -0.29953       -0.297819       -0.274522       -0.334029       -0.270552       -0.297735       -0.335083       -0.290222        -0.26665 
      -0.303721       -0.301939       -0.283595       -0.280162       -0.266734        -0.32021       -0.299329       -0.281683       -0.293649 
      -0.281391       -0.280637       -0.288332       -0.296268       -0.273806       -0.294853       -0.330137       -0.273574       -0.264299 
      -0.268481       -0.279501       -0.240137       -0.276001       -0.287808       -0.265919       -0.266969       -0.275606       -0.269087 
      -0.262701       -0.259591        -0.24688       -0.249111       -0.277618       -0.299219       -0.229068       -0.270838       -0.276596 
      -0.286207       -0.286207       -0.286207       -0.286207       -0.286207       -0.286207       -0.286207       -0.286207       -0.286207 
      -0.154165       -0.244201       -0.198161       -0.222867       -0.194578        -0.19168        -0.19948       -0.193285       -0.196166 
      -0.220915       -0.220406       -0.181631        -0.20914       -0.194727        -0.20776       -0.198323       -0.214819       -0.188896 
       -0.21512       -0.227454       -0.201135       -0.200684       -0.209287       -0.226983       -0.228599       -0.238439       -0.203718 
      -0.199596       -0.238919       -0.202302        -0.19051        -0.17937       -0.174633        -0.19887       -0.199929       -0.238975 
      -0.222994       -0.207291        -0.19001       -0.213268       -0.211134       -0.228092       -0.232942        -0.19235       -0.195997 
      -0.229479       -0.201919       -0.176288       -0.199771       -0.170599       -0.192796       -0.220518       -0.185735       -0.193842 
      -0.209873       -0.202017       -0.206488       -0.197857       -0.194538       -0.189291       -0.213129       -0.196125       -0.192094 
      -0.161977       -0.184948       -0.156285       -0.185802       -0.191733       -0.177824       -0.177844       -0.188973       -0.177187 
      -0.182669       -0.190326       -0.208697       -0.178866       -0.210915       -0.225781       -0.179044       -0.253238       -0.259213 
      -0.202313       -0.202313       -0.202313       -0.202313       -0.202313       -0.202313       -0.202313       -0.202313       -0.202313 

bb.hodotdc.timewalk1map = 
              0               0               0               0               0               0               0               0               0 
              0               0               0               0               0               0               0               0               0 
              0               0               0               0               0               0               0               0               0 
              0               0               0               0               0               0               0               0               0 
              0               0               0               0               0               0               0               0               0 
              0               0               0               0               0               0               0               0               0 
              0               0               0               0               0               0               0               0               0 
              0               0               0               0               0               0               0               0               0 
              0               0               0               0               0               0               0               0               0 
              0               0               0               0               0               0               0               0               0 
              0               0               0               0               0               0               0               0               0 
              0               0               0               0               0               0               0               0               0 
              0               0               0               0               0               0               0               0               0 
              0               0               0               0               0               0               0               0               0 
              0               0               0               0               0               0               0               0               0 
              0               0               0               0               0               0               0               0               0 
              0               0               0               0               0               0               0               0               0 
              0               0               0               0               0               0               0               0               0 
              0               0               0               0               0               0               0               0               0 
              0               0               0               0               0               0               0               0               0 

bb.hodotdc.vscint = 
       0.128525        0.126688        0.126783        0.122584        0.122618        0.126313        0.141322        0.136579        0.133811 
        0.14821        0.139228          0.1384        0.136355        0.137598        0.145567        0.139686         0.14293         0.13881 
       0.145127        0.140861        0.140137        0.140995        0.143104        0.145137         0.14065        0.142172         0.14333 
       0.142094        0.140836        0.146119        0.141446        0.143139         0.13888        0.135434        0.140604        0.138022 
       0.140954        0.140371        0.140851         0.14236        0.143902        0.147239        0.147046        0.142957        0.143843 
       0.145083        0.140836        0.138256         0.13741        0.137084         0.13573        0.140398        0.138474        0.136472 
       0.141107        0.138611        0.138224        0.142215        0.143001        0.139218        0.138525        0.145568         0.14184 
       0.139379        0.144687        0.140923        0.141148        0.139286        0.142747        0.139644         0.14093        0.137388 
       0.143499        0.141304        0.144691        0.144204        0.135007        0.134218        0.124342        0.138929        0.141321 
       0.141126        0.141126        0.141126        0.141126        0.141126        0.141126        0.141126        0.141126        0.141126 

bb.hodotdc.meantime_offset = 
        3.11224         4.71313         3.86345         3.15958         2.93085         2.47269          2.7584         2.79341         1.99463 
        2.70806         1.18232         1.61257         1.95447        0.841916         1.14394         1.29867         1.71014         1.74761 
        1.42523        0.988391        0.606701        0.259257         1.01676         1.55119         1.79796         1.85205         1.97108 
         1.7571         2.27538         2.14577          1.0676         1.11765       -0.224411        -1.03382       -0.507342       -0.372817 
       0.145433       -0.842691       -0.408456        0.542746      -0.0463545        0.309264      -0.0648504       0.0235696      -0.0122317 
       0.275264      -0.0522991        0.194425         0.21384        -1.03925       -0.433939       -0.641584        -1.46139       -0.781604 
      -0.204737       -0.771759       -0.468116        -1.06913        -1.73168        -1.29411       -0.363098       -0.177786       -0.335344 
       0.522735        0.486068       -0.240394        0.661169        0.384498         0.19765         1.03947          1.3573         1.74282 
        2.08028         3.16587         2.22402         2.27493         2.02525         2.24808        0.566987          2.6653         3.28725 
        2.00507         2.00507         2.00507         2.00507         2.00507         2.00507         2.00507         2.00507         2.00507 

bb.hodotdc.rf_offset = 
        2.51303         2.42485         2.42485         2.57709         2.57709         2.48148         2.60482         2.57606         2.65971 
        2.81644         2.79567         2.85559         2.99366         3.05079          3.1425         2.70856         2.70856         2.70856 
        2.70856         3.07147          3.1219         3.19602         3.20335         3.23363         3.28081         3.37505         3.40345 
         3.4389         3.48063         3.58302         3.68081         3.66244         3.59829         3.64093         3.56596         3.54017 
        3.68687         3.63505         3.71372         3.70469         3.77665         3.65266         3.72691          3.7306         3.75728 
        3.79648         3.82175         3.87129         3.90457         3.82172         3.82039         3.78303         3.81832         3.87532 
        3.88368         3.93046         3.93801          3.9392         4.01578         4.00081         4.10048         4.21296         4.23914 
        4.31828         4.27076         4.27739         4.20599         4.21246         4.24456         4.18186         4.22848         4.25471 
        4.32037         4.40186          4.3986         4.39317         4.38579         4.37214         4.37581         4.37581         4.37581 
        4.37581         4.37581         4.37581         4.37581         4.37581         4.37581         4.37581         4.37581         4.37581 

bb.hodotdc.tdiffoffset = 
              0               0               0               0               0               0               0               0               0 
              0               0               0               0               0               0               0               0               0 
              0               0               0               0               0               0               0               0               0 
              0               0               0               0               0               0               0               0               0 
              0               0               0               0               0               0               0               0               0 
              0               0               0               0               0               0               0               0               0 
              0               0               0               0               0               0               0               0               0 
              0               0               0               0               0               0               0               0               0 
              0               0               0               0               0               0               0               0               0 
              0               0               0               0               0               0               0               0               0 


--------[ 2023-11-16 00:00:00 ] # approximate start of Pion A_LL


--------[ 2024-04-04 23:00:00 ] # approximate start of GEN-RP
bb.hodotdc.timewalk0map =
      -0.342522       -0.316244       -0.301727       -0.309895       -0.282779       -0.295017       -0.302865       -0.283869       -0.290917
      -0.281151       -0.261584       -0.309034       -0.297735        -0.29796        -0.31675       -0.294401       -0.293196        -0.30514
      -0.283757       -0.298188       -0.299365       -0.312088       -0.296975       -0.283949       -0.298968       -0.281094       -0.302893
      -0.301762       -0.298116       -0.304862       -0.298264       -0.298194       -0.291004       -0.300847       -0.299333       -0.309877
      -0.306356       -0.314035       -0.302979       -0.329887        -0.31424       -0.303841       -0.337206       -0.308977        -0.29427
      -0.312021       -0.316502       -0.311587       -0.301794       -0.300751       -0.320322       -0.306597       -0.303151         -0.3065
      -0.298078       -0.304079        -0.30073       -0.313226       -0.298153       -0.307912       -0.323468       -0.300629       -0.294016
      -0.291708        -0.30394        -0.28685       -0.297975       -0.302794       -0.291358       -0.291991       -0.289496       -0.294727
      -0.289169       -0.286727       -0.273996       -0.279276       -0.289964       -0.294833       -0.264756       -0.255808       -0.291372
      -0.273319       -0.230707       -0.270082       -0.238571       -0.267111       -0.300533       -0.300533       -0.300533       -0.300533
      -0.229838       -0.218576       -0.212658       -0.214973        -0.23522       -0.219326       -0.223006       -0.204378       -0.209082
      -0.241136       -0.236691       -0.214786       -0.222265       -0.221247       -0.211748       -0.224227       -0.222553       -0.212069
       -0.23453        -0.22793       -0.222859       -0.213779       -0.222945       -0.234844       -0.221891       -0.237761       -0.215081
      -0.216712        -0.22345         -0.2191       -0.221167       -0.204396        -0.21281       -0.214575       -0.225789       -0.227266
      -0.222213       -0.213718       -0.218254       -0.201959       -0.212252       -0.228747        -0.19926       -0.209662       -0.218258
      -0.226423        -0.21469       -0.201138       -0.216868       -0.198533       -0.203223       -0.217085       -0.201297       -0.203471
      -0.213978       -0.213881       -0.215113       -0.203555       -0.209937       -0.203578       -0.214045       -0.211325       -0.213081
      -0.187055       -0.203983        -0.19988       -0.200309       -0.200147       -0.192703       -0.193378       -0.200443       -0.195155
      -0.201834       -0.207478       -0.216086       -0.198045       -0.213603       -0.213462       -0.211065       -0.207381       -0.231824
      -0.226217       -0.222249       -0.253807       -0.210605       -0.267797       -0.212878       -0.212878       -0.212878       -0.212878

bb.hodotdc.timewalk1map =
              0               0               0               0               0               0               0               0               0
              0               0               0               0               0               0               0               0               0
              0               0               0               0               0               0               0               0               0
              0               0               0               0               0               0               0               0               0
              0               0               0               0               0               0               0               0               0
              0               0               0               0               0               0               0               0               0
              0               0               0               0               0               0               0               0               0
              0               0               0               0               0               0               0               0               0
              0               0               0               0               0               0               0               0               0
              0               0               0               0               0               0               0               0               0
              0               0               0               0               0               0               0               0               0
              0               0               0               0               0               0               0               0               0
              0               0               0               0               0               0               0               0               0
              0               0               0               0               0               0               0               0               0
              0               0               0               0               0               0               0               0               0
              0               0               0               0               0               0               0               0               0
              0               0               0               0               0               0               0               0               0
              0               0               0               0               0               0               0               0               0
              0               0               0               0               0               0               0               0               0
              0               0               0               0               0               0               0               0               0

bb.hodotdc.vscint =
       0.122134        0.123879        0.128435        0.125475        0.133538        0.124737        0.124361        0.118896        0.116606
       0.136306         0.13352        0.117096        0.123227        0.125703        0.128113        0.130442        0.125895        0.122243
       0.129207        0.122985        0.124203        0.118653        0.124227        0.129586        0.122066        0.127323        0.122725
        0.12274        0.125719        0.124957        0.126332        0.126968        0.126337        0.118928        0.123128        0.118596
       0.118808        0.117218        0.121283         0.11283        0.120953        0.124624        0.107616        0.119591        0.124387
       0.120128        0.118309        0.118286        0.120557        0.117019        0.112336        0.119173         0.11581        0.114833
       0.118808        0.115882        0.118083        0.114467        0.120944         0.11706        0.116187        0.119955        0.120675
       0.117693        0.120912        0.117143        0.121065         0.11787        0.119421        0.118519        0.119514        0.117791
       0.119644        0.122436        0.127222        0.123313        0.120956        0.117439        0.123381        0.121145        0.120526
       0.123994        0.123114        0.139106        0.125561        0.141736        0.120623        0.120623        0.120623        0.120623

bb.hodotdc.meantime_offset =
        3.392900       -1.107411       -0.495785        0.229846       -0.001365       -0.827890       -0.208043       -0.561854       -0.780376
       -0.441500       -2.104345       -1.882948       -1.126624       -2.776295       -1.658754       -1.737520       -2.482927       -2.340184
       -1.946923       -2.719581       -2.141897       -1.930986       -1.458363       -0.723677       -0.754170       -0.828675       -0.118509
       -0.145091       -0.260914        1.031171       -0.124162        0.553954       -0.791286       -1.121976       -0.539970       -0.723241
       -0.235761       -0.362958        0.149420        0.423884        1.522579        1.226815        0.677889        1.055998        0.875048
        1.215161        1.745415        1.404337        1.738069        0.956428        0.627724        0.592410       -0.516590        0.190147
        0.932377        0.145204        0.816336        0.226710        0.302724       -0.453515        0.857317        1.975971        1.806398
        2.661950        2.139086        0.926819        1.300233        0.928467        0.222284        1.444055        1.347701        1.634014
        1.787506        2.883749        1.715784        2.537756        1.651940        1.331139        1.516807        0.386168        2.190647
        5.078119        0.148495        6.941478        2.030416       10.113152        3.529490        3.529490        3.529490        3.529490

bb.hodotdc.rf_offset =
              0         -1.6021        -1.58258        -1.19384         -1.2121       -0.916419        -1.01963       -0.990765       -0.872806
       -1.33492        -1.52559        -0.82314       -0.540983       -0.472802       -0.256258       -0.464618       -0.346957       -0.278717
      -0.671627       -0.591618       -0.531014       -0.228136       -0.512485       -0.737413       -0.450958       -0.700471       -0.207724
      -0.279903       -0.268505       -0.166203       -0.155631      -0.0610692       -0.310971        -0.29213       -0.465192       -0.387096
      -0.270552       -0.119247       -0.277192       0.0730326       -0.274782       -0.355875         0.24091      -0.0677239       -0.187861
     -0.0762877       0.0324374        0.148745      -0.0612445      0.00281464       0.0363687       -0.173995      -0.0299195       0.0245751
      -0.131477      -0.0574349      -0.0773448       0.0797393      -0.0340476        0.085109        0.201819        0.249073        0.238033
       0.454225        0.373136        0.368642        0.261056        0.326175        0.355658        0.332107        0.377309        0.386283
        0.39658        0.326742        0.201689         0.32164        0.219317        0.244607        0.213977        0.334683        0.551694
        0.84369         1.03306         1.72769         1.22486               0               0               0               0               0
