------[ 2021-01-01 00:00:00 ]

#grinch detector map
## crate slot start_channel end_channel
bb.grinch_tdc.detmap =
  7     3     0   127   526 0
  7     4     0   127   526 0
  7     5     0   127   526 0
  7     6     0   127   526 0
#  5     6     126 127  -1  526# # Bogus reference TDC


bb.grinch_tdc.chanmap =
        0  1   2   3   4   5   6   7   8   9  10  11  12  13  14  15
        16 17  18  19  20  21  22  23  24  25  26  27  28  29  30 31
        32 33  34  35  36  37  38  39  40  41  42  43  44  45  46 47
        48 49  50  51  52  53  54  55  56  57  58  59  60  61  62 63
        64 65  66  67  68  69  70  71  72  73  74  75  76  77  78 79
        80 81  82  83  84  85  86  87  88  89  90 91  92  93  94  95
        96 97  98  99 100 101 102 103 104 105 106 107 108 109 110 111
        112 113 114 115 116 117 118 119 120 121 122 123 124 125 126 127
        128 129 130 131 132 133 134 135 136 137 138 139 140 141 142 143
        144 145 146 147 148 149 150 151 152 153 154 155 156 157 158 159
        160 161 162 163 164 165 166 167 168 169 170 171 172 173 174 175
        176 177 178 179 180 181 182 183 184 185 186 187 188 189 190 191
        192 193 194 195 196 197 198 199 200 201 202 203 204 205 206 207
        208 209 210 211 212 213 214 215 216 217 218 219 220 221 222 223
        224 225 226 227 228 229 230 231 232 233 234 235 236 237 238 239
        240 241 242 243 244 245 246 247 248 249 250 251 252 253 254 255
        256 257 258 259 260 261 262 263 264 265 266 267 268 269 270 271
        272 273 274 275 276 277 278 279 280 281 282 283 284 285 286 287
        288 289 290 291 292 293 294 295 296 297 298 299 300 301 302 303
        304 305 306 307 308 309 310 311 312 313 314 315 316 317 318 319
        320 321 322 323 324 325 326 327 328 329 330 331 332 333 334 335
        336 337 338 339 340 341 342 343 344 345 346 347 348 349 350 351
        352 353 354 355 356 357 358 359 360 361 362 363 364 365 366 367
        368 369 370 371 372 373 374 375 376 377 378 379 380 381 382 383
        384 385 386 387 388 389 390 391 392 393 394 395 396 397 398 399
        400 401 402 403 404 405 406 407 408 409 410 411 412 413 414 415
        416 417 418 419 420 421 422 423 424 425 426 427 428 429 430 431
        432 433 434 435 436 437 438 439 440 441 442 443 444 445 446 447
        448 449 450 451 452 453 454 455 456 457 458 459 460 461 462 463
        464 465 466 467 468 469 470 471 472 473 474 475 476 477 478 479
        480 481 482 483 484 485 486 487 488 489 490 491 492 493 494 495
        496 497 498 499 500 501 502 503 504 505 506 507 508 509 510 511

bb.grinch_tdc.chanmap_start = 0

bb.grinch_tdc.model_in_detmap = 1
bb.grinch_tdc.tdc.calib = 1
bb.grinch_tdc.position = 0 0 0.4824  ## z of entrance window, m
bb.grinch_tdc.size =  2.47015 1.1480 0.889 ## tank size, m
bb.grinch_tdc.xyz = -0.9145 -0.124 1.0 ## position of PMT 0, m (we don't really need z)
bb.grinch_tdc.dxdydz = 0.031 0.031 1.0 ## distance between PMTs, m (we don't really need z)

#bb.grinch_tdc.tdc.offset = 
#934.732 898.497 877.839 904.125 935.082 907.5 807.253 893.847 968.399 977.093 924.449 914.722 915.68 903.209 910.341 1018.05 
#898.022 866.058 925.31 897.5 948.625 902.556 862.911 968.141 850.43 937.649 841.838 890.814 902.475 916.589 1048.57 896.092 
#846.87 764.822 894.727 849.795 918.765 1101.85 960.957 903.619 923.887 963.785 889.411 801.453 904.775 848.824 970.584 909.294 
#898.535 868.857 897.313 902.395 780.294 901.85 897.72 902.401 918.706 1001.58 883.393 976.088 925.926 897.856 906.979 992.677 
#896.923 906.388 902.549 961.534 976.089 898.754 898.492 899.231 898.093 909.954 897.121 897.739 1056.04 923.342 904.691 902.271 
#899.879 901.886 897.364 904.591 905.654 895.366 899.222 893.233 897.373 897.274 896.783 897.658 903.506 903.262 899.056 898.857 
#896.523 901.364 899.118 897.972 897.408 804.091 951.885 898.212 897.826 896.568 897.021 898.2 901.754 896.781 1037.15 901.335 
#885.701 896.19 894.769 891.88 894.222 893.041 903.489 893.554 895.297 894.039 894.156 894.978 895.739 891.261 896.425 897.665 
#896.838 903.154 900.966 898.136 900.736 914.158 902.426 943.93 975.756 901.706 900.92 903.096 901.096 899.499 902.865 904.219 
#905.59 1005.03 903.358 900.971 902.741 901.361 902.022 900.277 904.854 950.396 900.848 903.036 903.088 899.267 904.848 902.472 
#904.695 1014.08 903.737 903.26 902.04 899.441 904.056 899.066 902.588 1087.71 971.887 902.09 902.58 899.309 903.713 906.311 
#896.091 906.04 926.408 901.239 901.321 899.79 901.942 899.092 903.698 901.417 899.746 894.787 905.351 899.24 904.51 906.975 
#898.051 904.463 903.204 907.156 902.298 899.716 899.86 898.96 901.775 902.23 903.311 886.768 921.576 899.366 902.887 904.982 
#901.303 907.893 904.369 902.564 879.139 903.492 901.51 898.336 900.972 904.132 902.248 903.92 1037.55 1075.35 902.83 903.862 
#896.012 902.903 898.628 896.64 899.76 1303.67 899.541 896.155 895.961 896.846 897.08 898.946 898.761 902.685 985.877 901.398 
#892.149 897.006 895.091 895.486 897.055 894.577 905.192 896.786 897.942 897.512 897.053 897.247 897.417 896.536 1005.37 905.419 
#892.69 898.413 895.395 893.506 897.048 894.627 900.747 902.232 894.743 893.438 895.664 897.413 895.441 893.307 890.466 1022.61 
#912.483 906.169 901.515 902.569 904.161 902.384 902.904 905.219 916.747 909.291 902.564 904.248 902.324 904.004 904.857 910.766 
#881.478 923.82 902.304 899.515 901.441 901.787 900.713 907.947 877.72 931.922 902.263 901.908 901.457 900.053 904.789 920.114 
#909.32 899.671 1006.6 903.189 903.119 901.595 902.13 902.47 926.41 919.134 907.209 907.502 902.165 902.28 905.55 905.58 
#897.5 931.789 903.238 1092.91 901.358 900.803 902.409 902.748 902.566 899.614 1023.36 908.072 903.804 902.618 903.983 904.177 
#889.701 905.306 903.865 1184.43 939.82 903.488 902.912 901.201 903.029 902.401 906.277 1202.15 901.054 925.366 902.412 903.038 
#897.558 905.3 903.191 912.823 897.998 968.652 902.042 898.993 901.179 900.955 901.756 903.62 919.848 1102.5 1052.58 909.241 
#893.235 903.144 900.161 897.285 897.643 876.808 910.13 902.534 901.001 899.648 900.849 901.068 900.825 905.27 1122.46 922.477 
#357.859 881.013 886.792 884.63 886.58 892.341 901.351 892.07 891.949 883.963 883.099 886.859 886.119 887.067 889.245 895.879 
#886.903 893.9 888.486 885.495 887.249 888.432 892.875 873.218 904.002 895.085 891.023 890.858 888.263 888.96 891.598 895.398 
#891.219 899.591 890.725 888.581 886.15 888.353 889.342 870.121 891.063 893.209 887.386 890.625 888.188 887.197 889.398 891.233 
#892.277 899.507 892.392 892.349 889.388 888.238 888.29 887.603 888.979 896.998 894.337 891.542 890.102 889.336 889.522 890.857 
#754.172 900.13 900.794 895.318 890.862 890.826 888.801 886.598 887.602 889.249 893.079 893.26 893.054 891.725 890.381 891.948 
#885.963 891.688 904.251 899.292 893.322 890.117 895.521 883.605 890.891 893.279 895.671 915.278 899.889 894.321 894.65 897.404 
#857.334 894.092 901.641 898.871 904.75 890.726 892.662 912.063 893.152 879.486 1014.21 1065.72 643.876 884.985 902.354 895.676 
#904.942 950.824 900.848 903.21 918.213 928.036 888.823 969.228 898.003 891.66 899.725 908.907 895.603 812.674 897.5 897.5 

# A new set of GRINCH TDC offsets applicable to GMN with trigger phase correction and alignment to hodoscope "tfinal" variable (using SBS-9 LH2 data):
bb.grinch_tdc.tdc.offset = 
    935.3577     899.1227     878.4647     900.0674     935.7077     901.4937     807.8787     894.4727     969.0247     977.7187     925.0747     904.8044     910.3661     897.7882     899.5659     1014.147 
    894.1187     862.1547     921.4067     895.5965     944.7217     897.8872     873.9436     964.2377     846.5267     933.7457     839.4149     894.3746     895.6267     896.5566     1043.997     902.1211 
    845.1402     763.2771     893.1821     844.2139     899.2573     1103.064     957.7529     899.6698     900.5201     961.2684      889.232     800.6622     899.7116     850.5636      976.458     903.0872 
    900.4175     876.9605     900.0223     905.8264     780.6535      900.688     901.6589     899.1152     901.8389     1002.705     901.8393     974.3043     901.6897     899.4869     901.8715     991.8694 
    898.1101     905.5001     902.8647     962.3362     979.1648     900.7013     902.5656     899.6416     900.8384     902.6546      901.573     903.0219     1054.075     899.8549     902.1176     902.2221 
    896.9615      903.441     900.0454     897.3834     901.7909      899.787     899.5634     895.9597       897.39     898.4766     898.0601     899.5592     898.3628     903.7836      900.376      901.722 
    898.0594     904.3662      900.565     901.0918     898.7315     786.2236     939.8475      897.724     898.0082      898.875     898.7727     899.7222     892.6712     896.8375     1037.615     901.7551 
    888.8534     898.0496     895.4229      893.555     895.3555     893.5201     895.2855     891.7473     895.1135     894.2033     894.5415     896.0581     896.1732     891.8864     897.4973     897.1815 
    893.6518     903.9307     901.8658     898.9243     902.4479     913.2689     903.3308     940.7823     973.9981     901.7277     902.7052     904.4689     903.3416     900.5797     905.4957     907.1173 
    899.5307      992.891     904.5763     902.1517     904.1203     902.2182     903.4323     900.7694     904.3413      949.761     902.1158     904.6666     904.8068     900.1154     906.5566     905.0622 
    904.4141     1014.995     905.1929     906.0693     905.0349     901.5631      905.945     901.7221     904.1611     1087.894     970.9538     905.1909     906.1238     901.9994     906.0553     907.7994 
    897.6436     909.3238     925.3047     903.9462     904.1648     904.0398     903.7416     901.2129      905.371     904.9429     901.7774     898.2302     906.0622     902.5654     907.5113     908.7506 
    899.0341     906.1971     904.8224     907.8326     902.0936     904.2536     903.6172     900.4449     902.9546     903.6401     904.2134     907.0658     928.4512     901.4296     906.2699     907.7692 
     902.613     909.6001     904.9808     903.1851     883.1476     905.1239     904.8302     901.2246     903.5483     906.2569     904.2897     905.1188     1038.474     1076.863     906.4233      907.439 
    899.6457     906.0513      901.182     898.9456     900.9856     1303.508     900.8641     897.8352     899.4155     900.2783     900.3574     901.9448     901.5977     902.3429     987.1521     904.5098 
    894.6765     900.1645     898.2825     898.7903     900.2027     900.3167       905.42     897.8534     901.0372     900.5061     899.8497     899.9578     900.5514     898.4264     1006.229     907.3218 
    893.6858     900.7955      897.696     895.8216     898.9218     896.3534     901.8692     901.7168     897.6137     895.7829      897.859     899.5301     897.4657     894.8702     889.7536     1019.539 
    911.5121      909.208     903.6576     904.6912      905.877     905.2184       905.44     904.8505     915.8189     906.1177     905.1643     906.3287     904.4473      906.016     907.2193      904.746 
    878.5661     909.3785     904.0658     901.9338     903.5009     903.5742     903.8353     906.4001     879.1086     928.1857     904.5166     905.3746     903.5049     901.7691     906.5054     907.2275 
    907.0495     899.7232     1003.455     906.5854     905.8849     903.8169     904.1036      903.871     905.8239     908.2456     900.7469     906.2101     905.8076     904.8359     907.6155     907.3948 
    901.1081      929.316     909.0797     1092.653     905.7631     904.0803     905.3419     904.9161     904.6948     908.1031     1025.876     912.6174     905.7603     907.4151      907.894     907.4567 
    894.7598     909.4182     907.9179     1186.702     939.2366     907.5431      908.225     904.9938     907.0723     906.3043     906.8298     1197.882     902.9064     905.8909     907.3707     908.8917 
    902.0686     909.9116     907.5299     913.8532     898.9178     970.4339     906.3049     904.1689     906.3306     906.2513      907.229      908.482     919.0609      1103.32      1055.61     909.4162 
    896.3147     908.3103     905.2416     902.4326     905.2879     889.6041     913.0604     905.3087     905.7378     904.5359     905.5278     905.6993     904.7029      905.099     1120.708      906.398 
    356.6797     889.9391     891.0579     888.2771     889.4479     890.1666     890.1824     892.7742      889.462     889.4956     887.5344     890.8083     889.0233     889.2097     892.5946     899.7062 
    889.8538     893.5015     891.0924     889.0022     890.7719     891.8712     893.3284     890.8074     903.4724     892.8015     892.5803     893.0963     891.8533     892.3562     894.5876     896.4212 
    890.9571      895.259     891.9893     891.7875     890.4277     892.5936     893.3577     892.2834     891.6389     893.1471     892.1622     894.2611     892.5633     891.9012      894.039     895.9692 
    892.7608     899.8378     893.5598     894.1007      892.787     892.8442     893.4864       892.13     893.1749     894.1685      893.699     894.0539     893.4217     893.4617     894.6352     895.9751 
    882.2270     896.9234     896.2819      893.966     893.5787     894.0189     893.9522     892.0938     892.4538     891.9006     895.8262     894.0241     893.2879     893.2428     894.4969     896.1509 
    891.7863     895.4869     904.4114     895.1526     893.0319     892.2202     893.2493     889.6154     895.9899     897.0703     898.5504     915.9892      898.407     894.8349     897.6029     899.8613 
    866.0889       896.77     901.3619     899.6586     908.1388     894.5348     895.6426     895.0721     892.9186      884.164     1017.599     1069.109     647.2648     891.0387     905.7428     900.3828 
    908.3308     954.2128     904.2368     906.5988     921.6018     931.4248     892.2118     972.6168     901.3918     895.0488     903.1138     912.2958     898.9918     816.0628     900.8888     900.8888 


bb.grinch_tdc.usetrigphasecorr = 1
bb.grinch_tdc.trigphaseoffset = 1
bb.grinch_tdc.trigphasemultiple = 2

# after defining individual TDC channel offsets, we set "GoodTimeCut" to zero for GRINCH TDC hits:
bb.grinch_tdc.tdc.GoodTimeCut = 0.0
# set a somewhat looser software window for GRINCH TDC hits:
bb.grinch_tdc.hit_mintime = -50.0
bb.grinch_tdc.hit_maxtime = 50.0
#bb.grinch_tdc.reftdcGoodTimeCut = 50


#grinch geometry info
bb.grinch_tdc.nrows = 61
bb.grinch_tdc.ncols =
        8 9 8 9 8 9 8 9 8 9 8 9
        8 9 8 9 8 9 8 9 8 9 8 9
        8 9 8 9 8 9 8 9 8 9 8 9
        8 9 8 9 8 9 8 9 8 9 8 9
        8 9 8 9 8 9 8 9 8 9 8 9
        2
bb.grinch_tdc.nlayers = 1

#bb.grinch2_tdc.adc.pedestal =
#  0 0 0 0 0 0 0 0 0 0 0 0 0 0 0 0
#  0 0 0 0 0 0 0 0 0 0 0 0 0 0 0 0
#  0 0 0 0 0 0 0 0 0 0 0 0 0 0 0 0
#  0 0 0 0 0 0 0 0 0 0 0 0 0 0 0 0

bb.grinch_tdc.amp_tot_coeffs = 1.



bb.grinch_tdc.xpos = 
-0.9145 -0.9145 -0.9145 -0.9145 -0.9145 -0.9145 -0.9145 -0.9145 
-0.8835 -0.8835 -0.8835 -0.8835 -0.8835 -0.8835 -0.8835 -0.8835 -0.8835 
-0.8525 -0.8525 -0.8525 -0.8525 -0.8525 -0.8525 -0.8525 -0.8525 
-0.8215 -0.8215 -0.8215 -0.8215 -0.8215 -0.8215 -0.8215 -0.8215 -0.8215 
-0.7905 -0.7905 -0.7905 -0.7905 -0.7905 -0.7905 -0.7905 -0.7905 
-0.7595 -0.7595 -0.7595 -0.7595 -0.7595 -0.7595 -0.7595 -0.7595 -0.7595 
-0.7285 -0.7285 -0.7285 -0.7285 -0.7285 -0.7285 -0.7285 -0.7285 
-0.6975 -0.6975 -0.6975 -0.6975 -0.6975 -0.6975 -0.6975 -0.6975 -0.6975 
-0.6665 -0.6665 -0.6665 -0.6665 -0.6665 -0.6665 -0.6665 -0.6665 
-0.6355 -0.6355 -0.6355 -0.6355 -0.6355 -0.6355 -0.6355 -0.6355 -0.6355 
-0.6045 -0.6045 -0.6045 -0.6045 -0.6045 -0.6045 -0.6045 -0.6045 
-0.5735 -0.5735 -0.5735 -0.5735 -0.5735 -0.5735 -0.5735 -0.5735 -0.5735 
-0.5425 -0.5425 -0.5425 -0.5425 -0.5425 -0.5425 -0.5425 -0.5425 
-0.5115 -0.5115 -0.5115 -0.5115 -0.5115 -0.5115 -0.5115 -0.5115 -0.5115 
-0.4805 -0.4805 -0.4805 -0.4805 -0.4805 -0.4805 -0.4805 -0.4805 
-0.4495 -0.4495 -0.4495 -0.4495 -0.4495 -0.4495 -0.4495 -0.4495 -0.4495 
-0.4185 -0.4185 -0.4185 -0.4185 -0.4185 -0.4185 -0.4185 -0.4185 
-0.3875 -0.3875 -0.3875 -0.3875 -0.3875 -0.3875 -0.3875 -0.3875 -0.3875 
-0.3565 -0.3565 -0.3565 -0.3565 -0.3565 -0.3565 -0.3565 -0.3565 
-0.3255 -0.3255 -0.3255 -0.3255 -0.3255 -0.3255 -0.3255 -0.3255 -0.3255 
-0.2945 -0.2945 -0.2945 -0.2945 -0.2945 -0.2945 -0.2945 -0.2945 
-0.2635 -0.2635 -0.2635 -0.2635 -0.2635 -0.2635 -0.2635 -0.2635 -0.2635 
-0.2325 -0.2325 -0.2325 -0.2325 -0.2325 -0.2325 -0.2325 -0.2325 
-0.2015 -0.2015 -0.2015 -0.2015 -0.2015 -0.2015 -0.2015 -0.2015 -0.2015 
-0.1705 -0.1705 -0.1705 -0.1705 -0.1705 -0.1705 -0.1705 -0.1705 
-0.1395 -0.1395 -0.1395 -0.1395 -0.1395 -0.1395 -0.1395 -0.1395 -0.1395 
-0.1085 -0.1085 -0.1085 -0.1085 -0.1085 -0.1085 -0.1085 -0.1085 
-0.0775 -0.0775 -0.0775 -0.0775 -0.0775 -0.0775 -0.0775 -0.0775 -0.0775 
-0.0465 -0.0465 -0.0465 -0.0465 -0.0465 -0.0465 -0.0465 -0.0465 
-0.0155 -0.0155 -0.0155 -0.0155 -0.0155 -0.0155 -0.0155 -0.0155 -0.0155 
0.0155 0.0155 0.0155 0.0155 0.0155 0.0155 0.0155 0.0155 
0.0465 0.0465 0.0465 0.0465 0.0465 0.0465 0.0465 0.0465 0.0465 
0.0775 0.0775 0.0775 0.0775 0.0775 0.0775 0.0775 0.0775 
0.1085 0.1085 0.1085 0.1085 0.1085 0.1085 0.1085 0.1085 0.1085 
0.1395 0.1395 0.1395 0.1395 0.1395 0.1395 0.1395 0.1395 
0.1705 0.1705 0.1705 0.1705 0.1705 0.1705 0.1705 0.1705 0.1705 
0.2015 0.2015 0.2015 0.2015 0.2015 0.2015 0.2015 0.2015 
0.2325 0.2325 0.2325 0.2325 0.2325 0.2325 0.2325 0.2325 0.2325 
0.2635 0.2635 0.2635 0.2635 0.2635 0.2635 0.2635 0.2635 
0.2945 0.2945 0.2945 0.2945 0.2945 0.2945 0.2945 0.2945 0.2945 
0.3255 0.3255 0.3255 0.3255 0.3255 0.3255 0.3255 0.3255 
0.3565 0.3565 0.3565 0.3565 0.3565 0.3565 0.3565 0.3565 0.3565 
0.3875 0.3875 0.3875 0.3875 0.3875 0.3875 0.3875 0.3875 
0.4185 0.4185 0.4185 0.4185 0.4185 0.4185 0.4185 0.4185 0.4185 
0.4495 0.4495 0.4495 0.4495 0.4495 0.4495 0.4495 0.4495 
0.4805 0.4805 0.4805 0.4805 0.4805 0.4805 0.4805 0.4805 0.4805 
0.5115 0.5115 0.5115 0.5115 0.5115 0.5115 0.5115 0.5115 
0.5425 0.5425 0.5425 0.5425 0.5425 0.5425 0.5425 0.5425 0.5425 
0.5735 0.5735 0.5735 0.5735 0.5735 0.5735 0.5735 0.5735 
0.6045 0.6045 0.6045 0.6045 0.6045 0.6045 0.6045 0.6045 0.6045 
0.6355 0.6355 0.6355 0.6355 0.6355 0.6355 0.6355 0.6355 
0.6665 0.6665 0.6665 0.6665 0.6665 0.6665 0.6665 0.6665 0.6665 
0.6975 0.6975 0.6975 0.6975 0.6975 0.6975 0.6975 0.6975 
0.7285 0.7285 0.7285 0.7285 0.7285 0.7285 0.7285 0.7285 0.7285 
0.7595 0.7595 0.7595 0.7595 0.7595 0.7595 0.7595 0.7595 
0.7905 0.7905 0.7905 0.7905 0.7905 0.7905 0.7905 0.7905 0.7905 
0.8215 0.8215 0.8215 0.8215 0.8215 0.8215 0.8215 0.8215 
0.8525 0.8525 0.8525 0.8525 0.8525 0.8525 0.8525 0.8525 0.8525 
0.8835 0.8835 0.8835 0.8835 0.8835 0.8835 0.8835 0.8835 
0.9145 0.9145 0.9145 0.9145 0.9145 0.9145 0.9145 0.9145 0.9145 
1.0 1.0

bb.grinch_tdc.ypos = 
0.1085 0.0775 0.0465 0.0155 -0.0155 -0.0465 -0.0775 -0.1085 
0.124 0.093 0.062 0.031 0 -0.031 -0.062 -0.093 -0.124 
0.1085 0.0775 0.0465 0.0155 -0.0155 -0.0465 -0.0775 -0.1085 
0.124 0.093 0.062 0.031 0 -0.031 -0.062 -0.093 -0.124 
0.1085 0.0775 0.0465 0.0155 -0.0155 -0.0465 -0.0775 -0.1085 
0.124 0.093 0.062 0.031 0 -0.031 -0.062 -0.093 -0.124 
0.1085 0.0775 0.0465 0.0155 -0.0155 -0.0465 -0.0775 -0.1085 
0.124 0.093 0.062 0.031 0 -0.031 -0.062 -0.093 -0.124 
0.1085 0.0775 0.0465 0.0155 -0.0155 -0.0465 -0.0775 -0.1085 
0.124 0.093 0.062 0.031 0 -0.031 -0.062 -0.093 -0.124 
0.1085 0.0775 0.0465 0.0155 -0.0155 -0.0465 -0.0775 -0.1085 
0.124 0.093 0.062 0.031 0 -0.031 -0.062 -0.093 -0.124 
0.1085 0.0775 0.0465 0.0155 -0.0155 -0.0465 -0.0775 -0.1085 
0.124 0.093 0.062 0.031 0 -0.031 -0.062 -0.093 -0.124 
0.1085 0.0775 0.0465 0.0155 -0.0155 -0.0465 -0.0775 -0.1085 
0.124 0.093 0.062 0.031 0 -0.031 -0.062 -0.093 -0.124 
0.1085 0.0775 0.0465 0.0155 -0.0155 -0.0465 -0.0775 -0.1085 
0.124 0.093 0.062 0.031 0 -0.031 -0.062 -0.093 -0.124 
0.1085 0.0775 0.0465 0.0155 -0.0155 -0.0465 -0.0775 -0.1085 
0.124 0.093 0.062 0.031 0 -0.031 -0.062 -0.093 -0.124 
0.1085 0.0775 0.0465 0.0155 -0.0155 -0.0465 -0.0775 -0.1085 
0.124 0.093 0.062 0.031 0 -0.031 -0.062 -0.093 -0.124 
0.1085 0.0775 0.0465 0.0155 -0.0155 -0.0465 -0.0775 -0.1085 
0.124 0.093 0.062 0.031 0 -0.031 -0.062 -0.093 -0.124 
0.1085 0.0775 0.0465 0.0155 -0.0155 -0.0465 -0.0775 -0.1085 
0.124 0.093 0.062 0.031 0 -0.031 -0.062 -0.093 -0.124 
0.1085 0.0775 0.0465 0.0155 -0.0155 -0.0465 -0.0775 -0.1085 
0.124 0.093 0.062 0.031 0 -0.031 -0.062 -0.093 -0.124 
0.1085 0.0775 0.0465 0.0155 -0.0155 -0.0465 -0.0775 -0.1085 
0.124 0.093 0.062 0.031 0 -0.031 -0.062 -0.093 -0.124 
0.1085 0.0775 0.0465 0.0155 -0.0155 -0.0465 -0.0775 -0.1085 
0.124 0.093 0.062 0.031 0 -0.031 -0.062 -0.093 -0.124 
0.1085 0.0775 0.0465 0.0155 -0.0155 -0.0465 -0.0775 -0.1085 
0.124 0.093 0.062 0.031 0 -0.031 -0.062 -0.093 -0.124 
0.1085 0.0775 0.0465 0.0155 -0.0155 -0.0465 -0.0775 -0.1085 
0.124 0.093 0.062 0.031 0 -0.031 -0.062 -0.093 -0.124 
0.1085 0.0775 0.0465 0.0155 -0.0155 -0.0465 -0.0775 -0.1085 
0.124 0.093 0.062 0.031 0 -0.031 -0.062 -0.093 -0.124 
0.1085 0.0775 0.0465 0.0155 -0.0155 -0.0465 -0.0775 -0.1085 
0.124 0.093 0.062 0.031 0 -0.031 -0.062 -0.093 -0.124 
0.1085 0.0775 0.0465 0.0155 -0.0155 -0.0465 -0.0775 -0.1085 
0.124 0.093 0.062 0.031 0 -0.031 -0.062 -0.093 -0.124 
0.1085 0.0775 0.0465 0.0155 -0.0155 -0.0465 -0.0775 -0.1085 
0.124 0.093 0.062 0.031 0 -0.031 -0.062 -0.093 -0.124 
0.1085 0.0775 0.0465 0.0155 -0.0155 -0.0465 -0.0775 -0.1085 
0.124 0.093 0.062 0.031 0 -0.031 -0.062 -0.093 -0.124 
0.1085 0.0775 0.0465 0.0155 -0.0155 -0.0465 -0.0775 -0.1085 
0.124 0.093 0.062 0.031 0 -0.031 -0.062 -0.093 -0.124 
0.1085 0.0775 0.0465 0.0155 -0.0155 -0.0465 -0.0775 -0.1085 
0.124 0.093 0.062 0.031 0 -0.031 -0.062 -0.093 -0.124 
0.1085 0.0775 0.0465 0.0155 -0.0155 -0.0465 -0.0775 -0.1085 
0.124 0.093 0.062 0.031 0 -0.031 -0.062 -0.093 -0.124 
0.1085 0.0775 0.0465 0.0155 -0.0155 -0.0465 -0.0775 -0.1085 
0.124 0.093 0.062 0.031 0 -0.031 -0.062 -0.093 -0.124 
0.1085 0.0775 0.0465 0.0155 -0.0155 -0.0465 -0.0775 -0.1085 
0.124 0.093 0.062 0.031 0 -0.031 -0.062 -0.093 -0.124 
0.1085 0.0775 0.0465 0.0155 -0.0155 -0.0465 -0.0775 -0.1085 
0.124 0.093 0.062 0.031 0 -0.031 -0.062 -0.093 -0.124 
0.1085 0.0775 0.0465 0.0155 -0.0155 -0.0465 -0.0775 -0.1085 
0.124 0.093 0.062 0.031 0 -0.031 -0.062 -0.093 -0.124 
1.0 -1.0

# max separation between PMTs for grouping into clusters:
bb.grinch_tdc.maxsep = 0.072 # this is twice the separation between neighboring PMTs in the matrix, to account for clusters with "holes"

bb.grinch_tdc.nmirror = 4

# commenting these out for testing new cuts based on Maria's parametrizations:

#bb.grinch_tdc.trackmatch_pslope = 0.1715
#bb.grinch_tdc.trackmatch_xslope = 0.74 0.7353 0.7515 0.7456 
#bb.grinch_tdc.trackmatch_x0 = -0.2 -0.0765 -0.0827 0.1127 
#bb.grinch_tdc.trackmatch_xsigma = 0.015 0.009 0.01 0.01 
#bb.grinch_tdc.trackmatch_yslope = 0.42 0.48 0.173 0.56 
#bb.grinch_tdc.trackmatch_y0 = -0.017 0.018 0.014 0.046 
#bb.grinch_tdc.trackmatch_ysigma = 0.022 0.015 0.022 0.023 
#bb.grinch_tdc.trackmatch_xmin = -0.8 -0.65 -0.1 0.45
#bb.grinch_tdc.trackmatch_xmax = -0.5 0.1 0.55 0.8 

# wide track-matching cut until we develop a way to deal with the mirror boundaries in the x track x GRINCH correlation 
# 4.5-sigma cut seems sufficiently loose for now:
bb.grinch_tdc.trackmatch_nsigma_cut = 5.0

# for kinematics not yet calibrated, start with wider timing cuts
bb.grinch_tdc.hit_mintime = -50
bb.grinch_tdc.hit_maxtime = 50

# start with more open definitions of these cuts for earlier kinematics that aren't yet aligned:
bb.grinch_tdc.maxtdiff_clust = 25.0 # time difference limit for adding GRINCH hits to clusters (ns)
bb.grinch_tdc.maxtdiff_ref = 100.0 # time difference limit for GRINCH hits relative to shower for consideration in good clusters (ns)
bb.grinch_tdc.usereftimediffcut = 0 # flag to enable/disable the use of shower ADC time as "reference time" for GRINCH

bb.grinch_tdc.trackmatch_dtsigma = 1.3 # ns (sigma of mean time for "good" GRINCH electron clusters relative to shower)
bb.grinch_tdc.trackmatch_dtoffset = 0.0 # ns

# the following lines will basically disable the GRINCH for the earlier GMN kinematics (SBS-1, SBS-4), as the GRINCH data for these settings aren't (generally speaking) useful:
bb.grinch_tdc.hit_mintime = 0
bb.grinch_tdc.hit_maxtime = 0

# It appears we have "good" GRINCH data starting with SBS-7:

---------[ 2021-11-13 9:00:00 ] # start of SBS-7

# the cluster mean time resolution starts at about 2.2 ns (gets better once we start flowing heavy gas):

bb.grinch_tdc.hit_mintime = -30.0
bb.grinch_tdc.hit_maxtime = 30.0

bb.grinch_tdc.maxtdiff_clust = 20.0
bb.grinch_tdc.maxtdiff_ref = 20.0
bb.grinch_tdc.usereftimediffcut = 1

bb.grinch_tdc.trackmatch_dtsigma = 2.5

# based on raw TDC distributions, use -69.1 ns wrt SBS-9 as starting point:
bb.grinch_tdc.tdc.offset = 
866.2577  830.0227  809.3647  830.9674  866.6077  832.3937  738.7787  825.3727  899.9247  908.6187  855.9747  835.7044  841.2661  828.6882  830.4659  945.047
825.0187  793.0547  852.3067  826.4965  875.6217  828.7872  804.8436  895.1377  777.4267  864.6457  770.3149  825.2746  826.5267  827.4566  974.897  833.0211
776.0402  694.1771  824.0821  775.1139  830.1573  1033.964  888.6529  830.5698  831.4201  892.1684  820.132  731.5622  830.6116  781.4636  907.358  833.9872
831.3175  807.8605  830.9223  836.7264  711.5535  831.588  832.5589  830.0152  832.7389  933.605  832.7393  905.2043  832.5897  830.3869  832.7715  922.7694
829.0101  836.4001  833.7647  893.2362  910.0648  831.6013  833.4656  830.5416  831.7384  833.5546  832.473  833.9219  984.975  830.7549  833.0176  833.1221
827.8615  834.341  830.9454  828.2834  832.6909  830.687  830.4634  826.8597  828.29  829.3766  828.9601  830.4592  829.2628  834.6836  831.276  832.622
828.9594  835.2662  831.465  831.9918  829.6315  717.1236  870.7475  828.624  828.9082  829.775  829.6727  830.6222  823.5712  827.7375  968.515  832.6551
819.7534  828.9496  826.3229  824.455  826.2555  824.4201  826.1855  822.6473  826.0135  825.1033  825.4415  826.9581  827.0732  822.7864  828.3973  828.0815
824.5518  834.8307  832.7658  829.8243  833.3479  844.1689  834.2308  871.6823  904.8981  832.6277  833.6052  835.3689  834.2416  831.4797  836.3957  838.0173
830.4307  923.791  835.4763  833.0517  835.0203  833.1182  834.3323  831.6694  835.2413  880.661  833.0158  835.5666  835.7068  831.0154  837.4566  835.9622
835.3141  945.895  836.0929  836.9693  835.9349  832.4631  836.845  832.6221  835.0611  1018.794  901.8538  836.0909  837.0238  832.8994  836.9553  838.6994
828.5436  840.2238  856.2047  834.8462  835.0648  834.9398  834.6416  832.1129  836.271  835.8429  832.6774  829.1302  836.9622  833.4654  838.4113  839.6506
829.9341  837.0971  835.7224  838.7326  832.9936  835.1536  834.5172  831.3449  833.8546  834.5401  835.1134  837.9658  859.3512  832.3296  837.1699  838.6692
833.513  840.5001  835.8808  834.0851  814.0476  836.0239  835.7302  832.1246  834.4483  837.1569  835.1897  836.0188  969.374  1007.763  837.3233  838.339
830.5457  836.9513  832.082  829.8456  831.8856  1234.408  831.7641  828.7352  830.3155  831.1783  831.2574  832.8448  832.4977  833.2429  918.0521  835.4098
825.5765  831.0645  829.1825  829.6903  831.1027  831.2167  836.32  828.7534  831.9372  831.4061  830.7497  830.8578  831.4514  829.3264  937.129  838.2218
824.5858  831.6955  828.596  826.7216  829.8218  827.2534  832.7692  832.6168  828.5137  826.6829  828.759  830.4301  828.3657  825.7702  820.6536  950.439
842.4121  840.108  834.5576  835.5912  836.777  836.1184  836.34  835.7505  846.7189  837.0177  836.0643  837.2287  835.3473  836.916  838.1193  835.646
809.4661  840.2785  834.9658  832.8338  834.4009  834.4742  834.7353  837.3001  810.0086  859.0857  835.4166  836.2746  834.4049  832.6691  837.4054  838.1275
837.9495  830.6232  934.355  837.4854  836.7849  834.7169  835.0036  834.771  836.7239  839.1456  831.6469  837.1101  836.7076  835.7359  838.5155  838.2948
832.0081  860.216  839.9797  1023.553  836.6631  834.9803  836.2419  835.8161  835.5948  839.0031  956.776  843.5174  836.6603  838.3151  838.794  838.3567
825.6598  840.3182  838.8179  1117.602  870.1366  838.4431  839.125  835.8938  837.9723  837.2043  837.7298  1128.782  833.8064  836.7909  838.2707  839.7917
832.9686  840.8116  838.4299  844.7532  829.8178  901.3339  837.2049  835.0689  837.2306  837.1513  838.129  839.382  849.9609  1034.22  986.51  840.3162
827.2147  839.2103  836.1416  833.3326  836.1879  820.5041  843.9604  836.2087  836.6378  835.4359  836.4278  836.5993  835.6029  835.999  1051.608  837.298
287.5797  820.8391  821.9579  819.1771  820.3479  821.0666  821.0824  823.6742  820.362  820.3956  818.4344  821.7083  819.9233  820.1097  823.4946  830.6062
820.7538  824.4015  821.9924  819.9022  821.6719  822.7712  824.2284  821.7074  834.3724  823.7015  823.4803  823.9963  822.7533  823.2562  825.4876  827.3212
821.8571  826.159  822.8893  822.6875  821.3277  823.4936  824.2577  823.1834  822.5389  824.0471  823.0622  825.1611  823.4633  822.8012  824.939  826.8692
823.6608  830.7378  824.4598  825.0007  823.687  823.7442  824.3864  823.03  824.0749  825.0685  824.599  824.9539  824.3217  824.3617  825.5352  826.8751
813.127  827.8234  827.1819  824.866  824.4787  824.9189  824.8522  822.9938  823.3538  822.8006  826.7262  824.9241  824.1879  824.1428  825.3969  827.0509
822.6863  826.3869  835.3114  826.0526  823.9319  823.1202  824.1493  820.5154  826.8899  827.9703  829.4504  846.8892  829.307  825.7349  828.5029  830.7613
796.9889  827.67  832.2619  830.5586  839.0388  825.4348  826.5426  825.9721  823.8186  815.064  948.499  1000.009  578.1648  821.9387  836.6428  831.2828
839.2308  885.1128  835.1368  837.4988  852.5018  862.3248  823.1118  903.5168  832.2918  825.9488  834.0138  843.1958  829.8918  746.9628  831.7888  831.7888

---------[ 2021-11-23 19:00:00 ] # Start of SBS-11:

bb.grinch_tdc.hit_mintime = -30.0
bb.grinch_tdc.hit_maxtime = 30.0

bb.grinch_tdc.maxtdiff_clust = 20.0
bb.grinch_tdc.maxtdiff_ref = 20.0
bb.grinch_tdc.usereftimediffcut = 1

bb.grinch_tdc.trackmatch_dtsigma = 5.0

# Start of SBS-11: use SBS-9 offsets shifted by 2.5 ns to match Provakar's updated calibration
bb.grinch_tdc.tdc.offset =
937.8627  901.6277  880.9697  902.5724  938.2127  903.9987  810.3837  896.9777  971.5297  980.2237  927.5797  907.3094  912.8711  900.2932  902.0709  1016.652
896.6237  864.6597  923.9117  898.1015  947.2267  900.3922  876.4486  966.7427  849.0317  936.2507  841.9199  896.8796  898.1317  899.0616  1046.502  904.6261
847.6452  765.7821  895.6871  846.7189  901.7623  1105.569  960.2579  902.1748  903.0251  963.7734  891.737  803.1672  902.2166  853.0686  978.963  905.5922
902.9225  879.4655  902.5273  908.3314  783.1585  903.193  904.1639  901.6202  904.3439  1005.21  904.3443  976.8093  904.1947  901.9919  904.3765  994.3744
900.6151  908.0051  905.3697  964.8412  981.6698  903.2063  905.0706  902.1466  903.3434  905.1596  904.078  905.5269  1056.58  902.3599  904.6226  904.7271
899.4665  905.946  902.5504  899.8884  904.2959  902.292  902.0684  898.4647  899.895  900.9816  900.5651  902.0642  900.8678  906.2886  902.881  904.227
900.5644  906.8712  903.07  903.5968  901.2365  788.7286  942.3525  900.229  900.5132  901.38  901.2777  902.2272  895.1762  899.3425  1040.12  904.2601
891.3584  900.5546  897.9279  896.06  897.8605  896.0251  897.7905  894.2523  897.6185  896.7083  897.0465  898.5631  898.6782  894.3914  900.0023  899.6865
896.1568  906.4357  904.3708  901.4293  904.9529  915.7739  905.8358  943.2873  976.5031  904.2327  905.2102  906.9739  905.8466  903.0847  908.0007  909.6223
902.0357  995.396  907.0813  904.6567  906.6253  904.7232  905.9373  903.2744  906.8463  952.266  904.6208  907.1716  907.3118  902.6204  909.0616  907.5672
906.9191  1017.5  907.6979  908.5743  907.5399  904.0681  908.45  904.2271  906.6661  1090.399  973.4588  907.6959  908.6288  904.5044  908.5603  910.3044
900.1486  911.8288  927.8097  906.4512  906.6698  906.5448  906.2466  903.7179  907.876  907.4479  904.2824  900.7352  908.5672  905.0704  910.0163  911.2556
901.5391  908.7021  907.3274  910.3376  904.5986  906.7586  906.1222  902.9499  905.4596  906.1451  906.7184  909.5708  930.9562  903.9346  908.7749  910.2742
905.118  912.1051  907.4858  905.6901  885.6526  907.6289  907.3352  903.7296  906.0533  908.7619  906.7947  907.6238  1040.979  1079.368  908.9283  909.944
902.1507  908.5563  903.687  901.4506  903.4906  1306.013  903.3691  900.3402  901.9205  902.7833  902.8624  904.4498  904.1027  904.8479  989.6571  907.0148
897.1815  902.6695  900.7875  901.2953  902.7077  902.8217  907.925  900.3584  903.5422  903.0111  902.3547  902.4628  903.0564  900.9314  1008.734  909.8268
896.1908  903.3005  900.201  898.3266  901.4268  898.8584  904.3742  904.2218  900.1187  898.2879  900.364  902.0351  899.9707  897.3752  892.2586  1022.044
914.0171  911.713  906.1626  907.1962  908.382  907.7234  907.945  907.3555  918.3239  908.6227  907.6693  908.8337  906.9523  908.521  909.7243  907.251
881.0711  911.8835  906.5708  904.4388  906.0059  906.0792  906.3403  908.9051  881.6136  930.6907  907.0216  907.8796  906.0099  904.2741  909.0104  909.7325
909.5545  902.2282  1005.96  909.0904  908.3899  906.3219  906.6086  906.376  908.3289  910.7506  903.2519  908.7151  908.3126  907.3409  910.1205  909.8998
903.6131  931.821  911.5847  1095.158  908.2681  906.5853  907.8469  907.4211  907.1998  910.6081  1028.381  915.1224  908.2653  909.9201  910.399  909.9617
897.2648  911.9232  910.4229  1189.207  941.7416  910.0481  910.73  907.4988  909.5773  908.8093  909.3348  1200.387  905.4114  908.3959  909.8757  911.3967
904.5736  912.4166  910.0349  916.3582  901.4228  972.9389  908.8099  906.6739  908.8356  908.7563  909.734  910.987  921.5659  1105.825  1058.115  911.9212
898.8197  910.8153  907.7466  904.9376  907.7929  892.1091  915.5654  907.8137  908.2428  907.0409  908.0328  908.2043  907.2079  907.604  1123.213  908.903
359.1847  892.4441  893.5629  890.7821  891.9529  892.6716  892.6874  895.2792  891.967  892.0006  890.0394  893.3133  891.5283  891.7147  895.0996  902.2112
892.3588  896.0065  893.5974  891.5072  893.2769  894.3762  895.8334  893.3124  905.9774  895.3065  895.0853  895.6013  894.3583  894.8612  897.0926  898.9262
893.4621  897.764  894.4943  894.2925  892.9327  895.0986  895.8627  894.7884  894.1439  895.6521  894.6672  896.7661  895.0683  894.4062  896.544  898.4742
895.2658  902.3428  896.0648  896.6057  895.292  895.3492  895.9914  894.635  895.6799  896.6735  896.204  896.5589  895.9267  895.9667  897.1402  898.4801
884.732  899.4284  898.7869  896.471  896.0837  896.5239  896.4572  894.5988  894.9588  894.4056  898.3312  896.5291  895.7929  895.7478  897.0019  898.6559
894.2913  897.9919  906.9164  897.6576  895.5369  894.7252  895.7543  892.1204  898.4949  899.5753  901.0554  918.4942  900.912  897.3399  900.1079  902.3663
868.5939  899.275  903.8669  902.1636  910.6438  897.0398  898.1476  897.5771  895.4236  886.669  1020.104  1071.614  649.7698  893.5437  908.2478  902.8878
910.8358  956.7178  906.7418  909.1038  924.1068  933.9298  894.7168  975.1218  903.8968  897.5538  905.6188  914.8008  901.4968  818.5678  903.3938  903.3938


---------[ 2021-12-01 12:00:00 ] # 70-ns timing shift during SBS-11 part 2:

#bb.grinch_tdc.tdc.GoodTimeCut = -70.0 # we'll eventually fix this by shifting all the time offsets globally for this time period
#bb.grinch_tdc.hit_mintime = -100
#bb.grinch_tdc.hit_maxtime =  -40

# shift GRINCH offsets by roughly -70 ns relative to SBS-9 for this run period. May require ~ns-level adjustments after Provakar's final recalibration of SBS-11
bb.grinch_tdc.tdc.offset =
866.3177  830.0827  809.4247  831.0274  866.6677  832.4537  738.8387  825.4327  899.9847  908.6787  856.0347  835.7644  841.3261  828.7482  830.5259  945.107
825.0787  793.1147  852.3667  826.5565  875.6817  828.8472  804.9036  895.1977  777.4867  864.7057  770.3749  825.3346  826.5867  827.5166  974.957  833.0811
776.1002  694.2371  824.1421  775.1739  830.2173  1034.024  888.7129  830.6298  831.4801  892.2284  820.192  731.6222  830.6716  781.5236  907.418  834.0472
831.3775  807.9205  830.9823  836.7864  711.6135  831.648  832.6189  830.0752  832.7989  933.665  832.7993  905.2643  832.6497  830.4469  832.8315  922.8294
829.0701  836.4601  833.8247  893.2962  910.1248  831.6613  833.5256  830.6016  831.7984  833.6146  832.533  833.9819  985.035  830.8149  833.0776  833.1821
827.9215  834.401  831.0054  828.3434  832.7509  830.747  830.5234  826.9197  828.35  829.4366  829.0201  830.5192  829.3228  834.7436  831.336  832.682
829.0194  835.3262  831.525  832.0518  829.6915  717.1836  870.8075  828.684  828.9682  829.835  829.7327  830.6822  823.6312  827.7975  968.575  832.7151
819.8134  829.0096  826.3829  824.515  826.3155  824.4801  826.2455  822.7073  826.0735  825.1633  825.5015  827.0181  827.1332  822.8464  828.4573  828.1415
824.6118  834.8907  832.8258  829.8843  833.4079  844.2289  834.2908  871.7423  904.9581  832.6877  833.6652  835.4289  834.3016  831.5397  836.4557  838.0773
830.4907  923.851  835.5363  833.1117  835.0803  833.1782  834.3923  831.7294  835.3013  880.721  833.0758  835.6266  835.7668  831.0754  837.5166  836.0222
835.3741  945.955  836.1529  837.0293  835.9949  832.5231  836.905  832.6821  835.1211  1018.854  901.9138  836.1509  837.0838  832.9594  837.0153  838.7594
828.6036  840.2838  856.2647  834.9062  835.1248  834.9998  834.7016  832.1729  836.331  835.9029  832.7374  829.1902  837.0222  833.5254  838.4713  839.7106
829.9941  837.1571  835.7824  838.7926  833.0536  835.2136  834.5772  831.4049  833.9146  834.6001  835.1734  838.0258  859.4112  832.3896  837.2299  838.7292
833.573  840.5601  835.9408  834.1451  814.1076  836.0839  835.7902  832.1846  834.5083  837.2169  835.2497  836.0788  969.434  1007.823  837.3833  838.399
830.6057  837.0113  832.142  829.9056  831.9456  1234.468  831.8241  828.7952  830.3755  831.2383  831.3174  832.9048  832.5577  833.3029  918.1121  835.4698
825.6365  831.1245  829.2425  829.7503  831.1627  831.2767  836.38  828.8134  831.9972  831.4661  830.8097  830.9178  831.5114  829.3864  937.189  838.2818
824.6458  831.7555  828.656  826.7816  829.8818  827.3134  832.8292  832.6768  828.5737  826.7429  828.819  830.4901  828.4257  825.8302  820.7136  950.499
842.4721  840.168  834.6176  835.6512  836.837  836.1784  836.4  835.8105  846.7789  837.0777  836.1243  837.2887  835.4073  836.976  838.1793  835.706
809.5261  840.3385  835.0258  832.8938  834.4609  834.5342  834.7953  837.3601  810.0686  859.1457  835.4766  836.3346  834.4649  832.7291  837.4654  838.1875
838.0095  830.6832  934.415  837.5454  836.8449  834.7769  835.0636  834.831  836.7839  839.2056  831.7069  837.1701  836.7676  835.7959  838.5755  838.3548
832.0681  860.276  840.0397  1023.613  836.7231  835.0403  836.3019  835.8761  835.6548  839.0631  956.836  843.5774  836.7203  838.3751  838.854  838.4167
825.7198  840.3782  838.8779  1117.662  870.1966  838.5031  839.185  835.9538  838.0323  837.2643  837.7898  1128.842  833.8664  836.8509  838.3307  839.8517
833.0286  840.8716  838.4899  844.8132  829.8778  901.3939  837.2649  835.1289  837.2906  837.2113  838.189  839.442  850.0209  1034.28  986.57  840.3762
827.2747  839.2703  836.2016  833.3926  836.2479  820.5641  844.0204  836.2687  836.6978  835.4959  836.4878  836.6593  835.6629  836.059  1051.668  837.358
287.6397  820.8991  822.0179  819.2371  820.4079  821.1266  821.1424  823.7342  820.422  820.4556  818.4944  821.7683  819.9833  820.1697  823.5546  830.6662
820.8138  824.4615  822.0524  819.9622  821.7319  822.8312  824.2884  821.7674  834.4324  823.7615  823.5403  824.0563  822.8133  823.3162  825.5476  827.3812
821.9171  826.219  822.9493  822.7475  821.3877  823.5536  824.3177  823.2434  822.5989  824.1071  823.1222  825.2211  823.5233  822.8612  824.999  826.9292
823.7208  830.7978  824.5198  825.0607  823.747  823.8042  824.4464  823.09  824.1349  825.1285  824.659  825.0139  824.3817  824.4217  825.5952  826.9351
813.187  827.8834  827.2419  824.926  824.5387  824.9789  824.9122  823.0538  823.4138  822.8606  826.7862  824.9841  824.2479  824.2028  825.4569  827.1109
822.7463  826.4469  835.3714  826.1126  823.9919  823.1802  824.2093  820.5754  826.9499  828.0303  829.5104  846.9492  829.367  825.7949  828.5629  830.8213
797.0489  827.73  832.3219  830.6186  839.0988  825.4948  826.6026  826.0321  823.8786  815.124  948.559  1000.069  578.2248  821.9987  836.7028  831.3428
839.2908  885.1728  835.1968  837.5588  852.5618  862.3848  823.1718  903.5768  832.3518  826.0088  834.0738  843.2558  829.9518  747.0228  831.8488  831.8488



---------[ 2021-12-14 12:00:00 ] # second timing shift during SBS-11:

#bb.grinch_tdc.tdc.GoodTimeCut = 0.0
#bb.grinch_tdc.hit_mintime = -30
#bb.grinch_tdc.hit_maxtime = 30

# Back to using SBS-9 offsets for final QA replays of SBS-11 part 3 (may require ~ns-level adjustments after Provakar's recalibration):
bb.grinch_tdc.tdc.offset = 
    935.3577     899.1227     878.4647     900.0674     935.7077     901.4937     807.8787     894.4727     969.0247     977.7187     925.0747     904.8044     910.3661     897.7882     899.5659     1014.147 
    894.1187     862.1547     921.4067     895.5965     944.7217     897.8872     873.9436     964.2377     846.5267     933.7457     839.4149     894.3746     895.6267     896.5566     1043.997     902.1211 
    845.1402     763.2771     893.1821     844.2139     899.2573     1103.064     957.7529     899.6698     900.5201     961.2684      889.232     800.6622     899.7116     850.5636      976.458     903.0872 
    900.4175     876.9605     900.0223     905.8264     780.6535      900.688     901.6589     899.1152     901.8389     1002.705     901.8393     974.3043     901.6897     899.4869     901.8715     991.8694 
    898.1101     905.5001     902.8647     962.3362     979.1648     900.7013     902.5656     899.6416     900.8384     902.6546      901.573     903.0219     1054.075     899.8549     902.1176     902.2221 
    896.9615      903.441     900.0454     897.3834     901.7909      899.787     899.5634     895.9597       897.39     898.4766     898.0601     899.5592     898.3628     903.7836      900.376      901.722 
    898.0594     904.3662      900.565     901.0918     898.7315     786.2236     939.8475      897.724     898.0082      898.875     898.7727     899.7222     892.6712     896.8375     1037.615     901.7551 
    888.8534     898.0496     895.4229      893.555     895.3555     893.5201     895.2855     891.7473     895.1135     894.2033     894.5415     896.0581     896.1732     891.8864     897.4973     897.1815 
    893.6518     903.9307     901.8658     898.9243     902.4479     913.2689     903.3308     940.7823     973.9981     901.7277     902.7052     904.4689     903.3416     900.5797     905.4957     907.1173 
    899.5307      992.891     904.5763     902.1517     904.1203     902.2182     903.4323     900.7694     904.3413      949.761     902.1158     904.6666     904.8068     900.1154     906.5566     905.0622 
    904.4141     1014.995     905.1929     906.0693     905.0349     901.5631      905.945     901.7221     904.1611     1087.894     970.9538     905.1909     906.1238     901.9994     906.0553     907.7994 
    897.6436     909.3238     925.3047     903.9462     904.1648     904.0398     903.7416     901.2129      905.371     904.9429     901.7774     898.2302     906.0622     902.5654     907.5113     908.7506 
    899.0341     906.1971     904.8224     907.8326     902.0936     904.2536     903.6172     900.4449     902.9546     903.6401     904.2134     907.0658     928.4512     901.4296     906.2699     907.7692 
     902.613     909.6001     904.9808     903.1851     883.1476     905.1239     904.8302     901.2246     903.5483     906.2569     904.2897     905.1188     1038.474     1076.863     906.4233      907.439 
    899.6457     906.0513      901.182     898.9456     900.9856     1303.508     900.8641     897.8352     899.4155     900.2783     900.3574     901.9448     901.5977     902.3429     987.1521     904.5098 
    894.6765     900.1645     898.2825     898.7903     900.2027     900.3167       905.42     897.8534     901.0372     900.5061     899.8497     899.9578     900.5514     898.4264     1006.229     907.3218 
    893.6858     900.7955      897.696     895.8216     898.9218     896.3534     901.8692     901.7168     897.6137     895.7829      897.859     899.5301     897.4657     894.8702     889.7536     1019.539 
    911.5121      909.208     903.6576     904.6912      905.877     905.2184       905.44     904.8505     915.8189     906.1177     905.1643     906.3287     904.4473      906.016     907.2193      904.746 
    878.5661     909.3785     904.0658     901.9338     903.5009     903.5742     903.8353     906.4001     879.1086     928.1857     904.5166     905.3746     903.5049     901.7691     906.5054     907.2275 
    907.0495     899.7232     1003.455     906.5854     905.8849     903.8169     904.1036      903.871     905.8239     908.2456     900.7469     906.2101     905.8076     904.8359     907.6155     907.3948 
    901.1081      929.316     909.0797     1092.653     905.7631     904.0803     905.3419     904.9161     904.6948     908.1031     1025.876     912.6174     905.7603     907.4151      907.894     907.4567 
    894.7598     909.4182     907.9179     1186.702     939.2366     907.5431      908.225     904.9938     907.0723     906.3043     906.8298     1197.882     902.9064     905.8909     907.3707     908.8917 
    902.0686     909.9116     907.5299     913.8532     898.9178     970.4339     906.3049     904.1689     906.3306     906.2513      907.229      908.482     919.0609      1103.32      1055.61     909.4162 
    896.3147     908.3103     905.2416     902.4326     905.2879     889.6041     913.0604     905.3087     905.7378     904.5359     905.5278     905.6993     904.7029      905.099     1120.708      906.398 
    356.6797     889.9391     891.0579     888.2771     889.4479     890.1666     890.1824     892.7742      889.462     889.4956     887.5344     890.8083     889.0233     889.2097     892.5946     899.7062 
    889.8538     893.5015     891.0924     889.0022     890.7719     891.8712     893.3284     890.8074     903.4724     892.8015     892.5803     893.0963     891.8533     892.3562     894.5876     896.4212 
    890.9571      895.259     891.9893     891.7875     890.4277     892.5936     893.3577     892.2834     891.6389     893.1471     892.1622     894.2611     892.5633     891.9012      894.039     895.9692 
    892.7608     899.8378     893.5598     894.1007      892.787     892.8442     893.4864       892.13     893.1749     894.1685      893.699     894.0539     893.4217     893.4617     894.6352     895.9751 
    882.2270     896.9234     896.2819      893.966     893.5787     894.0189     893.9522     892.0938     892.4538     891.9006     895.8262     894.0241     893.2879     893.2428     894.4969     896.1509 
    891.7863     895.4869     904.4114     895.1526     893.0319     892.2202     893.2493     889.6154     895.9899     897.0703     898.5504     915.9892      898.407     894.8349     897.6029     899.8613 
    866.0889       896.77     901.3619     899.6586     908.1388     894.5348     895.6426     895.0721     892.9186      884.164     1017.599     1069.109     647.2648     891.0387     905.7428     900.3828 
    908.3308     954.2128     904.2368     906.5988     921.6018     931.4248     892.2118     972.6168     901.3918     895.0488     903.1138     912.2958     898.9918     816.0628     900.8888     900.8888 

--------[ 2022-01-01 00:00:00 ] # approximate start of SBS-14:

bb.grinch_tdc.hit_mintime = -25.0
bb.grinch_tdc.hit_maxtime = 25.0

bb.grinch_tdc.maxtdiff_clust = 12.0
bb.grinch_tdc.maxtdiff_ref = 10.0
bb.grinch_tdc.trackmatch_dtsigma = 1.3 # ns

bb.grinch_tdc.usereftimediffcut = 1

# fine-tuning SBS-14 part 1 after QA replay; shift by -0.46 ns
bb.grinch_tdc.tdc.offset = 
926.9904  890.7554  870.0974  891.7001  927.3404  893.1264  799.5114  886.1054  960.6574  969.3514  916.7074  896.4371  901.9988  889.4209  891.1986  1005.7797
885.7514  853.7874  913.0394  887.2292  936.3544  889.5199  865.5763  955.8704  838.1594  925.3784  831.0476  886.0073  887.2594  888.1893  1035.6297  893.7538
836.7729  754.9098  884.8148  835.8466  890.89  1094.6967  949.3856  891.3025  892.1528  952.9011  880.8647  792.2949  891.3443  842.1963  968.0907  894.7199
892.0502  868.5932  891.655  897.4591  772.2862  892.3207  893.2916  890.7479  893.4716  994.3377  893.472  965.937  893.3224  891.1196  893.5042  983.5021
889.7428  897.1328  894.4974  953.9689  970.7975  892.334  894.1983  891.2743  892.4711  894.2873  893.2057  894.6546  1045.7077  891.4876  893.7503  893.8548
888.5942  895.0737  891.6781  889.0161  893.4236  891.4197  891.1961  887.5924  889.0227  890.1093  889.6928  891.1919  889.9955  895.4163  892.0087  893.3547
889.6921  895.9989  892.1977  892.7245  890.3642  777.8563  931.4802  889.3567  889.6409  890.5077  890.4054  891.3549  884.3039  888.4702  1029.2477  893.3878
880.4861  889.6823  887.0556  885.1877  886.9882  885.1528  886.9182  883.38  886.7462  885.836  886.1742  887.6908  887.8059  883.5191  889.13  888.8142
885.2845  895.5634  893.4985  890.557  894.0806  904.9016  894.9635  932.415  965.6308  893.3604  894.3379  896.1016  894.9743  892.2124  897.1284  898.75
891.1634  984.5237  896.209  893.7844  895.753  893.8509  895.065  892.4021  895.974  941.3937  893.7485  896.2993  896.4395  891.7481  898.1893  896.6949
896.0468  1006.6277  896.8256  897.702  896.6676  893.1958  897.5777  893.3548  895.7938  1079.5267  962.5865  896.8236  897.7565  893.6321  897.688  899.4321
889.2763  900.9565  916.9374  895.5789  895.7975  895.6725  895.3743  892.8456  897.0037  896.5756  893.4101  889.8629  897.6949  894.1981  899.144  900.3833
890.6668  897.8298  896.4551  899.4653  893.7263  895.8863  895.2499  892.0776  894.5873  895.2728  895.8461  898.6985  920.0839  893.0623  897.9026  899.4019
894.2457  901.2328  896.6135  894.8178  874.7803  896.7566  896.4629  892.8573  895.181  897.8896  895.9224  896.7515  1030.1067  1068.4957  898.056  899.0717
891.2784  897.684  892.8147  890.5783  892.6183  1295.1407  892.4968  889.4679  891.0482  891.911  891.9901  893.5775  893.2304  893.9756  978.7848  896.1425
886.3092  891.7972  889.9152  890.423  891.8354  891.9494  897.0527  889.4861  892.6699  892.1388  891.4824  891.5905  892.1841  890.0591  997.8617  898.9545
885.3185  892.4282  889.3287  887.4543  890.5545  887.9861  893.5019  893.3495  889.2464  887.4156  889.4917  891.1628  889.0984  886.5029  881.3863  1011.1717
903.1448  900.8407  895.2903  896.3239  897.5097  896.8511  897.0727  896.4832  907.4516  897.7504  896.797  897.9614  896.08  897.6487  898.852  896.3787
870.1988  901.0112  895.6985  893.5665  895.1336  895.2069  895.468  898.0328  870.7413  919.8184  896.1493  897.0073  895.1376  893.4018  898.1381  898.8602
898.6822  891.3559  995.0877  898.2181  897.5176  895.4496  895.7363  895.5037  897.4566  899.8783  892.3796  897.8428  897.4403  896.4686  899.2482  899.0275
892.7408  920.9487  900.7124  1084.2857  897.3958  895.713  896.9746  896.5488  896.3275  899.7358  1017.5087  904.2501  897.393  899.0478  899.5267  899.0894
886.3925  901.0509  899.5506  1178.3347  930.8693  899.1758  899.8577  896.6265  898.705  897.937  898.4625  1189.5147  894.5391  897.5236  899.0034  900.5244
893.7013  901.5443  899.1626  905.4859  890.5505  962.0666  897.9376  895.8016  897.9633  897.884  898.8617  900.1147  910.6936  1094.9527  1047.2427  901.0489
887.9474  899.943  896.8743  894.0653  896.9206  881.2368  904.6931  896.9414  897.3705  896.1686  897.1605  897.332  896.3356  896.7317  1112.3407  898.0307
348.3124  881.5718  882.6906  879.9098  881.0806  881.7993  881.8151  884.4069  881.0947  881.1283  879.1671  882.441  880.656  880.8424  884.2273  891.3389
881.4865  885.1342  882.7251  880.6349  882.4046  883.5039  884.9611  882.4401  895.1051  884.4342  884.213  884.729  883.486  883.9889  886.2203  888.0539
882.5898  886.8917  883.622  883.4202  882.0604  884.2263  884.9904  883.9161  883.2716  884.7798  883.7949  885.8938  884.196  883.5339  885.6717  887.6019
884.3935  891.4705  885.1925  885.7334  884.4197  884.4769  885.1191  883.7627  884.8076  885.8012  885.3317  885.6866  885.0544  885.0944  886.2679  887.6078
873.8597  888.5561  887.9146  885.5987  885.2114  885.6516  885.5849  883.7265  884.0865  883.5333  887.4589  885.6568  884.9206  884.8755  886.1296  887.7836
883.419  887.1196  896.0441  886.7853  884.6646  883.8529  884.882  881.2481  887.6226  888.703  890.1831  907.6219  890.0397  886.4676  889.2356  891.494
857.7216  888.4027  892.9946  891.2913  899.7715  886.1675  887.2753  886.7048  884.5513  875.7967  1009.2317  1060.7417  638.8975  882.6714  897.3755  892.0155
899.9635  945.8455  895.8695  898.2315  913.2345  923.0575  883.8445  964.2495  893.0245  886.6815  894.7465  903.9285  890.6245  807.6955  892.5215  892.5215


--------[ 2022-01-12 16:00:00 ] 

# SBS-14 part 2+ (timing shift by ~9 ns)
bb.grinch_tdc.tdc.offset = 
936.5047  900.2697  879.6117  901.2144  936.8547  902.6407  809.0257  895.6197  970.1717  978.8657  926.2217  905.9514  911.5131  898.9352  900.7129  1015.294
895.2657  863.3017  922.5537  896.7435  945.8687  899.0342  875.0906  965.3847  847.6737  934.8927  840.5619  895.5216  896.7737  897.7036  1045.144  903.2681
846.2872  764.4241  894.3291  845.3609  900.4043  1104.211  958.8999  900.8168  901.6671  962.4154  890.379  801.8092  900.8586  851.7106  977.605  904.2342
901.5645  878.1075  901.1693  906.9734  781.8005  901.835  902.8059  900.2622  902.9859  1003.852  902.9863  975.4513  902.8367  900.6339  903.0185  993.0164
899.2571  906.6471  904.0117  963.4832  980.3118  901.8483  903.7126  900.7886  901.9854  903.8016  902.72  904.1689  1055.222  901.0019  903.2646  903.3691
898.1085  904.588  901.1924  898.5304  902.9379  900.934  900.7104  897.1067  898.537  899.6236  899.2071  900.7062  899.5098  904.9306  901.523  902.869
899.2064  905.5132  901.712  902.2388  899.8785  787.3706  940.9945  898.871  899.1552  900.022  899.9197  900.8692  893.8182  897.9845  1038.762  902.9021
890.0004  899.1966  896.5699  894.702  896.5025  894.6671  896.4325  892.8943  896.2605  895.3503  895.6885  897.2051  897.3202  893.0334  898.6443  898.3285
894.7988  905.0777  903.0128  900.0713  903.5949  914.4159  904.4778  941.9293  975.1451  902.8747  903.8522  905.6159  904.4886  901.7267  906.6427  908.2643
900.6777  994.038  905.7233  903.2987  905.2673  903.3652  904.5793  901.9164  905.4883  950.908  903.2628  905.8136  905.9538  901.2624  907.7036  906.2092
905.5611  1016.142  906.3399  907.2163  906.1819  902.7101  907.092  902.8691  905.3081  1089.041  972.1008  906.3379  907.2708  903.1464  907.2023  908.9464
898.7906  910.4708  926.4517  905.0932  905.3118  905.1868  904.8886  902.3599  906.518  906.0899  902.9244  899.3772  907.2092  903.7124  908.6583  909.8976
900.1811  907.3441  905.9694  908.9796  903.2406  905.4006  904.7642  901.5919  904.1016  904.7871  905.3604  908.2128  929.5982  902.5766  907.4169  908.9162
903.76  910.7471  906.1278  904.3321  884.2946  906.2709  905.9772  902.3716  904.6953  907.4039  905.4367  906.2658  1039.621  1078.01  907.5703  908.586
900.7927  907.1983  902.329  900.0926  902.1326  1304.655  902.0111  898.9822  900.5625  901.4253  901.5044  903.0918  902.7447  903.4899  988.2991  905.6568
895.8235  901.3115  899.4295  899.9373  901.3497  901.4637  906.567  899.0004  902.1842  901.6531  900.9967  901.1048  901.6984  899.5734  1007.376  908.4688
894.8328  901.9425  898.843  896.9686  900.0688  897.5004  903.0162  902.8638  898.7607  896.9299  899.006  900.6771  898.6127  896.0172  890.9006  1020.686
912.6591  910.355  904.8046  905.8382  907.024  906.3654  906.587  905.9975  916.9659  907.2647  906.3113  907.4757  905.5943  907.163  908.3663  905.893
879.7131  910.5255  905.2128  903.0808  904.6479  904.7212  904.9823  907.5471  880.2556  929.3327  905.6636  906.5216  904.6519  902.9161  907.6524  908.3745
908.1965  900.8702  1004.602  907.7324  907.0319  904.9639  905.2506  905.018  906.9709  909.3926  901.8939  907.3571  906.9546  905.9829  908.7625  908.5418
902.2551  930.463  910.2267  1093.8  906.9101  905.2273  906.4889  906.0631  905.8418  909.2501  1027.023  913.7644  906.9073  908.5621  909.041  908.6037
895.9068  910.5652  909.0649  1187.849  940.3836  908.6901  909.372  906.1408  908.2193  907.4513  907.9768  1199.029  904.0534  907.0379  908.5177  910.0387
903.2156  911.0586  908.6769  915.0002  900.0648  971.5809  907.4519  905.3159  907.4776  907.3983  908.376  909.629  920.2079  1104.467  1056.757  910.5632
897.4617  909.4573  906.3886  903.5796  906.4349  890.7511  914.2074  906.4557  906.8848  905.6829  906.6748  906.8463  905.8499  906.246  1121.855  907.545
357.8267  891.0861  892.2049  889.4241  890.5949  891.3136  891.3294  893.9212  890.609  890.6426  888.6814  891.9553  890.1703  890.3567  893.7416  900.8532
891.0008  894.6485  892.2394  890.1492  891.9189  893.0182  894.4754  891.9544  904.6194  893.9485  893.7273  894.2433  893.0003  893.5032  895.7346  897.5682
892.1041  896.406  893.1363  892.9345  891.5747  893.7406  894.5047  893.4304  892.7859  894.2941  893.3092  895.4081  893.7103  893.0482  895.186  897.1162
893.9078  900.9848  894.7068  895.2477  893.934  893.9912  894.6334  893.277  894.3219  895.3155  894.846  895.2009  894.5687  894.6087  895.7822  897.1221
883.374  898.0704  897.4289  895.113  894.7257  895.1659  895.0992  893.2408  893.6008  893.0476  896.9732  895.1711  894.4349  894.3898  895.6439  897.2979
892.9333  896.6339  905.5584  896.2996  894.1789  893.3672  894.3963  890.7624  897.1369  898.2173  899.6974  917.1362  899.554  895.9819  898.7499  901.0083
867.2359  897.917  902.5089  900.8056  909.2858  895.6818  896.7896  896.2191  894.0656  885.311  1018.746  1070.256  648.4118  892.1857  906.8898  901.5298
909.4778  955.3598  905.3838  907.7458  922.7488  932.5718  893.3588  973.7638  902.5388  896.1958  904.2608  913.4428  900.1388  817.2098  902.0358  902.0358

--------[ 2022-01-21 00:00:00 ] # approximate start of GMN SBS-8:

bb.grinch_tdc.hit_mintime = -25.0
bb.grinch_tdc.hit_maxtime = 25.0

# start with more open definitions of these cuts for earlier kinematics that aren't yet aligned:
bb.grinch_tdc.maxtdiff_clust = 12.0 # time difference limit for adding GRINCH hits to clusters (ns)
bb.grinch_tdc.maxtdiff_ref = 7.5 # time difference limit for GRINCH hits relative to shower for consideration in good clusters (ns)
bb.grinch_tdc.usereftimediffcut = 1 # flag to enable/disable the use of shower ADC time as "reference time" for GRINCH

# the following offsets were determined from SBS-8 LH2 and LD2 data (average -1.7-ns shift in GRINCH-hodo alignment relative to SBS-9
bb.grinch_tdc.tdc.offset = 
    933.7179     897.4829     876.8249     903.1109     934.0679     906.4859     806.2389     892.8329     967.3849     976.0789     923.4349     913.7079     914.6659     902.1949     909.3269     1017.036 
    897.0079     865.0439     924.2959     896.4859     947.6109     901.5419     861.8969     967.1269     849.4159     936.6349     840.8239     889.7999     901.4609     915.5749     1047.556     895.0779 
    845.8559     763.8079     893.7129     848.7998     910.9114     1101.648     955.6574     905.7915     916.5463     962.7709     888.3969     801.0409      903.363     849.5451     968.8247     907.7971 
    898.7993     872.8259     901.4983     902.1975     780.7724     898.8631     900.0185     897.4315     899.9447     999.6994     899.8561     972.4295     900.1273     897.4043     900.0074     1011.595 
    896.3708     903.5739     900.7633     963.3585      977.119     898.9243     900.6131     897.7654      898.909     900.6413     899.7716     901.1425     1051.655      898.624     900.3837     900.2708 
     895.148     901.4716     898.3159     895.4616     898.9686     893.3322     897.7665     894.1273     895.4298     896.6034     896.2164     897.8931     896.4397      903.137     898.4664     899.9057 
    896.1027     902.2695     898.4933     899.1001     897.0048     797.7247     937.6793     895.8025     895.8612      896.927      896.826      897.686     889.9925     895.0719      1037.67     900.0015 
    887.1018     896.2045     893.5811     891.6897     893.6806     891.7389     893.3207     890.5443     893.4954     892.5101      892.911      894.401      894.523     890.2966      895.651     896.4464 
    892.2429     902.3722     900.1691     897.2598     900.5012     911.4835     901.4912     941.8123     975.1782     900.2188     901.0592     902.6611     901.6498     898.8009     903.8078     905.2071 
    907.3072     1010.938      902.984     900.3309     902.4367      900.474     901.8488     899.1492     903.0641     949.8683     900.4563     902.8377     903.0531     898.3551     904.7154     903.3352 
    902.9631     999.6475      903.587     904.2872     903.2642     899.9583     904.0819     900.1881     902.5612     1088.208      972.241     903.2964     904.2468     900.2316     904.1942     906.0172 
    895.9798     907.6122     926.3509     902.9241     902.3292     902.2113      901.996     899.5762     903.7111     903.1147     900.9144     897.0602     904.2229     900.7821     905.7181     906.9873 
     897.424     904.4422     902.9933      907.331     900.6042     902.3846     901.8904     898.8223     901.1693     901.9342      902.374     889.8836     920.9298     899.6664     904.4036     905.9223 
    900.8481     907.9349     903.4004     901.5593     882.6213     903.3697     903.0948     899.3092     901.6696     904.1916     902.7248      903.459     1037.852     1076.883     904.5344     905.4411 
    897.8539     904.1971       899.35     897.1756     899.3713     1303.751     899.0667     896.0924      897.506     898.2939      898.428     900.1938     899.6492     902.4541     986.6453     902.8584 
    893.0184     898.5146     896.5685     897.0631     898.5248     898.3292     906.2995     896.3248     899.3889      898.571     898.0944     898.3461     898.9659     896.7256     1006.232     905.9988 
    892.1831     899.1026     895.9832     894.0403     897.1141     894.6548     898.2271     893.5584     896.0767     894.3117     896.1629     897.8815     895.7821     892.6009     890.2237      1023.01 
    911.6569     907.7648     902.0912     903.1263     904.3754     903.5695     904.0126     905.0544     915.3148      904.482      903.501     904.6381     902.7025     904.4306      905.723     910.8992 
    885.3196      922.347     902.5477     900.2166     901.8808     901.8177      902.043     916.8204     901.0023     939.2158     902.9651     903.6418     901.8848     900.1551     904.8474     905.8626 
     906.621     899.5846     1004.669       904.97     904.1274     902.0731     902.3758     902.1891     922.8383     917.9139     907.1634      904.735     904.0526     903.0925     905.8295     905.7264 
    900.9596     929.3085     907.4707     1093.997     904.0266     902.2255     903.6786     903.2584     903.0601     906.4021     1025.957     911.1968     904.0525     905.5122     906.0559     905.6469 
    893.0898     907.5997     904.1579     1184.896      938.012     905.6453      906.448     903.2597     905.2635     904.4035     905.4331     1222.511     907.8298     904.0504     905.5682     907.0361 
    900.1297     908.0305     905.4219     913.1806     900.3197     970.6067     904.4177     902.2798     904.3517     904.3382     905.3166     906.6112     919.1533     1103.831     1054.966     907.3806 
    894.1963     906.4203      903.304     900.6548       899.68     880.7041     911.9781     903.4465     903.6845      902.583     903.6488     903.7929     902.6277     903.1149     1118.335     903.9739 
    356.3283     888.1123     889.2134     886.4419      887.624     888.5976     888.6457     890.2834     887.7288     887.7412     885.8142     888.9543      887.289     887.4816     891.0045     897.4581 
    888.1014       891.76      889.432     887.2933     889.0674     890.1128     891.6025     889.0255      890.841     891.0958     890.9185     891.2874      890.001     890.5598     892.7581     894.4983 
    891.4751     893.3383     890.2547     890.0778     888.6666     890.7741     891.5623     890.6181     890.2125      891.273     890.3444     892.3673     890.7663      890.004     892.1878     894.0746 
    891.4992     900.5219     891.7924     892.3433      890.935     890.9549     891.5362     890.3571     891.5247      893.087     891.9652     892.3571     891.5979     891.6152     892.8272     894.4172 
    882.0530     894.4813     892.2757     892.3724     891.5857     892.1023     891.8537     890.2251     890.7005     890.6978     891.7201     891.8077     891.4987     891.4238     892.6396     894.2673 
    889.9563     893.8168     891.3335     890.0271     891.2635     890.8115     891.8242     887.9634     894.0961     894.9268     894.1963     896.1331       895.13     893.0801     895.8658     898.0644 
    888.1426      894.992     891.2561     895.2318     895.1114       891.73      891.928     888.5109     890.4405      892.126     1017.636      1069.58     649.1254     888.6074     901.8786      896.052 
    900.5109     950.4305     901.0266     900.9896      915.369     907.9203     898.4305     968.5082     900.4489     897.1699      901.626      906.796     897.7126     814.7836     899.6096     899.6096 

--------[ 2022-02-01 00:00:00 ] # approximate start of GMN SBS-9:

# back to SBS-9 offsets (roughly 1.7-ns average shift in GRINCH-hodo alignment):
# A new set of GRINCH TDC offsets applicable to GMN with trigger phase correction and alignment to hodoscope "tfinal" variable (using SBS-9 LH2 data):
bb.grinch_tdc.tdc.offset = 
    935.3577     899.1227     878.4647     900.0674     935.7077     901.4937     807.8787     894.4727     969.0247     977.7187     925.0747     904.8044     910.3661     897.7882     899.5659     1014.147 
    894.1187     862.1547     921.4067     895.5965     944.7217     897.8872     873.9436     964.2377     846.5267     933.7457     839.4149     894.3746     895.6267     896.5566     1043.997     902.1211 
    845.1402     763.2771     893.1821     844.2139     899.2573     1103.064     957.7529     899.6698     900.5201     961.2684      889.232     800.6622     899.7116     850.5636      976.458     903.0872 
    900.4175     876.9605     900.0223     905.8264     780.6535      900.688     901.6589     899.1152     901.8389     1002.705     901.8393     974.3043     901.6897     899.4869     901.8715     991.8694 
    898.1101     905.5001     902.8647     962.3362     979.1648     900.7013     902.5656     899.6416     900.8384     902.6546      901.573     903.0219     1054.075     899.8549     902.1176     902.2221 
    896.9615      903.441     900.0454     897.3834     901.7909      899.787     899.5634     895.9597       897.39     898.4766     898.0601     899.5592     898.3628     903.7836      900.376      901.722 
    898.0594     904.3662      900.565     901.0918     898.7315     786.2236     939.8475      897.724     898.0082      898.875     898.7727     899.7222     892.6712     896.8375     1037.615     901.7551 
    888.8534     898.0496     895.4229      893.555     895.3555     893.5201     895.2855     891.7473     895.1135     894.2033     894.5415     896.0581     896.1732     891.8864     897.4973     897.1815 
    893.6518     903.9307     901.8658     898.9243     902.4479     913.2689     903.3308     940.7823     973.9981     901.7277     902.7052     904.4689     903.3416     900.5797     905.4957     907.1173 
    899.5307      992.891     904.5763     902.1517     904.1203     902.2182     903.4323     900.7694     904.3413      949.761     902.1158     904.6666     904.8068     900.1154     906.5566     905.0622 
    904.4141     1014.995     905.1929     906.0693     905.0349     901.5631      905.945     901.7221     904.1611     1087.894     970.9538     905.1909     906.1238     901.9994     906.0553     907.7994 
    897.6436     909.3238     925.3047     903.9462     904.1648     904.0398     903.7416     901.2129      905.371     904.9429     901.7774     898.2302     906.0622     902.5654     907.5113     908.7506 
    899.0341     906.1971     904.8224     907.8326     902.0936     904.2536     903.6172     900.4449     902.9546     903.6401     904.2134     907.0658     928.4512     901.4296     906.2699     907.7692 
     902.613     909.6001     904.9808     903.1851     883.1476     905.1239     904.8302     901.2246     903.5483     906.2569     904.2897     905.1188     1038.474     1076.863     906.4233      907.439 
    899.6457     906.0513      901.182     898.9456     900.9856     1303.508     900.8641     897.8352     899.4155     900.2783     900.3574     901.9448     901.5977     902.3429     987.1521     904.5098 
    894.6765     900.1645     898.2825     898.7903     900.2027     900.3167       905.42     897.8534     901.0372     900.5061     899.8497     899.9578     900.5514     898.4264     1006.229     907.3218 
    893.6858     900.7955      897.696     895.8216     898.9218     896.3534     901.8692     901.7168     897.6137     895.7829      897.859     899.5301     897.4657     894.8702     889.7536     1019.539 
    911.5121      909.208     903.6576     904.6912      905.877     905.2184       905.44     904.8505     915.8189     906.1177     905.1643     906.3287     904.4473      906.016     907.2193      904.746 
    878.5661     909.3785     904.0658     901.9338     903.5009     903.5742     903.8353     906.4001     879.1086     928.1857     904.5166     905.3746     903.5049     901.7691     906.5054     907.2275 
    907.0495     899.7232     1003.455     906.5854     905.8849     903.8169     904.1036      903.871     905.8239     908.2456     900.7469     906.2101     905.8076     904.8359     907.6155     907.3948 
    901.1081      929.316     909.0797     1092.653     905.7631     904.0803     905.3419     904.9161     904.6948     908.1031     1025.876     912.6174     905.7603     907.4151      907.894     907.4567 
    894.7598     909.4182     907.9179     1186.702     939.2366     907.5431      908.225     904.9938     907.0723     906.3043     906.8298     1197.882     902.9064     905.8909     907.3707     908.8917 
    902.0686     909.9116     907.5299     913.8532     898.9178     970.4339     906.3049     904.1689     906.3306     906.2513      907.229      908.482     919.0609      1103.32      1055.61     909.4162 
    896.3147     908.3103     905.2416     902.4326     905.2879     889.6041     913.0604     905.3087     905.7378     904.5359     905.5278     905.6993     904.7029      905.099     1120.708      906.398 
    356.6797     889.9391     891.0579     888.2771     889.4479     890.1666     890.1824     892.7742      889.462     889.4956     887.5344     890.8083     889.0233     889.2097     892.5946     899.7062 
    889.8538     893.5015     891.0924     889.0022     890.7719     891.8712     893.3284     890.8074     903.4724     892.8015     892.5803     893.0963     891.8533     892.3562     894.5876     896.4212 
    890.9571      895.259     891.9893     891.7875     890.4277     892.5936     893.3577     892.2834     891.6389     893.1471     892.1622     894.2611     892.5633     891.9012      894.039     895.9692 
    892.7608     899.8378     893.5598     894.1007      892.787     892.8442     893.4864       892.13     893.1749     894.1685      893.699     894.0539     893.4217     893.4617     894.6352     895.9751 
    882.2270     896.9234     896.2819      893.966     893.5787     894.0189     893.9522     892.0938     892.4538     891.9006     895.8262     894.0241     893.2879     893.2428     894.4969     896.1509 
    891.7863     895.4869     904.4114     895.1526     893.0319     892.2202     893.2493     889.6154     895.9899     897.0703     898.5504     915.9892      898.407     894.8349     897.6029     899.8613 
    866.0889       896.77     901.3619     899.6586     908.1388     894.5348     895.6426     895.0721     892.9186      884.164     1017.599     1069.109     647.2648     891.0387     905.7428     900.3828 
    908.3308     954.2128     904.2368     906.5988     921.6018     931.4248     892.2118     972.6168     901.3918     895.0488     903.1138     912.2958     898.9918     816.0628     900.8888     900.8888 

--------[ 2022-04-01 00:00:00 ]

# back to defaults starting after GMN so as not to step on any toes:
bb.grinch_tdc.maxtdiff_clust = 30.0 # time difference limit for adding GRINCH hits to clusters (ns)
bb.grinch_tdc.maxtdiff_ref = 15.0 # time difference limit for GRINCH hits relative to shower for consideration in good clusters (ns)
bb.grinch_tdc.usereftimediffcut = 1 # flag to enable/disable the use of shower ADC time as "reference time" for GRINCH

bb.grinch_tdc.tdc.offset = 0.0
bb.grinch_tdc.tdc.GoodTimeCut = 900

bb.grinch_tdc.trackmatch_nsigma_cut = 4.0

########################################################
########################################################

############               GEN2             ############

########################################################
########################################################
--------[ 2022-10-10 00:00:00 ] # GEN-2:
-------[ 2022-10-14 20:00:00 ] # Beginning of GEN2 -> set 1: 2033 - 2085
# GEN-2: good GRINCH times are clustered near 70 ns 
bb.grinch_tdc.tdc.offset = 
    84.32003     73.44003     71.63862     70.80017     72.51597     69.61719     72.52449     72.75003     72.92003     84.57003     70.02097      71.3107     74.97838     70.19692     71.33455     84.69003 
    64.95003     52.25003     73.79705      68.8926     68.25751     72.21853     71.62121     72.10354      57.6406     90.76297     75.91778     77.11733     72.55278     72.45201     74.93184     77.06751 
    72.25958     67.11572     107.1074     79.68573     71.51663     75.41291     75.00278     72.54811      73.3176      73.5118     75.41204     97.75349     74.11354     73.22464     73.79047     76.79429 
    70.44565     80.69601     74.36581     53.30543     76.04176     75.78744     76.66413     74.34225     75.54832     77.02712     75.65234     77.27244     75.73798      94.7813     75.84459     77.85278 
    72.67338     80.22872     76.90053     79.46433     86.82132     75.15262     76.76258     73.82938     74.83432     76.71602     75.51767     76.04351     72.19926     74.48057     76.04982     76.24908 
    70.75355     77.46371     74.34184     71.80864     73.31271     72.20905     74.09359      70.2217     71.42797     72.69417     72.12664     74.17602     72.77974     72.19065     74.64971     76.28387 
    71.51593     77.96667     75.22156     74.62798     72.35492     73.28261     73.42562     71.53782     72.68466     73.68368     73.57116     74.49687     73.76446      71.4727     71.70955      76.4883 
    63.15736      72.2181     69.44771     67.73834     69.58268     67.72191     68.89109     65.71541     69.16954       68.194     68.42202     70.21709      70.4012     66.08912     70.86486     70.54161 
    68.06226     77.88939     75.60599     73.04377     76.30524     74.73004     77.43225       67.945     89.41505     75.99882     76.45757     78.15013     77.37108     74.74783     79.54295     80.93261 
    70.24579     81.96856     78.60651     75.77179     78.02856     76.22043     77.50808     74.72142     80.13592     78.65675      76.9519     79.25178     79.49336     74.76306     81.15305      79.8053 
     77.5741     66.51289     79.32296     80.16275     78.93741     75.81887     80.04933     75.80184     77.16796     78.69969     78.48558     78.49047     79.50959     75.45093     79.28955     80.69216 
    71.41514     83.54765     82.11912     80.44442     77.87599     77.54754     77.55985     75.12024     78.20963     77.62354     79.72716     82.71279     81.65792     75.58182     80.61192       81.799 
    73.55342     80.12781     79.77202     81.72855     77.10052     78.41796      77.6451     74.79688     76.00642     77.04515     77.37202     79.49075     71.91252     75.10888      79.0308     80.57096 
    76.51445     83.45014     79.15202     76.22289     71.93468     79.53278     79.08522     75.20684     77.49404     79.96779     78.13688     78.78139     76.33138     78.23805      80.5737     81.45105 
    73.67336      79.9436     74.83554     72.67791     74.20109     70.87805     75.02321     71.93068     72.99994     73.37619     73.70382     75.21696      74.7137     72.35643     69.33505     77.99397 
    68.69472     74.35067     72.33265     72.72067     73.81105     73.14604     70.35085     71.98552     75.69077     74.93297     74.19614     74.62979     75.08376     72.33319     79.52051     74.23363 
    81.88405     87.97087     85.37515     83.68284     86.24174      84.3418     74.05394     93.95515     85.60748     83.81053      85.4925     87.17248     85.28803     82.32975     77.10403     65.70543 
    75.46272     83.63122     77.76966     78.54532     79.60807     78.70425     78.89095     78.50862     79.17091      79.8515     78.75943     80.04578     77.74656     79.55171     79.75207     50.94737 
    70.49962     86.26926      78.2795     75.56314     76.92032     76.83703     76.65209     73.44407      71.1936     80.00683     76.88857     77.82176      76.0738     73.95751     78.72869     79.17571 
      76.995     80.39179      71.2844     79.91161      78.3167     76.38645     76.55731     75.91586     99.74573     75.52027     97.05187     79.60862     78.75408     77.85872     80.37249     80.40661 
    75.49255     73.01866      72.7444     85.94999     79.73105     77.48847      78.9451     78.25401     76.88949     80.96179     86.99376     76.62822     79.01194     80.74309     80.98939     80.24252 
    63.85807     82.98783     78.56856     54.39648     74.13783       81.026     81.60945     78.36678     79.58774     78.82467     79.38508      86.5669     91.24441     79.00852     80.28129     81.71195 
     75.4064     83.07642     80.46417     75.38055     72.06709     82.08022     79.73677     77.59854     78.94148     78.88944     79.56213     80.66739     79.97316     74.77215     82.33256     82.01402 
    69.30367     81.15457     77.74206      74.6111     77.69409     78.12342     79.45842     78.21738      79.0542     78.39606     78.87103     79.47342     77.97638     79.13423     84.72814     79.92782 
    60.33652     63.18665     61.55354      57.1989     62.09535     63.76379     63.52964     63.48737     63.73586     63.35511     63.42006     64.32356     62.51595     61.03431      66.0102     76.59338 
     62.3334     66.50077     67.13451     66.90451      65.3094     65.79066     67.38512     72.99221     65.63708     66.58716     64.18226     66.84874     65.86306      68.2566     68.58331     75.09339 
    64.83223     68.91029     65.30969     65.21416      63.8797     66.02165     66.47759     65.72156     66.26456     67.00744     65.70978     67.68641     66.01806     65.22011     67.53327     69.64343 
    67.07599     73.68228     67.65271     68.35256     67.14983     66.81364     67.62366     66.20216     67.21238     67.73665     67.44833     67.66536     66.73603      66.5031     68.02554     69.46225 
    61.65222     70.11969     68.47813     68.70863     67.48662      67.6377     67.54506     65.78145     66.22024     66.47644     67.09085     68.11717     67.30389     66.63613     68.04175     69.62838 
     65.4888     69.13095     66.71581      65.1882     66.32995     66.00364     66.41274      62.9017     69.65841     70.65174     70.16141     70.42022      71.4153     67.69142     70.44086     73.01577 
     65.5315     71.52143     68.99229     68.56663     72.77256     68.06847     68.51207      63.8357     66.10032     67.24234     66.82471     71.56829     73.81358     65.43982     76.30066     69.43567 
    56.90035     58.70066     61.67246     60.67123     68.08248     63.41229     61.65597     58.31371     63.40572     63.30487     64.47008      67.7413     64.83682     71.69998     7.179976     7.179976 

bb.grinch_tdc.tdc.GoodTimeCut = 0.0

bb.grinch_tdc.hit_mintime = -20.0
bb.grinch_tdc.hit_maxtime = 20.0

####### good GRINCH times are clustered near 150 ns after Carlos adjusted. Set these now closer to 205ns ########

-------[ 2022-10-19 00:00:00 ] #GEN2 -> set 1: 2080 - 2085 

bb.grinch_tdc.tdc.offset =
	207.3700	209.1400	198.2286	179.8002	182.3660	204.2272	196.2745	200.6200	209.3500	209.2700	230.9810	210.3907	211.5984	205.4369	211.4946	202.6300
	204.9600	199.5900	207.2771	207.5426	205.4175	193.5385	214.2112	199.0535	185.0106	195.4030	239.9978	209.5873	203.4428	208.6420	210.1818	229.6875
	220.3196	208.9957	206.6074	181.5557	202.8766	203.0829	201.7928	205.1881	210.4276	214.4618	209.4120	211.6335	200.4735	201.4646	205.0705	205.0043
	199.8957	208.7460	197.6458	201.9254	213.0418	204.2174	204.4941	201.6623	203.6283	201.0471	210.2123	200.0824	183.4880	201.1513	204.4846	204.5728
	199.7934	205.6487	205.0905	203.0543	207.5913	203.8426	204.8126	202.3394	203.0843	204.5060	204.1177	206.6435	199.2593	201.6806	204.8898	204.3691
	198.9536	205.3437	201.3818	198.8886	206.0727	206.9691	201.9036	197.5117	199.4180	199.8542	200.1466	201.4560	200.4597	207.1507	203.3797	203.8439
	199.8559	205.8267	202.9716	202.3480	199.7949	198.6126	205.0456	199.2478	200.8447	201.2837	201.2212	202.2869	200.7645	199.1127	200.2396	205.7583
	191.3374	200.7381	197.6577	194.9583	196.5227	194.7419	203.8911	195.7854	197.1995	196.1540	196.7020	198.2571	197.2012	193.2691	198.2949	207.7716
	197.1523	206.0394	204.3260	200.6338	204.6552	202.1300	204.0623	211.0750	193.7551	203.6488	205.1676	206.6701	205.3411	201.6278	206.9230	208.4226
	201.1058	209.0886	206.3665	204.1318	205.4686	203.7004	205.0581	202.4414	200.7659	212.6568	204.6719	206.7418	207.3734	202.5231	207.8331	206.8153
	206.3241	202.8529	205.9430	207.8428	206.7574	202.2189	206.9593	202.5918	204.4680	199.7697	207.0256	205.6205	207.2396	202.1309	205.4496	208.2422
	198.4151	206.3977	209.3791	208.2044	204.4160	205.6275	204.9599	202.4402	205.5696	204.2635	203.7672	200.8028	208.2079	202.6518	207.6019	208.4790
	200.6634	207.2278	203.1420	205.2686	203.9205	205.1680	205.2751	202.4169	203.7264	204.6452	203.4920	211.3508	208.1725	201.4689	206.6208	208.6310
	204.1045	210.3801	205.7020	210.2229	204.8147	206.1028	205.9952	203.0268	204.5340	207.0078	205.5969	205.8114	204.2714	204.3281	207.1837	207.3411
	200.5434	207.9836	201.5955	200.1979	204.6911	207.7381	201.7332	198.6607	200.1599	201.6262	200.8238	202.7770	201.9537	218.9664	199.4751	205.0740
	195.9447	200.9507	199.4227	199.6407	202.2911	206.8660	206.1209	198.4255	203.1708	202.2530	201.2661	201.7498	202.7238	204.2832	206.9605	208.6336
	208.6441	216.1309	212.7952	211.4028	213.5617	210.1818	206.9139	198.9852	211.5375	211.0505	212.8225	215.0925	212.6580	209.5098	207.8740	190.2554
	213.9327	210.4712	204.9697	206.3053	207.1981	205.5443	205.0010	234.7386	207.5509	207.0915	206.5094	206.8458	205.1866	206.3517	211.4721	175.8274
	220.6296	205.0493	204.9495	202.8231	205.0403	204.5170	205.2921	199.0741	202.3836	201.0368	205.8686	205.9018	204.4738	201.9575	207.8487	209.9957
	210.0350	196.9318	214.4044	206.7916	207.4367	204.8565	205.2373	209.0859	190.2957	214.4203	211.7219	208.7086	206.9841	206.0987	208.7725	208.4466
	204.0126	214.3087	198.8544	199.3300	207.3811	206.4085	207.6151	206.5340	221.7595	206.4318	215.3538	244.1582	208.0019	209.0231	210.0694	208.8725
	193.3781	207.2878	208.4686	186.4965	224.0978	209.6260	209.7095	206.8868	207.9077	206.8247	224.1451	220.0969	230.1744	179.9385	208.8013	210.3120
	203.8464	211.5964	208.0142	207.9806	221.4371	214.6202	208.8668	205.6385	207.0215	206.8494	208.5621	213.3174	208.8532	233.7322	208.5426	210.4540
	198.3537	209.1546	206.2221	204.4011	224.8341	201.5034	205.7184	206.6174	207.0142	206.8161	206.7110	208.0734	205.9164	215.0742	200.4181	209.5578
	188.5865	192.9867	189.8035	185.9989	190.0254	187.5338	190.6496	207.9074	209.0159	191.8451	192.3601	192.2136	190.1060	187.9043	194.2102	216.1934
	189.8134	194.1408	194.4445	193.0345	194.1094	194.2707	209.4151	216.0622	194.3971	194.0272	192.6923	194.6887	194.4931	195.9066	195.7833	200.8634
	237.3322	195.8303	193.0797	193.3842	192.0397	193.5817	195.4476	194.5916	192.3046	192.7274	194.4098	196.1464	194.8981	194.4601	195.9733	197.6234
	197.5760	211.2723	197.7727	195.3826	194.3898	195.5336	194.7837	194.5122	195.0524	199.5967	197.4583	196.2454	195.8660	195.4231	196.5555	197.9023
	188.5022	207.8997	219.0381	194.6586	195.4866	196.7977	195.8451	194.1915	193.9802	194.1364	178.3509	209.3872	194.0839	198.7461	196.3718	198.7584
	192.8588	198.2610	206.1758	206.9782	193.9000	194.3636	195.7227	191.7717	194.2184	193.7417	193.8014	214.4802	195.6753	197.6714	199.5009	201.5258
	193.4615	199.3114	189.4523	210.6166	211.9726	197.2985	198.8721	194.1757	195.7703	198.5923	196.2347	218.8783	202.2736	209.4698	186.1707	199.8257
	193.7204	209.0807	217.3625	199.2412	211.2525	223.3823	212.3160	207.2837	212.5657	208.7749	211.9301	217.8013	210.9568	212.1800	7.1800	7.1800

bb.grinch_tdc.tdc.GoodTimeCut = 0.0

bb.grinch_tdc.hit_mintime = -20.0
bb.grinch_tdc.hit_maxtime = 20.0

-------[ 2022-10-21 03:50:00 ] # GEN2 -> set 2: 2125 - 2149
bb.grinch_tdc.tdc.offset = 
 	203.9631	205.7331	200.4801	175.7331	191.7355	202.6144	200.2401	197.2131	205.9431	205.8631	229.2031	206.6976	209.0413	202.1283	209.6819	199.2231
	201.5531	196.1831	206.6888	203.8928	202.0465	197.6802	209.8044	197.4035	176.0967	190.4131	236.0199	207.4707	199.1578	199.3457	201.2640	224.1499
	217.7189	203.3227	201.8702	178.7933	198.4229	201.1571	200.7268	199.1274	199.6743	203.9773	207.0809	206.0395	199.4167	199.5259	200.6002	202.8932
	196.6737	206.6822	201.3416	205.9936	202.1922	201.8761	202.7279	200.1743	201.6397	202.1858	201.7401	204.3206	199.4825	199.4652	201.9995	203.6207
	198.5740	205.8315	203.0826	201.9231	206.8417	201.3592	202.8961	200.0044	200.9653	202.7541	201.9037	203.1333	206.7266	200.4478	202.3789	202.3731
	196.8346	203.5466	200.2449	197.5973	200.8750	200.2755	200.1023	196.1704	197.4972	198.6283	198.2010	199.9989	198.8065	204.5188	200.8657	202.2294
	197.6917	204.0626	201.0191	200.6995	198.2711	198.1523	202.5202	197.5646	198.7697	199.7049	199.6226	200.5324	199.6310	197.6050	197.9223	202.8735
	189.1976	198.4550	195.6657	193.6530	195.4157	193.5690	195.0626	192.0890	195.2352	194.3094	194.5387	196.2721	196.1787	191.9577	197.1541	205.4321
	194.4285	204.0642	201.8929	199.0724	202.4663	200.7306	203.2674	200.2122	202.7260	201.9782	202.7364	204.4416	203.4275	200.5955	205.5341	206.9348
	198.7950	207.8358	204.7295	201.9184	204.0092	202.1842	203.5539	200.8266	204.9939	205.0432	203.0474	205.2544	205.5172	200.8500	207.0189	205.7203
	203.8949	201.2712	205.3093	206.1997	205.0028	201.5970	205.9616	201.6761	203.2329	198.7784	205.3022	204.4267	205.6151	201.3106	205.0465	206.7295
	197.3833	208.6924	209.1374	206.3513	203.6934	203.6977	203.5851	201.1080	204.2616	203.5554	204.8478	205.4137	207.1323	201.5321	206.5595	207.7389
	199.4942	206.1585	204.6594	205.1366	202.8119	204.2759	203.7135	200.7851	202.1030	203.0488	203.1843	209.7305	205.0769	200.8511	205.0861	206.8643
	202.6035	209.3782	204.9502	202.9317	198.4064	205.4382	204.9500	201.2299	203.4716	205.9303	204.1578	204.7807	203.7307	203.7995	206.3363	207.0993
	199.5434	206.0027	200.7583	198.6946	200.4696	204.8076	200.8430	197.7687	198.8874	199.4877	199.6236	201.2761	200.6563	217.0451	198.3082	203.9805
	194.5634	200.1184	198.2399	198.6082	200.0502	199.5031	204.0651	197.7859	201.6795	200.9311	200.1070	200.5488	201.1551	198.9965	204.8113	205.0027
	207.7402	214.1166	211.3440	209.7505	212.1873	209.9839	212.1162	203.4108	211.3774	209.7756	211.4798	213.3106	211.2628	208.2031	206.4264	189.5636
	205.0641	209.5120	203.7567	204.6852	205.7082	204.5905	203.8228	232.4323	206.2753	205.8275	204.8472	205.9486	203.7697	205.4385	206.5083	176.6134
	218.1374	211.2047	204.1894	201.5598	203.0866	202.9225	203.0693	195.5894	197.0672	198.4743	203.2281	204.0186	202.2711	200.1268	205.1233	205.6767
	209.3717	197.4897	211.7594	205.8978	204.6595	202.6092	202.8846	202.7001	189.5527	212.1756	209.8279	206.1301	205.0055	204.0866	206.7177	206.6408
	201.6975	211.3104	195.1351	198.2684	205.7814	203.8162	205.2226	204.4927	203.9560	207.4957	203.1218	219.9378	205.3720	206.8669	207.4068	206.6043
	194.0528	208.5446	205.8497	183.9844	219.6456	207.2624	207.7558	204.6332	205.7927	205.0195	217.3306	215.6967	225.9320	177.1028	206.3941	207.9739
	201.6086	209.2707	206.4504	207.2517	219.9652	216.2568	205.9521	203.7476	205.0799	204.9067	205.9336	207.4062	213.9886	233.4101	207.8857	208.1890
	195.4171	207.1681	204.0105	200.9535	223.4575	201.8965	205.0019	204.4514	205.1293	204.4878	204.9465	205.9315	204.2233	205.2796	196.6023	206.3640
	186.4238	189.6986	187.6574	183.4173	188.2322	189.2324	189.4618	204.7534	204.4592	189.6548	189.8136	190.4283	188.5612	186.8470	192.3425	204.2912
	188.5164	192.6517	193.1278	192.6956	191.6334	192.0805	194.2627	209.6813	191.9547	192.5957	190.4037	192.9969	192.2053	194.3130	194.5539	199.4748
	235.1788	194.9073	191.3924	191.3637	190.0147	192.0263	192.6647	192.1407	191.9910	192.7933	191.9659	193.9030	192.3614	191.6208	193.7096	195.8822
	193.5844	203.6879	194.1407	194.2399	193.0382	193.0747	193.5021	192.4347	193.4969	194.5045	193.8080	193.8672	193.1152	192.8504	194.2570	195.6617
	187.4154	196.2262	216.8604	194.2557	193.5163	194.0211	193.7398	191.9564	192.2471	192.4293	192.7594	194.2134	193.0353	193.2153	194.2377	195.9759
	191.4517	195.5497	206.8475	194.2487	192.4535	192.1400	192.9897	189.1009	195.2369	196.0886	195.3475	210.5302	197.1202	194.0495	196.7804	199.2334
	191.5513	197.6040	193.7813	200.2080	202.9180	194.3241	195.0123	190.5946	192.3007	193.6521	192.7688	213.8632	199.2400	194.3289	179.0530	196.1771
	184.6292	204.2901	210.8164	189.4538	209.7234	219.3075	205.1955	195.6334	205.3250	201.4001	203.4257	211.5743	208.6275	204.6275	-0.3725	-0.3725

bb.grinch_tdc.tdc.GoodTimeCut = 0.0

bb.grinch_tdc.hit_mintime = -20.0
bb.grinch_tdc.hit_maxtime = 20.0

-------[ 2022-10-22 00:50:00 ] # GEN2 -> set 3: 2164 - 2176
bb.grinch_tdc.tdc.offset = 
	204.4943	206.2643	194.5845	183.2850	187.1754	200.4577	196.9530	196.9654	206.4743	205.8861	228.0322	203.8022	205.9343	199.9890	207.2080	199.7543
	195.4925	196.1678	202.7195	201.7242	199.5620	198.9782	212.6007	197.7435	181.8733	195.1105	236.1000	205.9095	200.0776	200.0825	202.6004	230.9500
	225.7752	210.1347	207.5833	192.2141	199.4394	202.3186	201.5848	200.1018	200.4446	201.8051	205.4487	206.0043	200.5719	200.3147	201.4483	203.7923
	197.1171	207.8204	200.7829	206.6539	203.4790	202.8204	203.6076	201.1502	202.4855	203.1861	202.7822	205.3766	199.7617	200.2933	202.8736	204.5754
	199.5409	206.7141	203.9631	202.8522	207.6632	202.2862	203.7679	200.8275	201.8861	203.6452	202.8333	203.8838	207.5286	201.3704	203.2060	203.2039
	197.7356	204.5192	201.0799	198.5469	202.5249	202.0692	200.9903	196.9650	198.3710	199.4884	199.0907	200.9426	199.7568	206.0980	201.7822	203.2616
	198.6919	205.0699	201.7704	201.6025	199.2593	199.3642	204.6284	198.4887	199.7288	200.6558	200.5598	201.5054	200.6616	198.5468	199.5977	203.8628
	190.1856	199.4344	196.5884	194.6210	196.4266	194.5211	202.9525	191.7795	196.2588	195.3069	195.6301	197.4620	197.4666	193.0214	198.2893	206.4016
	195.5067	205.1835	202.9807	200.0921	203.6622	201.3585	204.3028	211.6425	203.8244	203.1521	203.7918	205.4864	204.6051	201.7199	206.6605	208.1086
	200.0560	209.0085	205.7954	202.9746	205.0729	203.2496	204.5623	201.9711	199.9968	207.1224	204.1160	206.3202	206.6104	201.8476	208.1632	206.9140
	205.3157	202.4229	206.3203	207.1224	206.0589	202.6184	206.9680	202.6841	204.3606	199.1463	206.3135	205.3891	206.4632	202.2445	206.0622	207.8084
	198.4206	209.8713	210.4195	206.7371	204.6439	204.6936	204.6008	202.1069	205.2728	204.5308	206.4327	206.4459	207.6800	202.4453	207.6974	208.9047
	200.6368	207.1612	205.7856	205.7399	203.9276	205.1969	204.7212	201.8186	203.1306	204.2117	204.2939	210.4942	206.0285	201.7646	206.0449	207.7661
	203.5576	210.5557	206.2609	204.6706	203.2632	206.4778	205.8517	202.2169	204.4687	207.0148	205.2504	205.9066	204.9070	204.9535	207.3534	208.1270
	200.4041	207.1696	201.6295	199.5877	201.7647	206.4078	202.0719	198.7401	199.8372	200.3661	200.5219	202.1931	201.5937	218.0298	198.6959	204.9591
	195.5050	201.0485	199.0615	199.5257	200.9989	200.6705	202.7828	198.7195	202.7136	201.7920	201.0038	201.4523	202.1986	199.8425	205.5136	205.4251
	208.7125	215.0831	212.3100	210.7029	213.2856	211.0480	212.8457	204.1212	212.3568	210.7279	212.4477	214.3019	212.3471	209.3994	210.7356	195.1474
	215.2205	210.5811	204.7155	205.7227	206.7517	205.8141	204.9397	234.3308	206.8012	206.8079	205.8377	206.9165	204.7805	206.5052	208.6437	177.9705
	221.1007	211.4806	205.1805	202.4457	204.0428	203.9089	204.0281	198.0656	201.8166	200.2528	204.1426	204.8787	203.2800	201.0557	206.1602	206.8386
	207.7898	196.3601	211.5785	206.7336	205.6106	203.5328	203.8479	203.8112	189.3203	211.2593	210.2530	207.1261	205.9558	204.9888	207.7081	207.7524
	202.9584	212.0630	195.8363	198.7041	206.7164	204.6783	206.1817	205.5047	204.9571	206.3132	208.2806	230.7931	206.2191	207.7798	208.2778	207.5394
	194.6980	209.5077	206.8609	185.5147	221.2640	208.0311	208.6048	205.6193	206.6735	205.8857	219.1259	217.0918	228.5004	177.6868	207.3234	208.8161
	202.4313	210.1186	207.3353	207.0571	222.3821	213.9728	206.8509	204.5240	205.8825	205.6946	206.7808	208.5606	206.2556	230.8263	209.1531	209.0459
	196.0590	207.8979	204.8316	201.9386	224.5890	201.6713	206.2440	205.2447	205.8783	205.2727	205.7580	206.7568	205.0028	206.1151	196.6727	207.1612
	187.0504	190.4647	188.5519	184.2158	189.0754	189.9755	190.2642	205.9747	206.0747	190.4352	190.5032	191.2446	189.3576	187.7030	193.1921	204.3784
	189.1805	193.3265	193.9411	193.5394	192.4899	192.8683	195.4972	209.9455	192.7660	193.4062	191.2008	193.8937	193.0437	195.1981	195.4272	200.4601
	236.7743	195.6085	192.1901	192.2684	190.8610	192.9155	193.6188	193.0397	192.9075	193.7064	192.8260	194.8416	193.2053	192.3990	194.5896	196.7214
	194.7261	200.4217	194.9915	195.1482	193.9720	193.9094	194.2915	193.2609	194.2282	195.0483	194.6596	194.6552	194.0012	193.6121	195.1327	196.5171
	188.3185	197.2537	210.0252	195.1692	194.4239	194.8883	194.5746	192.8302	193.1363	193.3479	193.4275	195.2920	194.0221	194.0782	195.0753	196.8139
	192.3068	196.4476	212.1213	193.0868	193.4230	192.9593	193.7272	189.9772	196.1558	196.9908	196.6720	211.7896	197.9355	195.1371	197.8278	200.0479
	192.5062	198.6340	194.6692	194.6611	200.8221	195.0473	195.7920	191.6455	193.2133	194.7414	193.7842	213.8160	198.4413	193.1030	173.9930	196.6023
	184.0857	204.3447	208.1961	189.5934	209.7455	213.9079	204.2118	196.2562	203.9370	202.3666	203.0252	210.3354	203.5119	196.3404	1.8402	1.8402

bb.grinch_tdc.tdc.GoodTimeCut = 0.0

bb.grinch_tdc.hit_mintime = -20.0
bb.grinch_tdc.hit_maxtime = 20.0

-------[ 2022-10-24 07:38:00 ] # GEN2 -> set 4: 2199 - 2249
bb.grinch_tdc.tdc.offset = 
	210.1975	211.8814	200.7897	185.9577	193.5680	209.2840	200.9924	206.9884	212.1775	208.0361	236.5807	211.9785	212.4293	203.0727	210.6303	200.8178
	201.7475	195.3083	206.3925	204.0417	198.1640	197.3473	198.6047	195.5947	177.4794	190.7138	233.3781	203.6667	198.4879	198.7233	200.8966	222.9663
	217.4909	202.3660	199.3138	176.2258	197.9657	200.8418	200.1844	198.8189	199.3289	200.5859	203.6541	204.3467	199.4553	198.8095	200.2771	202.4544
	196.0610	206.3378	203.4547	206.9109	202.0710	201.3369	202.2651	199.7300	201.1783	201.7841	201.4984	204.2624	197.8676	198.8989	201.5101	203.1849
	198.1110	205.2904	202.5734	201.6874	206.7460	200.8326	202.2877	199.4493	200.4840	202.2193	201.3472	202.6052	206.7616	200.0386	201.8394	201.8064
	196.3287	203.0541	199.7011	197.2756	203.1860	204.2175	199.6363	195.6195	197.0000	198.0975	197.7216	199.5459	198.2954	204.6222	200.4227	201.8257
	197.2407	203.5643	200.6326	200.1678	197.8262	198.3328	203.1273	197.0340	198.2984	199.2101	199.0903	200.0118	199.2198	197.1395	197.8214	202.4277
	188.7935	197.9781	195.1626	193.1923	194.9681	193.1439	202.2027	190.6159	194.8783	193.8947	194.2036	196.0022	195.9976	191.6020	196.7778	205.0335
	194.2563	203.8322	201.5667	198.6623	202.2876	199.9704	202.9729	210.0833	201.7446	201.7958	202.4210	204.0835	203.1517	200.2666	205.2166	206.6660
	198.7038	207.5499	204.3323	201.6011	203.6383	201.8038	203.1110	200.6733	198.3242	205.4478	202.6362	204.8522	205.1424	200.3732	206.5720	205.3707
	203.9537	201.2781	204.8510	205.6928	204.5053	201.1653	205.4737	201.2058	202.8108	198.3741	205.3969	203.9290	204.9775	200.7808	204.5503	206.2088
	196.9298	208.0628	209.3559	205.8259	203.1269	203.1450	203.1250	200.6612	203.7272	202.9666	202.9876	200.7084	206.6998	200.9468	206.1350	207.3297
	199.2249	205.6574	204.5098	204.3251	202.3800	203.6668	203.2559	200.4407	201.7593	202.7470	202.8195	209.2632	204.9632	200.2899	204.5678	206.2562
	202.1403	208.9926	204.7175	203.0415	201.7340	204.8283	204.2821	200.7229	202.9984	205.5021	203.7375	204.3920	203.5742	203.9916	205.7285	206.5152
	199.0012	205.6645	200.2239	198.0891	200.7565	205.2271	200.5438	197.3220	198.4305	198.9316	199.1164	200.7404	200.1738	217.1055	197.3910	203.5148
	194.1965	199.7036	197.7752	198.1812	199.5598	200.0816	201.6707	197.5193	201.2703	200.4274	199.5569	200.0376	200.7270	198.5586	204.4388	204.2395
	207.3467	213.6474	210.9344	209.3304	211.8004	209.5785	204.7445	199.4027	210.9363	209.3348	211.0049	212.8793	210.9073	207.9004	209.2118	194.0461
	214.2458	209.0795	203.2937	204.2376	205.1956	204.1993	203.5555	232.5782	205.5839	205.3360	204.4110	205.5011	203.2935	204.9641	208.0511	174.0263
	217.4469	204.1563	203.7188	201.0752	202.6355	202.4135	202.5568	196.3166	200.0830	198.6220	202.7091	203.4628	201.9245	199.6959	204.7065	205.4635
	206.5311	195.0160	210.1355	205.3332	204.1649	202.1761	202.4983	202.3588	187.8788	209.4190	208.5286	205.5851	204.5048	203.5503	206.2224	206.3074
	201.3556	211.1089	194.0551	197.5349	205.3308	203.3440	204.8229	204.0253	203.4745	204.5383	207.1217	229.6441	204.7794	206.4148	206.8246	206.0284
	191.1590	208.0532	206.0907	184.1495	220.1838	206.6372	207.2009	204.1932	205.1862	204.3723	218.4751	216.0748	226.6818	176.1387	205.8441	207.3331
	200.9984	208.6143	205.7537	204.8002	218.4355	211.5154	205.3289	203.1180	204.4291	204.2749	205.2807	207.1234	204.7341	228.8326	207.3825	207.5568
	194.8863	206.5953	203.3058	200.5313	223.4687	200.8728	206.2708	203.9774	204.5272	204.0023	204.3040	205.1636	203.7120	204.6577	195.7720	205.7344
	186.0524	189.1536	187.2270	182.9992	187.7451	188.7116	189.0268	204.7402	204.6403	189.0806	189.2247	189.9299	188.0801	186.3792	191.7892	202.8932
	187.9300	192.0090	192.6206	192.2115	191.1906	191.5373	194.4831	208.9126	191.5099	192.0709	189.9422	192.5007	191.6371	193.8646	194.0584	198.9994
	235.3761	194.4429	190.9346	190.9655	189.6209	191.5572	192.2676	191.7829	191.5920	192.2411	191.5151	193.4873	191.8961	191.1263	193.2745	195.3999
	193.4250	199.5488	193.6583	193.8811	192.7233	192.6395	193.0135	191.9417	192.9137	194.1253	193.3269	193.3872	192.6818	192.2905	193.8456	195.2034
	187.0833	195.9124	214.9398	193.8435	193.0410	193.5176	193.2335	191.5287	191.6986	192.0846	190.7436	193.8954	192.7067	192.7118	193.7296	195.4356
	190.9864	194.9472	211.4512	191.5898	191.9655	191.6433	192.4390	188.7522	194.6955	195.4929	195.0983	212.0194	196.1939	193.6730	196.2787	198.6545
	191.2209	197.2204	193.2899	193.5081	200.2837	193.8454	194.4042	190.0606	192.0179	193.4665	192.2738	213.4665	197.1578	191.8018	173.4678	195.3065
	183.0299	199.6295	206.8498	186.3426	202.0022	208.9520	198.5827	186.7947	196.4376	195.0888	197.5790	203.3702	198.6791	196.2818	-7.6945	-7.6945

bb.grinch_tdc.tdc.GoodTimeCut = 0.0

bb.grinch_tdc.hit_mintime = -20.0
bb.grinch_tdc.hit_maxtime = 20.0

-------[ 2022-10-26 16:20:00 ] # GEN2 -> set 5: 2250 - 2276
bb.grinch_tdc.tdc.offset = 
	206.54399	208.31399	198.63399	178.31399	181.91399	208.44399	196.22399	199.79399	208.52399	208.44399	231.78399	211.18329	210.70952	201.95481	214.07505	201.80399
	204.13399	201.74622	211.53043	208.48553	206.01645	197.63870	212.21387	198.51993	178.30152	189.96228	239.32678	208.80973	200.73001	200.63031	203.40159	224.77983
	219.62972	202.10898	198.99387	177.29029	199.38877	202.15423	201.71888	199.97821	200.80311	205.86844	205.43969	205.40066	200.09673	200.35192	201.44254	203.87507
	197.00340	207.58619	201.87604	206.46943	203.07274	202.66824	203.37018	200.94812	202.39070	203.11293	202.74488	205.50093	199.60570	200.10641	202.78458	204.43994
	199.32311	206.56610	203.86247	202.97828	207.70052	202.03706	203.58531	200.66077	201.65939	203.51061	202.66111	203.79492	208.37177	201.09286	202.97961	203.04440
	197.54637	204.36773	200.95467	198.35343	204.38780	204.92292	200.90330	196.85289	198.23053	199.29038	198.91304	200.81556	199.42057	205.63004	201.67238	203.17786
	198.48521	204.95099	201.69127	201.42056	199.05178	198.85542	204.15141	198.36506	199.55872	200.48436	200.32891	201.28079	200.49081	198.31645	199.35674	203.87967
	190.07597	199.41728	196.49861	194.51817	196.24530	194.36558	196.41385	188.58212	196.39378	195.25268	195.61530	197.42576	197.41354	192.95101	198.14100	206.71238
	195.55734	205.31120	203.00321	200.07450	203.64272	201.70983	204.34300	211.85180	204.01303	203.20272	203.85987	205.52763	204.63298	201.70870	206.65605	208.14585
	200.73737	209.15130	205.78475	202.98683	205.08895	203.22407	204.52736	201.89272	199.38711	206.22487	204.09365	206.29909	206.57718	201.73257	208.07735	206.78886
	205.22872	202.75860	206.24735	207.05705	205.95072	202.50779	206.90347	202.52530	204.24826	199.94345	207.17665	205.29109	206.38403	202.09675	205.93555	207.62119
	198.25208	209.53740	210.24618	206.83044	204.48701	204.48992	204.42933	201.99518	205.16154	204.39210	204.28681	201.78732	207.71665	202.33214	207.61749	208.86174
	200.57344	207.08454	205.84434	205.62361	203.88853	205.05171	204.56480	201.78004	203.10570	204.23063	204.23247	209.54164	204.43850	201.64520	205.97700	207.70626
	203.57169	210.52729	206.20363	204.19666	203.47589	206.20959	205.71790	202.06820	204.39227	207.02678	205.19425	205.78420	204.44405	205.42453	207.09804	207.99535
	200.28755	207.06631	201.55037	199.49646	201.71629	206.22635	201.78817	198.63365	199.71598	200.21480	200.42645	202.04210	201.48095	218.23102	198.81890	204.89117
	195.43044	200.98815	198.98455	199.43227	200.86322	200.80291	203.00411	198.63340	202.59721	201.71992	200.87106	201.34533	202.09934	199.80750	205.60237	205.44499
	208.62904	215.02006	212.29972	210.62816	213.15515	210.92040	213.53105	204.34539	212.22192	210.69736	212.36735	214.24411	212.25133	209.44746	210.57843	194.74879
	215.63383	210.55073	204.63241	205.66927	206.60502	205.57998	204.74633	233.97767	206.72693	206.65612	205.77421	206.86762	204.70589	206.37306	211.88057	177.78489
	221.66684	210.78658	205.18367	202.40394	204.01277	203.81487	203.87717	197.79441	201.32331	200.09065	203.95060	204.83863	203.28244	201.05144	206.07123	206.82745
	208.23415	196.11719	212.04182	206.75373	205.56610	203.49328	203.83525	203.64501	188.97888	211.09364	210.05100	206.94433	205.88601	204.92478	207.66391	207.68037
	202.66881	218.34377	207.68194	205.06535	206.66239	204.66064	206.14798	205.41401	204.86583	206.19258	208.77463	231.52294	206.23293	207.79138	208.25412	207.47220
	194.51650	209.45444	212.52725	196.07777	226.07828	207.98541	208.59331	205.60757	206.56845	205.73053	225.31569	228.76679	234.15989	183.49653	207.18907	208.74209
	202.32812	210.00916	207.16097	206.07177	219.25982	212.82530	206.64850	204.43362	205.79586	205.59053	206.69763	207.72192	205.68643	230.44873	208.86460	208.93977
	196.01397	207.95506	204.77578	201.95060	224.38831	200.36142	205.48565	205.19353	205.78263	205.21102	205.70656	206.68367	205.09564	206.13802	197.02590	207.01672
	187.16965	190.35629	188.50705	184.20001	188.99852	189.96633	190.27476	206.20271	206.29859	190.39972	190.49439	191.19928	189.32512	187.59257	193.07617	203.89272
	189.29741	193.22054	193.92133	193.50072	192.47382	192.77920	195.75329	209.68591	192.79646	193.39640	191.23256	193.80860	192.88572	195.15991	195.46000	200.03380
	236.93433	195.79508	192.18692	192.15900	190.80312	192.87068	193.46062	193.07909	192.94536	193.50008	192.68748	194.81388	193.14641	192.33277	194.54300	196.69851
	194.65951	200.79239	194.91313	195.06712	193.99972	193.88221	194.19751	193.11203	194.11072	195.18901	194.52425	194.63104	193.95262	193.53090	195.10263	196.41545
	188.24572	196.91159	216.24211	194.99016	194.22411	194.76059	194.46019	192.68676	193.00982	193.17035	193.33045	195.14879	193.97159	193.92928	194.93238	196.77590
	192.26188	196.26825	213.36509	192.98995	193.20275	192.81593	193.60520	189.85362	196.02677	196.62669	196.33795	199.92033	197.40762	194.85573	197.52855	199.81036
	192.24314	198.42995	194.71982	203.73219	205.94584	194.99535	195.67886	191.08735	193.00180	194.40831	193.12355	214.44069	196.73811	193.01651	176.58128	196.05294
	183.95174	202.21450	207.70495	190.57479	206.87641	217.61682	203.66491	195.62111	205.26778	203.24957	205.10101	210.21747	207.57239	199.12515	-2.06318	-2.06318

bb.grinch_tdc.tdc.GoodTimeCut = 0.0

bb.grinch_tdc.hit_mintime = -20.0
bb.grinch_tdc.hit_maxtime = 20.0

-------[ 2022-10-29 01:12:00 ] # GEN2 -> set 6: 2302 - 2323
bb.grinch_tdc.tdc.offset = 
	206.1661	207.9361	198.2561	177.9361	181.5361	204.6447	195.8461	199.4161	208.1461	208.0661	231.4061	208.7113	209.5638	202.6566	210.5830	201.4261
	199.9464	198.3861	206.6511	207.7343	204.6967	195.9952	212.4682	197.4001	182.9789	192.6161	234.2778	206.4310	199.3222	199.2260	201.2309	225.7161
	218.0881	204.8761	203.5391	179.7744	198.4656	201.2154	200.5047	198.8811	199.3779	206.7370	205.5516	205.7000	199.4411	199.0566	200.5294	202.7606
	195.3767	206.5843	199.7549	204.5352	202.4012	201.6783	202.5120	199.9110	201.4472	202.1922	201.5817	203.4050	198.6925	199.1373	201.7369	203.4898
	198.2352	205.6756	202.8575	201.9208	206.6720	201.1949	202.6953	199.7372	200.7241	202.5788	201.6919	202.7347	207.0753	200.1124	202.1075	202.1053
	196.5678	203.3694	199.9959	197.3421	201.5047	201.2764	199.9596	195.7798	197.2440	198.3402	197.9207	199.7992	198.4111	204.7270	200.6060	202.1390
	197.4791	203.9205	200.5121	200.3857	198.1105	198.1342	203.0270	197.2342	198.4695	199.4271	199.3427	200.3108	199.4807	197.1767	198.3611	202.6444
	188.9631	198.3317	195.4170	193.4752	195.2354	193.2937	196.0866	193.9331	195.2713	194.1871	194.5290	196.3844	196.4047	191.8627	197.0861	205.4462
	194.5822	204.2921	202.0336	199.0059	202.6807	200.7394	203.6174	210.6789	202.5719	202.3067	202.9256	204.5449	203.7029	200.7429	205.7189	207.4100
	199.4328	208.0900	204.8051	201.9649	204.0876	202.2662	203.5319	201.0180	198.8495	205.9899	203.0213	205.3268	205.5931	200.7035	207.0298	205.7952
	204.2714	201.5449	205.2681	206.1423	205.0274	201.4719	205.9244	201.5704	203.2432	198.8768	205.8684	204.4203	205.3721	201.0894	204.9449	206.6577
	197.1034	208.7540	209.5461	205.4158	203.5390	203.5076	203.4008	200.9750	204.1871	203.4143	203.1851	200.6909	206.3872	201.3531	206.7140	207.9736
	199.4753	206.0148	204.7410	204.8011	202.8029	204.0916	203.5251	200.6654	202.0398	203.1957	203.1794	209.7286	205.3551	200.5635	204.9830	206.8332
	202.5359	209.4905	205.2181	203.3812	202.5117	205.2815	204.6586	201.0506	203.3692	206.0172	204.2358	204.8565	203.9368	204.1847	206.1632	207.0022
	199.2365	206.0648	200.5161	198.4232	200.7275	205.7998	200.7873	197.5312	198.6513	199.1724	199.3783	201.0502	200.5234	217.1288	197.6973	203.9338
	194.3103	199.9171	197.9441	198.3526	199.8317	199.7031	202.0268	197.6277	201.6209	200.6898	199.8861	200.3674	201.0301	198.6594	204.8969	204.4969
	207.4860	214.0332	211.2320	209.5722	212.1142	209.9528	212.3047	203.0772	211.2049	209.6474	211.4133	213.2961	211.2720	208.2430	209.6930	194.1932
	214.2485	209.6249	203.6849	204.6970	205.6906	204.6178	204.0473	233.2728	206.1590	205.7726	204.8336	205.9174	203.7219	205.4482	211.2087	177.0861
	221.1669	210.3214	204.1735	201.3708	203.0042	202.8763	202.8129	196.8867	200.6440	198.7833	203.0739	203.8924	202.2614	200.0358	205.1843	205.8616
	207.3867	196.3448	210.5073	205.8424	204.6498	202.4973	202.8683	202.7792	188.3818	210.2113	208.8951	206.1370	204.9082	203.9442	206.7789	206.7228
	201.7883	211.4553	194.6586	197.3405	205.7388	203.6959	205.1898	204.4862	203.9297	205.0851	208.3872	230.0154	205.4464	206.8292	207.3445	206.5395
	193.3366	208.5061	206.4470	184.4355	220.9528	206.9043	207.5784	204.5877	205.5898	204.7804	218.7355	216.5957	227.2959	176.7657	206.2877	207.8484
	201.3078	208.9769	206.1309	205.3260	218.7469	211.7988	205.6818	203.4716	204.8386	204.6246	205.7982	207.5931	207.0381	235.3815	207.9667	208.0357
	194.8831	206.9063	203.7265	200.8541	222.7196	199.5558	204.5324	204.1501	204.8216	204.2142	204.6709	205.6916	204.0524	205.0744	196.6572	206.0491
	185.9821	189.3572	187.4650	183.0964	188.0125	188.8797	189.1229	204.6774	205.3601	189.3839	189.5061	190.1724	188.2290	186.5229	192.0845	202.6513
	188.1559	192.2392	192.8421	192.4094	191.3620	191.7299	194.2794	208.7387	191.8364	192.3565	190.1815	192.8163	191.8888	194.0680	194.4683	199.3177
	235.8202	194.6550	191.1318	191.1486	189.7178	191.8022	192.4685	192.0167	191.9095	192.5006	191.7572	193.7970	192.1638	191.2985	193.4867	195.7675
	193.5547	200.0272	193.8374	194.1100	192.9782	192.7941	193.2054	192.1180	193.1558	194.1786	193.5738	193.5691	192.9446	192.5235	194.0835	195.4458
	187.1277	196.1986	231.1150	194.1225	193.3160	193.7815	193.4999	191.6926	191.9473	192.1449	192.5962	194.2196	192.9999	192.9402	193.9888	195.7777
	191.2852	195.3372	212.1448	191.9211	192.3094	191.9069	192.7216	188.8664	195.0323	195.8158	195.4635	212.1831	196.6884	193.9521	196.5349	199.0057
	191.4033	197.6998	193.4435	201.9577	204.8379	193.9995	194.6283	190.2400	192.1278	193.5400	192.5013	215.2024	197.1556	192.2081	175.0841	195.4745
	183.2286	200.4996	206.7560	189.4835	208.6574	216.1569	203.5755	196.8708	206.1317	202.8399	202.2263	210.9667	203.0859	204.3149	-0.6851	-0.6851

bb.grinch_tdc.tdc.GoodTimeCut = 0.0

bb.grinch_tdc.hit_mintime = -20.0
bb.grinch_tdc.hit_maxtime = 20.0

########################################################
########################################################

############               GEN3             ############

########################################################
########################################################
-------[ 2022-11-10 00:00:00 ] # Beginning of GEN3 -> set1: 2506 - 2587
bb.grinch_tdc.tdc.offset = 
    211.1914     210.4114     208.9114     207.8479     205.8001     209.2295     231.2614     208.1578     225.7014     207.3614     206.0983     205.3252     207.6879     202.5064     204.7195     212.2014 
    207.7714     197.8414     206.5082     200.9209     194.5819     199.6108     201.9656     223.0059     203.5666     208.3094     204.3536      209.054     200.2367     199.5297     201.8894     203.8528 
    196.7989     208.5621     206.6403     201.4046     228.0367     201.9027     201.3729      200.077     200.2211     218.0133     205.8038     224.5111     199.8472     200.1931     201.5387     203.7419 
    196.7545     207.6602     204.4825     203.1987     203.1711     202.6969     203.5354     201.0319     202.2664     203.0394     202.4955     209.6541     202.0811     200.3334     202.9556     204.6719 
    199.3364     206.5067      203.774     202.0973     206.8255     202.1654     203.6479      200.747     201.7703     203.4557     202.6259     203.5969     208.3647     201.3842     203.0787     203.0521 
     197.644     204.4712     201.0904     198.3502     196.8634     203.0157      200.842     196.7729     198.2262     199.3304     199.0786     201.0012     199.6763     204.0711     201.6264     203.1791 
    198.5561     204.8778     202.1247     201.4773      199.099     199.5717      180.114     198.2024     199.4419     200.5089     200.3907     201.3305     200.5416     198.4105     206.3613     203.6508 
     190.026     199.1733     196.4347     194.4842     196.2366     194.3319     197.1268     196.5603     196.0731     195.1345     195.5098     197.2983     197.2946       192.86     198.1858     203.8805 
    195.5735     205.0758     202.7735     199.9436      203.527     201.6174     204.1283     203.3168      204.959     202.9742     203.5965      205.339     204.4223     201.5594     206.4257     207.6951 
    203.6139     183.6936     205.6021     202.7734     204.9583     203.0759     204.2939     201.9858     204.3675     208.0374     203.8391     205.9752     206.3489     201.6091     207.8285     206.5154 
     205.741     234.4119     206.1562     206.9041     205.7814     202.4012     206.8159     202.4873     204.1842     204.8797     178.4219     205.1497     206.1647     202.0328     205.7999     207.3382 
    198.2175     209.0113     211.4935      207.566     204.3746     204.4421     204.3832     201.9332     204.9724     204.2294     204.8091     211.4466     208.6117     202.1647      207.468     208.6785 
    200.5617     206.8818     205.6936     206.2747     203.6405     204.8324     204.4061     201.7332     202.9912      203.969     204.0684     232.5586     205.5109      201.524     205.6866     207.4132 
    203.4191     210.2769       206.01     213.3317     207.1998     228.4547     205.4272      201.862     204.2182     206.8251      205.012     205.6147     187.9633     231.3884     206.8964     207.6698 
    200.2025     206.9485     201.4007     199.3752     209.1735     205.9763     201.7238     198.4757     199.5683     200.1191     200.3235     201.9681     201.5291     214.3829     208.6948     204.7273 
     195.482     200.9749     198.9528     199.3885     200.8049     196.5032     205.4343     198.6827     202.5009     201.6091     200.7445     201.1785     201.9142     180.9345     205.3867     211.2709 
    208.5472     214.8443     212.1813     210.5957     213.0524     210.9483     213.2293     214.9862     212.2736     210.5514     212.2016     214.1143     212.1107     209.5104     192.1404     214.9677 
    208.5007     210.3251     204.5539     205.5224     206.3695     205.6453     178.1302     205.5669      206.459     206.5883     205.6349     206.7664     204.5055     206.2394     205.7634     208.1171 
     204.051     213.1241     204.9899     202.2995     203.8622     203.6974     203.9173     202.5699      202.755     208.7758     203.9679     204.7036     203.1994     200.8852     206.0139     206.9898 
    204.5995     211.4274     211.2137     206.7046     205.4223     203.4746     203.7981     203.6983     207.2032     205.1981     234.1973     207.1499     205.7827     204.8756     207.6186     207.6372 
    202.7211     211.1463     216.9584     213.1877     206.6418     204.6557     206.1348     205.3346     204.7352     210.0287     207.2693     211.7921     206.1177      207.757     208.1838     207.3214 
    194.7479     209.3116     208.0275     214.5329     212.5489      207.977     208.5946     205.6512     206.5631     205.8242     193.3159     208.0006     211.5965     207.4147     207.3077     208.7656 
    202.4362     210.0745     207.2198     206.3509     209.4215     227.4249     206.7252     204.5295     205.8532     205.7318     206.7397     221.6042     206.5738     215.1123     233.3069      209.036 
    196.2653     207.9862     204.6551     202.1111      210.729     187.4278     207.4698     205.3923     205.9425     205.5251     205.4889     206.3279     204.5547     206.1028     212.3791     207.2385 
    187.9317       190.53     188.6728     184.4347     188.7438     189.5345     190.2604     189.3932     192.8404     190.7235     190.5493     191.3323     189.2813      187.479     192.9491     180.0222 
     189.328     193.2555      193.873     193.3706     191.9916     193.0211     194.1758     199.0899     192.9211     193.3165     191.2292     193.6958     192.7084     194.8956     195.5045     198.9439 
    194.4341     195.8285     192.2547      192.375     190.9323     192.9087     193.5551     193.3882     193.4168     193.7442     192.8704     194.9035     193.2381     192.4523     194.5777     196.8178 
    194.7316     199.8379     194.9458      195.144     194.0234     193.9176     194.2764      193.183     194.1184     195.3959     194.7438     194.7757     193.9088     193.5261     195.0823     196.3903 
    188.4469      197.131     195.7695     195.4323     194.5095     195.0395     194.7061     192.8975     192.9808     193.4089     194.7619     195.1807      193.983     194.0015     195.2246       196.84 
    192.3188     196.4117     193.5267     192.7796     193.2758     193.0125     193.8793      189.971     195.9456     196.6943     196.1656     199.0597      197.797     194.8559     197.5901     199.9214 
    192.5786     198.7687     194.5896     193.9926     199.7665     195.2325     195.7176     191.5845     193.4326     194.8939     193.6804     194.9825     197.7956     192.2613     201.6028     196.6487 
    168.0026     186.8747     188.4909      190.215     211.7375     193.2711     190.1549     189.1836     193.5319     192.1676     190.8126     238.0415     211.8858     211.4675     6.467483     6.467483 

bb.grinch_tdc.tdc.GoodTimeCut = 0.0
bb.grinch_tdc.hit_mintime = -20.0
bb.grinch_tdc.hit_maxtime = 20.0

-------[ 2022-11-16 09:10:00 ] # GEN3 -> set2: 2613 - 2699
bb.grinch_tdc.tdc.offset = 
    214.8913     214.1113       211.99     210.1822     209.2237     213.1492     236.5394     213.9501     229.4013     211.0613     208.2445     208.2712     211.2355     204.9193     205.6392     217.5917 
    211.1908     199.7692     210.6259     202.1517     196.8876     196.9121     196.5785     218.6063     200.1222     202.2316     199.5465     206.0954     198.5053     197.7808      199.758     202.1057 
    195.1742     206.6143     206.4201     200.1849      227.057     200.4443     199.9329     198.3243      198.436     215.1851     204.8176     222.6995     198.5033     198.5388     199.8693     202.0915 
    195.1404     205.6858     206.0751      203.045     201.4929     201.0555     201.8311     199.3275     200.6337     201.3815     201.0704     208.8825     200.4744     198.4988      201.102     202.9725 
    197.6168     204.7508      202.003     201.4145     205.6431     200.4533     201.8762     199.0145     199.9774     201.7691     200.9743     202.0064     206.8934      199.338     201.3259     201.2598 
    195.8682     202.7303     199.3819     196.7461     195.0336     201.7272     199.2535     195.0295     196.4686     197.5846     197.2857     199.3771      197.941     202.7805     199.7763     201.5204 
    196.8082     203.1468     200.3377     199.7427     197.3709     197.6841     178.2026     196.4503     197.7188     198.7415     198.6236     199.5616      198.844     196.5954     204.9105     201.9534 
    188.2307     197.4021     194.6942     192.7898     194.5235     192.6518     196.0536     195.2739     194.4728     193.4276        193.9     195.6862     195.6919     191.2511     196.4211     202.1486 
    193.9247      203.484     201.2079     198.3073     201.8449     200.6097     202.6416     202.4414     203.2686     201.4271     201.9941     203.6715     202.8753     199.8863     204.8176     206.3774 
     202.309     182.4686     204.0101     201.1137      203.373     201.3572     202.6067     200.4683     203.6286     207.2235     202.1856     204.3378     204.6723     199.9317     206.0954     204.8467 
    204.4153     232.9973     204.5555     205.2098     204.0911     200.7489     205.1098     200.7922     202.5993     203.4041     176.7123     203.5407     204.5043     200.3551     204.1005      205.629 
    196.5094     207.5178     210.2706     205.9377     202.6617     202.7282     202.6855     200.2589      203.292     202.6041     203.3604     209.8146     206.8338     200.5314     205.8363     207.0574 
    198.8537     205.1386     204.1071     204.7282      202.086      203.133     202.6693     199.9913     201.3054     202.4241     202.3565     231.4607      204.058     199.8448     203.9752     205.7485 
    201.6537     208.5874     204.3749      212.401     206.2064     226.8238     203.6649     200.1891     202.5314     205.1757     203.3373     203.9764     186.2008     230.0335     205.2044     205.9746 
    198.4376     205.2704     199.7312     197.7706     207.9231     204.4988     200.2236     196.8074     197.8446     198.3859     198.7226     200.2639     199.9159     213.1016       207.12     203.0451 
    193.9467     199.2984     197.2479     197.7195     199.1249     194.7844       204.08      197.091     200.8981     199.8997     199.0392     199.4743     200.2511     179.4407     203.9615     209.5752 
    206.8811     213.1497     210.4421     208.9063     211.3568      209.157     211.7473     213.4794     210.6889      208.401       210.53     212.4305     210.4979     208.2844     190.9104     213.8768 
    207.1731     208.7825     202.8571     203.8763     204.7376     204.1037     176.5645     204.3173     204.9149     205.0311     203.9857      205.114     202.8403     204.6249     203.9158     206.7967 
    202.4256     211.7135      203.352     200.6105     202.1857     202.0091     202.2716     201.3431     200.9243     207.0977     202.5184     202.9647     201.5444      199.214     204.3166     205.9199 
    203.4477     209.3308     209.8957     205.0504     203.7186     201.7393     202.1183     202.0591     205.8659     203.7467     233.0771     205.5817     204.1107     203.1512     205.9431     205.9416 
    201.1507     209.5372     215.3476     211.5842     204.9001     203.0169     204.4128     203.5928     203.0989     208.8382     205.7233     210.5381     204.6303     206.1158     206.4474     205.5744 
    192.9968     207.7144       206.65     212.8633     211.3068     206.2484     206.9688     204.0685     204.9011     204.1568       191.77     206.7466      209.823     205.3199     205.6707     207.0516 
    200.7188     208.3681     205.6068     204.8248     208.0711     225.8435     205.0878      202.808     204.1219     204.0216     205.1275     220.2584     205.2043     213.0613     232.0071     207.3644 
    194.5266      206.283     202.8868     200.4455     209.5972     186.1254     206.0488     203.6735     204.1492     203.8125     203.7033     204.6315     202.8266     204.7794     211.4313     205.3429 
    186.3032     188.8511     187.0482     182.7503     187.0365     187.8702     188.6338     187.9424     191.1782     188.7536     188.8798     189.6391     187.5959     185.7663     191.2149     177.9404 
    187.6354     191.5519     192.1926     191.6484     190.4406     191.2854     192.5982     197.4734     191.2049     191.5928     189.5194     192.0005     190.9606      193.251     194.1466      197.102 
     193.168     194.1545     190.5662     190.6963     189.2036     191.1907     191.7846     191.5595     191.3895     191.9475     191.1647     193.2082     191.5717     190.7312     192.8733     195.1287 
    193.1054      198.893     193.3136     193.5116      192.354      192.247     192.5061       191.42     192.2932     193.4181     193.0429     193.0783     192.1876      191.753     193.3865     194.6295 
    186.7324     195.2299     194.7058     193.6917     192.7441     193.3033     192.9941     191.1444     191.2778     191.7875     192.9298     193.7226     192.5173       192.43     193.6068     195.3017 
    190.5851      194.889      192.225     192.3142      191.986     191.9049     192.7174     188.8419     194.8392     195.6536     195.3951     198.1212     197.0983     193.9355     197.0298     199.5391 
    192.2832     198.2683     194.3178     194.4942     199.0419     195.1602     195.4725     191.3511     193.4716     194.9456     194.0704     196.2715     197.2579     192.3439      202.933     196.7741 
    166.7004      185.644     188.2054     191.2039     209.5368     191.1017     189.2764     189.8858     193.2303     192.6195       192.62     239.2119     211.5813     211.4247     7.334072     7.334072

bb.grinch_tdc.tdc.GoodTimeCut = 0.0
bb.grinch_tdc.hit_mintime = -20.0
bb.grinch_tdc.hit_maxtime = 20.0

-------[ 2022-11-20 02:38:00 ] # GEN3 -> set3: 2700 - 2770
bb.grinch_tdc.tdc.offset = 
    210.8149     210.0349     207.7925     203.7746     207.4999     210.3033     230.8849     207.7049     225.3249     206.9849     200.7563     204.6241     207.7708      202.057     202.0381     212.5383 
    207.3949     197.4649     207.5282     198.8938     194.5271     199.7479     201.1483     221.0131     202.1379     206.9842     201.5902     208.6681     199.3319     197.8454     199.5124     203.6418 
    198.9778     207.2949     207.5004     202.2616     228.6587     200.6112     199.8499     198.2135     198.3248     215.6535     206.1741     222.7056     198.9535      198.581     199.9436     201.9893 
     194.993     205.6531     202.0701     200.5042       201.72     201.1156     201.8985     199.3371     200.6411      201.456     201.1449     209.0653      200.534     198.5001     201.1392     203.0566 
    197.6739     204.8377      202.038     201.3843     205.7429     200.5863     201.9601     199.0884     200.0114     201.7999     201.0163     201.8053     206.3403     199.3871      201.406     201.3071 
    195.9328     202.8047     199.4115     196.9602     194.6958     202.0955     199.3237     195.0697     196.5274     197.6516     197.3391     199.4679     197.9332      202.877     199.9017     201.5828 
    196.8636     203.1869     200.4313     199.7927     197.4589     197.3579     178.0954     196.4951     197.7462     198.7853     198.6655      199.637     198.9377      196.683     205.2338      201.893 
    188.2992     197.4685     194.7611     192.8678     194.5821     192.7029     196.1738     195.2054     194.4389     193.4456     194.0106     195.8125     195.8021     191.3704     196.6359      202.328 
    194.1385     203.4823     201.2461     198.3487      201.897      201.844     202.7888     202.7426     203.3734     201.4145      202.015     203.6801     202.9142     199.9173     204.8091     206.2966 
    201.9285     182.5299     204.0633     201.1451     203.4142     201.3816     202.6139     200.4928     203.5826     207.1017     202.2211     204.3119     204.6781      199.934     206.1221     204.8939 
    204.5851     232.8941     204.5641     205.2404     204.1311      200.764     205.1228     200.7933     202.6629     203.3326      176.843      203.643     204.5161     200.4002      204.119     205.6484 
    196.5362     207.6816     210.5657      205.993     202.7192     202.7707     202.7074     200.2918     203.3458     202.6688     203.5292     210.0106     206.9367      200.561     205.8719     207.1547 
    198.8786     205.1443     204.1596     204.5731     202.1384     203.1357     202.6865     200.0209     201.3245     202.4761     202.3428     231.5382     203.9141     199.8836      204.003     205.7658 
    201.6093     208.5669      204.422     212.4789     206.3355     226.9675     203.6355     200.1963      202.552     205.2218     203.3244     204.0214      186.128     230.1629     205.2221     206.0328 
    198.4662     205.3028     199.7698     197.8489     208.0333     204.4632     200.2891     196.8461     197.9058     198.4103     198.7712     200.2912     199.9536     213.0992     207.0053     203.0727 
    194.0283     199.3694      197.281     197.7554     199.1368     194.7025     204.2613     197.1405     200.9359     199.9068     199.0563     199.5015     200.2619     179.6608      204.267     209.7814 
    206.8982     213.1535     210.4631     208.8896      211.348     209.2195     211.6462     213.5011      210.689     208.4028     210.5555     212.4491     210.4797     208.4204     190.9331     214.4626 
    207.5279     208.8024      202.873      203.858     204.7255      203.976     176.6317     204.4828     204.8301     205.0317     203.9981     205.0945     202.8653      204.678     203.8767     206.5213 
    202.5223      211.708     203.3392     200.6208     202.1516      202.021     202.2757     201.6763     201.0519     207.3028     202.6267     202.9179     201.5441      199.222      204.329     205.8881 
     203.193     209.6273     209.8262      205.037      203.707     201.7421     202.1258     202.0341     205.8457     203.5813      233.377     205.6652     204.0845     203.1481     205.9589     205.9362 
    201.0768     209.3913      215.634     211.4061     204.8993     203.0286     204.4042     203.5924     203.1373     209.0737     205.7207     210.6663     204.9071     206.0861     206.4473     205.5619 
    193.0055     207.7408     206.7532     213.2286     211.4314     206.2066     206.9479      204.076     204.8986     204.1376     191.2142      205.941     209.1513     204.4798     205.6666     207.0556 
    200.7208     208.3268       205.63     204.8337      208.004     225.8642     205.0627      202.819     204.1157     204.0112     205.1445     220.3861      204.852     212.5667     232.0348     207.3858 
    194.5408     206.3288     202.9272     200.5434     209.4803     186.1017     205.8805     203.7263     204.1557     203.8552     203.7299     204.6666     203.0566     204.6668     211.1117     205.3056 
    186.3649     188.8462     187.0895     182.8013     187.0938     187.8525     188.6214     188.1112     191.2793     188.9371     188.9119     189.6565     187.6367     185.8099      191.141     178.0232 
    187.6534     191.5691     192.2148     191.6274     190.5028     191.3607     192.1065     197.3491     191.2632     191.6279     189.5657     192.0183     190.9532     193.3699     194.3481     197.4695 
    193.2465       194.25     190.5957     190.7447     189.2502     191.2311     191.8146     191.6389     191.4566     192.1331     191.2265     193.2482     191.6362     190.7614     192.9234     195.2084 
    193.1018     198.6211     193.3608     193.5214     192.4228      192.318     192.5322     191.4205     192.3207     193.5241     193.1815     193.0907     192.2477     191.7867     193.4238      194.645 
    186.7841      195.291      194.481       193.73     192.7469     193.3256     193.0411     191.1509     191.2105     191.5779     192.8695     193.5866     192.0607     192.1234     193.2385     195.1008 
    190.2819     194.1781     191.1402     192.7094     190.7522     190.6861     191.4513     187.4061     193.2971     194.0584     193.3014     196.0595     193.8879     192.0894      194.108     195.8828 
    188.6921     194.8716     190.4546     189.9006     195.0243     190.3589     191.4554     186.6303     188.2344     189.6995     188.7958     191.8176      195.615     187.1242     196.8608     192.3027 
    162.6739     180.9943     181.9443     184.6708      204.215      185.463     182.8022      184.269      187.264     187.4449     187.1319     232.2762     206.7026     206.5385     1.538468     1.538468 

bb.grinch_tdc.tdc.GoodTimeCut = 0.0
bb.grinch_tdc.hit_mintime = -20.0
bb.grinch_tdc.hit_maxtime = 20.0

-------[ 2022-12-01 08:45:00 ] # GEN3 -> set4: 2959 - 3093
bb.grinch_tdc.tdc.offset = 
     211.527     214.1695     208.2031     206.3111     204.4275     208.1998     230.5531     207.3731     224.9931     207.9441     207.1956      203.379     208.9256     203.1618     203.7667     211.4931 
    205.2373     197.1331     210.9903     200.3905     195.6753     199.9716     201.8873     224.4711     200.1924     210.9152     204.9642       209.33     201.0895     199.9771     202.1201     204.3939 
    206.6755     217.3757     214.7283     217.2804     237.7905     203.0752     202.3785     200.3709     200.8665     222.7034     213.2478     235.6902     206.2832      201.212     202.4776     204.4372 
    197.5998     208.3088      208.928     205.3496     204.3222     203.7415     204.3315     201.7938     203.2661     204.0465      203.852     211.7964     203.3462     201.1023     203.6053     205.3739 
    200.1428     207.3771     204.7466     202.7574     208.1337     203.1528     204.4207     201.5318     202.4792     204.4528     203.7319     204.7169     209.2473     202.0443     203.9062      203.762 
    198.3692     205.2844     201.9524     199.1071      197.652     204.1486     201.7893     197.5547     198.9597     200.1616     199.8385     201.8943     200.4723     204.9328     202.3658     203.9775 
     199.254     205.6564     202.6051     202.2864     199.9388     199.9785     180.3748     199.0349     200.1733     201.2189     201.1751     202.0607     201.2809     199.2516     206.7807     204.2343 
    190.7496     199.8906     197.2306     195.2829     196.9738     195.2136     198.7178     197.7088     196.8497     195.8819     196.4028     198.1019     198.0062     193.6762     198.8069     204.1383 
    196.1595     205.7523     203.4586     200.6386     204.1273     204.4534     204.9688     205.1681     205.5325     203.6639     204.3059      205.918     205.1239     202.1664     207.0793     208.6499 
    204.0957      184.653      206.364     203.4489     205.7588     203.7064     204.9784     202.6334      205.767     209.3465     204.5828     206.6981     207.0254     202.2955     208.5111     207.1782 
    205.8053     234.5429     206.9282     207.6893     206.5615     203.1685     207.5187     203.2051     204.9941     205.3779     178.9048     206.1308     206.9721     202.7943     206.5617     208.0721 
    198.9809     210.4684     212.4577     208.3763     205.2415     205.2504     205.1577     202.7317     205.8399     205.2755     205.4374     211.9469     209.3213      203.106     208.2347     209.5301 
    201.1845     207.5835     206.4046     207.1296     204.5992     205.6665     205.1077      202.361     203.6199     204.8106     204.5521     233.2065     206.3383     202.4094     206.4664     208.2038 
    204.0183     210.8834     206.5771     214.1575     208.1988       228.86     206.1192     202.5873     204.9408     207.6544     205.7326     206.2657     188.5185     232.1985     207.7167     208.4337 
    200.9048     207.6273     202.1929     200.2597     210.2764     206.5765     202.5759     199.2577      200.253     200.8651     201.2589     202.6752     202.2312     215.2504     209.2105      205.579 
    196.1553     201.8144      199.752     200.1459      201.593     197.0502     205.7641     199.5282     203.4178     202.3598      201.608     202.0243     202.7377     181.8567     206.0239     211.9974 
    209.3335     215.5958     212.8273     211.2883     213.6455     211.5312     214.2883     215.4003     213.0963     211.1954      212.957     214.7824     212.7607     209.9547     192.7345       216.42 
    209.0563     211.3409     205.2506     206.2687     207.1209     206.0294     178.5216     206.4589     206.9875     207.5763     206.4144     207.4971     205.2458     207.0269     206.1108     208.8615 
    205.4864     213.8859     205.8076     203.0503      204.569      204.447     204.6282     203.1638     203.1734     209.2741     204.8485     205.3652     203.8698     201.6443     206.7155     208.1329 
    208.6945     216.9583     214.7853     207.5323     206.1658     204.1336     204.4514     204.3531      207.972     205.6193     235.1504     208.1308     206.6037     205.6074     208.3883     208.2572 
    203.3359     211.6714     217.4328     213.5783     207.3556      205.473     206.8249      206.032     205.5312     210.9728      208.069     212.6305     207.0014     208.5548     208.9122     208.0683 
    195.3328      210.157     208.8709     213.9332     213.5824     208.7865     209.3643     206.4695     207.3309     206.6366     193.6551     209.0388     211.6838     207.5766     208.2415     209.5956 
    203.1891     210.7879     208.0765     207.5646     211.0678     228.4414      207.641     205.3241     206.6142     206.5227     207.7368     223.0404     207.3725     215.4156     234.4799     209.9802 
    197.0574     208.8818     205.4573     202.8542     211.8016     188.8824     208.4543     206.0596     206.5861     206.3227     206.2394     207.1878     205.1752     205.7906     213.0481     207.5828 
    188.7779     191.1383     189.4441     185.2131     189.4437     190.0434      190.024     189.2544     193.0773     191.2993     191.2598     192.1717      190.038     188.0777     193.0909     179.8797 
     189.907     193.9755     194.6872     194.0812     192.6286     192.4777     195.4726     201.9954     193.6105     193.9932     191.9788     194.4909     193.4245     195.4473     196.0786     199.8454 
    195.2121     197.5391     193.1336     192.9961     191.5896     193.5724     193.9673     194.1498     194.0134      195.606     193.9631      195.418     193.9376      193.148     195.2452     197.4215 
    195.4135     203.7536     196.3353     195.8462     194.6929     194.6128     194.8412     193.5473     193.9667     195.6581     195.6309     195.4712     194.5037      194.169     195.6259     196.8015 
    188.7716     197.4326     195.8659     195.4386     195.3085     195.6936     195.3511     193.3758      193.219     192.1417     195.9478     195.0663     193.1992     193.7078      195.581     197.5667 
    192.4694     195.0535     188.9402     192.9338     193.3428     192.4777     192.2329     185.6166     191.2535     191.6065      192.154     196.9511     196.0991     194.8027      197.097     197.1212 
    187.3684     191.2763      189.227     190.5031     196.4011     193.1874      196.119     191.5643     191.8075      191.778     190.4238     195.4326     198.6658     192.5544     205.5141       198.76 
    166.8716     186.7115     187.1245     189.7542     212.4427     189.3249     189.9384     189.7084     190.1981     189.9335      191.058     236.7284     209.8484     209.7884     4.788391     4.788391 

bb.grinch_tdc.tdc.GoodTimeCut = 0.0
bb.grinch_tdc.hit_mintime = -20.0
bb.grinch_tdc.hit_maxtime = 20.0

-------[ 2022-12-07 20:40:00 ] # GEN3 -> set5: 3108 - 3250
bb.grinch_tdc.tdc.offset = 
    204.9491     210.6121     207.8754     204.1811     207.0023      208.162     231.4115     205.9509     225.0129     209.3363     202.6368     207.5125     210.1619     204.2223     203.9132     211.5129 
    205.5172     197.5484     210.8763     200.1888     196.1774     201.4946     202.4752     220.1779     202.0531     204.8888      206.009     212.0366     201.9427     200.4585     202.4562     204.4021 
     201.061     210.0162     211.3914     204.4902     231.2196     203.1832     202.1441     200.3256     201.3814     218.6281     208.9618      225.655     200.9763     200.8442     202.3304      204.349 
    197.5106      208.082     208.4117     206.1712     204.0869     203.5437     204.2292     201.7209     203.0878     203.8362     204.2472     213.8731     203.0955      200.927     203.4335     205.3362 
     199.999     207.2894     204.4433     203.3428     207.9054      202.955     204.2174      201.348     202.3311     204.3235     203.5845     204.4647     209.3844     202.1454     203.6942     203.5532 
    198.1497     205.1533     201.8717     199.0803     197.7884     204.3002     201.7295     197.3724     198.8021     199.9713     199.6858     201.8173     200.3477     204.7361      202.174     203.9088 
    199.1558     205.4916     202.4969     202.1701     199.8302     199.7438     180.4066     198.8728     200.0629     201.0852     201.0178     201.9196     201.2081     199.1392     207.2606     204.2137 
    190.6883     199.7741     197.0737     195.2119      196.927      195.124     198.5625     197.6818     196.8263     195.8597      196.374     198.0821     198.0933     193.6693     199.1063     204.1647 
    196.3288     205.7802     203.3983     200.5483      204.077     204.6962     204.9853     205.0042     205.4956     203.6702     204.2227     205.8818     205.0923     202.1201     207.0294     208.8301 
    204.5976     184.7319     206.3591     203.3516     205.7412     203.5955     204.8084     202.7341     206.1051     209.7318     204.5059      206.587     206.9007      202.187     208.4313     207.1132 
    207.7332     235.3546     207.0129     207.5117     206.4498     203.0584     207.4203     203.1493     204.9198     205.7355     179.0922     206.1038     206.7664     202.6569     206.4728     207.9057 
    198.8937     209.9643     212.5831     208.2981     205.0658     205.1164     205.0546     202.5983     205.6537     205.1568     205.6263     211.9533     209.2426     202.9277      208.183     209.4762 
    201.1467     207.4166     206.9214      207.402     204.6165     205.4895     204.9751     202.2551     203.5532     204.8002     204.5439     233.6009     206.1888     202.2747     206.2462     208.0265 
    203.8903     210.7737     206.5289     215.2608     208.2403     228.9709     205.8931     202.3941     204.7839     207.5907      205.578     206.1746     188.5502     231.7955     207.5094     208.2339 
    200.7005     207.5271     202.0181     200.2017     210.7661     206.7973     202.7707     199.0683     200.0737     200.6524     201.1132     202.5487     202.1324     215.0874     209.4075     205.3767 
    196.0054     201.6867     199.5967     200.0189     201.4852     196.8345     205.9763     199.5555     203.3322     202.1864      201.404     201.8151      202.628     181.4348     206.3891     212.0356 
    209.2614     215.4362      212.683      211.135     213.5794     211.4945     214.2178     215.9628     213.0012     211.0553     212.8253     214.6557     212.6649     210.3019      192.821      216.358 
    209.4141     211.2322     205.1275     206.1541     206.9616     206.2511     178.6635     206.2686     206.8632     207.4785     206.3037     207.3653     205.0939     206.9888     206.0686     208.9985 
    204.6726     213.9482     205.7309     202.8981     204.4408     204.2666     204.4927     203.0824     202.3942     209.0583     204.7413     205.1981     203.7771     201.5127     206.6127     207.3544 
    205.0176     211.9475     211.8892     207.4584     205.9941     204.0084     204.3023      204.188     208.0178     205.6475     235.0766     208.1986     206.4519     205.4463     208.2756      208.103 
    203.4314     212.0646     217.9583      213.794     207.2608     205.3629     206.6603     205.8518     205.3642     211.3748     208.1773     212.9146     207.6499      208.457     208.7322       207.85 
    195.2135     210.1773     209.3855     215.0864     213.5523     208.6261     209.2409     206.4201     207.1326     206.5369     193.4709     209.2275     212.1024      207.756     208.1063     209.3801 
    203.0044      210.624     207.9858     207.2303     210.0749      228.287     207.5129     205.1273     206.4146     206.3005     207.5926     223.0872      207.733     215.6659     234.3379      209.854 
    196.8899     208.7673     205.2695     202.7483     211.9661     187.8747     207.9718     205.9844     206.4015     206.1898     206.0634     207.0266     205.1486      207.228     213.7299     207.6062 
    188.7161     191.2517      189.456     185.2431      189.373     190.1706      190.878     189.5247     193.6358     191.1291     191.2213     192.0824     189.9082     188.1387     193.8553     180.7266 
    190.1045     193.9966     194.5585     194.0512     192.7992     193.7349     194.8206     200.0631     193.7085     194.0249     191.9277     194.3988      193.284     195.7863     196.1325     199.2861 
    195.7304     196.5544     192.8497     193.0341     191.5194     193.5924     194.1673     193.9678      193.885     194.4106     193.5147     195.5394     193.9114     193.0535     195.1791     197.6095 
    195.2222     204.0815     195.6365     195.6712     194.6343     194.6213     194.7458     193.6787     194.6228     195.6981     195.4614     195.3768     194.4597     194.0724     195.6893     196.8672 
    189.1326     197.8283     196.1088     196.0115     195.1666     195.6445     195.1627     193.3891     193.6702     194.1246     197.9521     195.9128     194.7143     194.7336     196.0169     197.7144 
    192.9429     197.1789     194.0505     194.8893     194.3286     194.2273     194.7608     191.1753     197.2724     198.1551     198.0255     201.2187     199.6967     196.2379     199.2778     201.7788 
    194.7057      200.663     196.7275     196.3948     204.5615     197.5604      197.938     193.8847      196.152     197.3795     196.1924     198.8541     202.8495      196.625     206.8931     200.6317 
    170.9614     190.7674     189.7259     192.4685     210.4225     195.6817     191.9977     191.6918      193.085     193.2743     194.9803     241.3245     211.0713     211.8477     6.847745     6.847745 

bb.grinch_tdc.tdc.GoodTimeCut = 0.0
bb.grinch_tdc.hit_mintime = -20.0
bb.grinch_tdc.hit_maxtime = 20.0

########################################################
########################################################

############             GEN4-a             ############

########################################################
########################################################
-------[ 2023-01-11 00:00:00 ] # GEN-4A: 
-------[ 2023-01-12 00:00:00 ] # Beginning of GEN4 -> set1: 3510 - 3998
bb.grinch_tdc.tdc.offset = 
    209.9487      216.537     219.9087     215.9426     209.2784     214.6587     198.9987     198.4587     213.1187     222.4058     214.0641     211.4916     211.6999     208.8638     218.8856     214.6587 
    199.6378     232.3188     210.0262     210.5507     207.0557     235.6988     212.9547     212.0795     234.5214     214.0877     218.0422     207.8192     213.5658     212.8806     214.0991     215.2992 
    199.7121     214.7298     214.6796     213.5632       209.59     207.0658     203.6916     214.6452      201.963     206.7707     206.9094     207.9601     200.7253     237.0541     201.5412     202.6851 
    232.1844      213.139     203.3404     205.8312     201.9559     201.9019     202.5348     199.9958     201.1828     202.3884     191.7479     195.8798     200.7952     198.9831     201.7312     203.6364 
    198.2496     205.5229     202.7296      208.574     211.2579     201.0468      202.582     199.6868     200.5731     202.4128     201.6687     202.4798     210.5389     199.9991     201.9728     201.9511 
    196.4417     203.3446     199.9316     197.1081     210.1452     209.2763      199.944     195.7114     197.1821     198.0816     197.7725     199.7402     198.5152     209.0799     200.4839     202.2118 
    197.4634     203.6903     200.7236     200.1087     197.7721     197.0805     202.4545      197.052     198.4338     199.4104      199.165     199.9849     199.3975     197.1466     206.8099     202.5546 
    188.7091      198.042     195.2595     193.2701     194.9569     193.0463     227.1308     194.0411     194.8381     194.0148     194.4976      196.304     196.3306      191.796     196.8189     216.7946 
    194.0483     203.7746     201.5593     198.7672     202.2795     200.0706     202.9239     199.6084     204.0823      201.768     202.2628     204.0939     203.1797     200.3016     205.0371     206.5193 
    204.0549     207.4298     204.5615      201.656     203.9793     201.7618     203.0663       200.89     206.3237     206.2304     202.6369     204.9899     205.2468     200.5345     206.5883     205.2967 
    203.8871     212.3856     204.9007     205.7902     204.7461     201.2118     205.5171     201.0567      202.994     203.0647     206.6557     204.1828      205.164     200.9396     204.7564     206.1672 
    196.9823      207.955     213.9938     206.6247     203.2715     203.4056     203.2766     200.8141     203.6173     203.0734     204.9188     221.5126     207.5884     201.1169     206.5579     207.6872 
    199.3505     205.7167     204.7831     206.2882     202.6317     203.8083     203.4455     200.6019     201.9052     203.0308      202.991     205.8673     207.8035     200.5563      204.666     206.4081 
    202.2096     209.0446     204.7249     204.4105     207.9433     204.9077      204.255     200.8109     203.0166     205.8084       203.85     204.5557     206.6517     206.6598     205.9397     206.8102 
      199.17     206.0122     200.2946     198.1454     200.1997     205.4251     200.7189     197.5425     198.5391     199.1516     199.4837     200.7903      200.083     200.9111      209.022     203.6806 
    194.4786     200.1479     197.9164     198.3165     199.5769     200.1951     205.6231      197.748     201.6199     200.5739     199.7366     200.0843     200.8389     198.2466     212.7134     210.1458 
    207.3624     213.7468     211.0969     209.4137     211.7353     209.6068     208.9799     210.4033     211.0252     209.3361      211.151     213.0174     210.9268     207.9322     206.4513     207.7483 
    209.2007     209.4722     203.4887     204.5594     205.2675     205.1203     206.5042     202.1729     207.5493     205.6531     204.6956     205.7676     203.4321     205.1809     207.9777     210.2718 
    205.7219     208.7479     204.0586     201.3809     202.8557     202.5042     202.5338     204.4715     200.5179     211.9169     202.9697     203.5886     202.1595     199.6869     204.7459     205.8226 
    206.6179     193.5687     213.5211     205.5818     204.2598     202.3126     202.6214     202.4777     199.9615     211.0868     209.0884     206.1078      204.671     203.6403     206.5877      206.295 
    201.5608     210.9435     232.2371     189.9924     205.5665     203.6995     205.0745     204.1702     203.5486     208.2115     207.1504     213.7635     205.0567      206.922      207.285     206.2601 
    193.4902     208.2631     216.0627     205.1911     213.1851     206.9777     207.6854     204.7657     205.4563      204.711     211.5977     214.3604     214.4417     205.7044     206.4094     207.7444 
    201.3873     208.9198     206.1653     207.8429     207.0016     208.6333     205.7277      203.534     204.8271     204.5268     205.6008     208.2064     207.6676     209.7822     209.1481     208.2674 
    195.1047     207.0914     203.5122     200.9026     207.9136     208.5722      207.462     204.2617     204.6926     204.3645       204.34     205.0864     202.8022     205.4005      213.276     206.0573 
    186.9645     189.2351     187.6958     183.2837     187.6476     188.3046     189.0548     220.8218     191.9329     189.0419     189.6079     190.1431     188.0765     186.2465     191.3731     202.9358 
    188.0569     192.0888     192.7936     192.1316     190.7266     191.7908     196.6219     200.3122     191.8327      192.062     190.0608     192.4825     191.4278     193.8738     194.2008      201.259 
    192.1844     194.7602     191.1918     191.0822     189.5969     191.6055     192.0247     192.0956     233.3155     192.2575     191.4907     193.6974      191.901     191.0081      193.132     195.3684 
     194.398     200.9429      193.537     194.0301     192.9274      192.785     192.8888      191.522     192.7023      193.637     193.5896      193.399     192.5566     192.1504     193.9244     195.1768 
    205.5613     196.4101     222.3793     194.0501      193.199     193.9692     193.2991     191.4384      191.459     192.5293       196.71     193.9223     192.5534     192.9344     194.2306     195.7436 
    190.6846     194.4641     211.1151     210.3865     208.9225     228.9386     205.1072      189.064     194.8466     194.9136     208.5636     208.7008     201.6753     195.9226     208.4216     209.6763 
    208.3263      195.982     190.9884     200.0619     211.4734      194.826     197.8824     226.1484     225.8235     207.9018     214.8964     219.1707     195.8011     191.2934     224.3334     204.3785 
    210.3984     207.0945     184.5098     206.9645     210.8187     189.3434     221.3934     211.1734     210.2527     211.0833     218.5727     196.9116     214.0034     231.8534      6.17343      6.17343 

bb.grinch_tdc.tdc.GoodTimeCut = 0.0
bb.grinch_tdc.hit_mintime = -25.0 
bb.grinch_tdc.hit_maxtime = 25.0

-------[ 2023-02-09 00:00:00 ] # GEN4 -> set2: 4023 - 4122
bb.grinch_tdc.tdc.offset = 
    206.2061     210.9161     216.1661     210.9161     206.7061     210.9161     195.2561     194.7161     209.3761     216.0361     211.9661     209.5961     206.2261     204.7461     213.2461     210.9161 
    194.0961     229.2261     206.9161     205.6861     204.8888     234.2161     210.1161     210.9161     231.8461     210.0161     216.3561     203.0361     210.1561     210.0696      213.528     210.9161 
    197.0561     211.4461     211.1057     211.9308     204.8085     200.8065     197.3909     211.0727     203.8684     208.9589     210.1943     209.1899     202.8197     237.9051     201.1293     199.1224 
    228.9399     211.5131     198.7947     201.3038     201.4544      201.277     201.8355     198.8254     199.9283     205.6887     197.5431     204.0577     200.1719     197.7673     200.6173     202.7006 
    196.8732       204.43      201.922     208.1244     209.9641     199.8009     201.2552     198.5135     199.5624     201.6167     200.3301      199.273     208.5175     198.7359     200.7982     200.6914 
    195.3626     202.2887     198.9859     195.8857     209.5651       207.17     198.7964     194.4619     196.0098     196.9813     196.6444     198.8076     197.4644     207.8289     198.9807     200.9992 
    196.1505     202.5913     199.5913     199.0138     196.6078     196.5171     205.2846     195.8281     197.2693     198.2073     197.8871     198.7895     198.1314     196.1096      206.023     201.2853 
    187.4208     196.8526     194.0899     192.0426      193.766     191.8903     225.8765     191.8825     193.5057     192.7104     193.2758     195.2152     195.1453     190.4791     196.0742     215.6769 
    192.7134     202.5691     200.3018      197.553     201.0309     198.5698     201.6902     197.4624     203.2524     200.5262     200.9999     202.9138      201.867      199.054     203.9078     205.2339 
    202.5774     206.3284     203.4383     200.4323      202.838     200.5883     201.9206     199.5332     204.0328     202.8456     201.3226     203.8826     204.1173     199.2404       205.38     204.2217 
    202.9708     211.5571     203.7211     204.6433     203.5419     199.9953     204.3137     199.9257     201.6873     200.4163      204.592     203.1529     204.0253     199.7797     203.5765     204.9699 
    195.7979     206.4741     209.0216     205.3326     202.1906     202.2652     202.1057     199.5977     202.5038      202.079     203.3223      219.855     205.8993     199.9599     205.3954     206.5531 
    198.0672     204.4687     203.4677     204.4924     201.5281      202.795     202.2288     199.2955     200.7415     201.8327     201.7713     204.6725     206.1846     199.4481     203.4656     205.2932 
    201.1019     207.8721     203.3904     201.6688     206.3008     203.5078     203.1086      199.645     201.7301     204.7434     202.7057     203.5239     205.9956     204.4206     204.7896     205.6909 
    198.0306     204.8259     199.0539     197.0369     199.0907     203.2243     199.6489     196.3985     197.3435     197.9932      198.256      199.614     198.9121     199.6171      207.824      202.524 
    193.2981     198.9803      196.761     196.9966     198.4333     199.0305     204.1739     196.3938     200.4886     199.4352     198.6194     198.9006     199.6085     197.0968     211.6858      208.533 
    206.1411     212.5955     209.9087     208.1584      210.549     208.3639     208.1687     208.5008      209.678     208.1209     210.0169     211.8624     209.7502      206.525     204.8728     207.0805 
    208.0107     208.4239     202.2647     203.4178     204.1762      203.593     205.3317     200.8529     205.6735     204.4315     203.5102     204.6246     202.3313     204.1694     207.0538     209.7532 
    204.1503     207.5119     202.7781     200.2051     201.6899     201.3684      201.388     202.0099     197.7664     213.7491     201.6443     202.3823     200.9625     198.5143     203.6215     204.7035 
    205.6757     192.5358     213.2259     204.3617     203.1024     201.1144     201.4146     201.2198     200.8187      211.787     211.7712     205.1504     203.5925     202.4358     205.4275     205.0268 
    200.0304     210.4035     230.8882     188.5951     204.4381     202.5992     203.9042     202.9878     202.3239     204.7561     205.6475     211.8822     203.9072     205.7559     206.0591     205.0541 
    192.0566     206.9141     214.2013     203.9048     212.4381     205.8178     206.5327     203.6005     204.2836     203.4778      209.864     212.8403     211.6622     202.3911     205.3947     206.6475 
    200.1696     207.7028     205.1165     206.9465     208.0515     206.6002     204.6126      202.402     203.7183     203.4314     204.5724      207.962     207.6214     207.8468     208.3381     207.1598 
    193.8427     206.0026     202.3637     199.7554     207.1262     206.3211     205.6617     203.0656     203.5175     203.3067     203.0392     204.0417      201.376     204.0294     211.4157     202.8982 
    185.6794     187.7954     186.4988     182.1512      186.258     187.2201      186.194     217.6945     189.6601     187.6484     188.3939     189.0299     186.7705     184.9112     190.1506     201.0006 
    186.2172     190.8849     191.7124     191.0521     189.7621     191.0897     193.6887     198.2701     190.7877     190.8628     188.8706     191.3244     190.3348      192.595     190.9061     199.1307 
    189.7913     193.3881     189.9946     190.0375     188.5736     190.4271     190.8566     191.0346      230.155     191.3152     190.0647     192.9068     191.2605     190.1554     192.2024     194.8286 
    193.0061     200.8667     192.4557     192.7025     191.9647     191.5105     192.1797     191.1231     191.9085      193.327     193.5671      192.518     191.4891     191.2625     193.0105     194.1927 
    205.5698     195.4927     222.5015     194.0101     192.5125     192.9427     192.1577     191.0594     191.0721     202.5633      207.919     203.6544     193.1752     192.7134     192.4423      194.936 
    190.4129     194.6366     208.5271     209.4544     205.3316     225.2659     207.6088     187.0035     194.3457     194.8397     208.5321     208.9344     201.1844     194.9044     204.9187     207.2726 
    204.6542     199.7213     190.5544     199.3044     210.3144     195.1544     195.8944     226.5044     226.6544     210.0144     215.1344     218.7944     193.8944     190.1344     223.1744     204.8844 
    210.0144     207.4844     183.8344     208.8144     210.6744     188.1844     220.2344     210.0144     211.2144     213.7644     219.0144     198.1944     212.8444     230.6944     5.014426     5.014426 

bb.grinch_tdc.tdc.GoodTimeCut = 0.0
bb.grinch_tdc.hit_mintime = -25.0 
bb.grinch_tdc.hit_maxtime = 25.0

-------[ 2023-02-15 00:00:00 ] # GEN4 -> set3: 4155 - 4379
bb.grinch_tdc.tdc.offset = 
    207.1853     211.8953     217.1453     211.8953     207.6853     211.8953     196.2353     195.6953     210.3553     217.0153     212.9453     210.5753     209.7418     205.7253     214.2253     211.8953 
    195.0753     230.2053     207.8953     207.3818     211.3704     237.7701     214.0531     211.0417     232.8253     214.1883      217.621     206.2261     216.5383     215.2352     213.5566     211.9628 
    200.2825     217.3112       213.64     212.7266     208.8907     208.2152     203.3531      213.039     205.5667     213.2849     212.1677      212.272     205.8759     241.6025     205.0026     203.0779 
    231.3419     213.3085     202.5888     205.5202     202.0221     202.0683     202.8633     200.0647     201.0781     202.4009     194.9133     202.8945      200.592     199.2665     201.7349     203.7387 
    198.2938      205.593     202.7015     211.6109     211.6596     201.0344     202.5916     199.7211     200.5217     202.5274     201.7874     200.2857     210.0783     200.1667     202.0509     202.0512 
    196.3201     203.4095     200.0131     197.1246     209.5161     208.5874     200.1769     195.7631     197.2537     198.1529     197.8347     199.8373     198.3275     208.9751     200.5399     202.2961 
    197.4736     203.7342     200.8873     200.2505     197.8351     198.2123     204.3079     197.1465      198.523     199.4634     199.2509       200.02     199.3787     197.1459      206.836     202.6481 
    188.8566     198.0722     195.2808     193.3261     194.9708     193.2018     226.7599      191.912     194.9286     194.0499     194.5826     196.4163     196.3545      191.889      196.568     216.7716 
    194.3847     203.9405     201.6493     198.7696     202.2442     200.2861     203.1555     198.9119     204.2995     201.9282     202.3134     204.1179      203.187     200.3595     205.0577     206.7065 
      202.92     207.8957     204.7159     201.7298     204.0683     201.8961     203.1154     200.9568     207.0117     206.5747     202.6729     205.1353     205.2998      200.547     206.7024     205.3181 
    204.3804     212.3341     205.0647     205.8774     204.7831     201.2639     205.4887     201.2261     203.0157     203.0282      206.791     204.3108     205.3409     201.0904     204.8378     206.2629 
    197.1101     207.8128     214.3731     206.7048     203.2843     203.4931     203.3497     200.8822     203.7438     203.0844     204.5381     221.0958     207.7323     201.0731     206.6749     207.7299 
    199.6586      205.884     204.7262     206.5091     202.7427     203.8465     203.4864     200.6396     201.9766     203.2565     202.9518     205.7237     207.8763      200.655     204.7541     206.5077 
    202.2599     209.0974     204.7845     203.4189      211.485     204.8183     204.2014     200.8218     203.1463     205.9388     203.9077      204.583     206.2707     205.9777      206.014     206.9321 
    199.2023     206.1919     200.3773     198.3324     200.1862     204.8217       200.87      197.641     198.6207     199.2111     199.5379     200.7378     200.1138     201.2338     209.3276     203.8035 
    194.5234     200.2524     197.9949     198.3885     199.6326       200.49     206.1009     197.9631     201.7424     200.6286     199.7789      200.132     200.8758     198.1894     212.7477     209.9399 
    207.4196     213.7951     211.1363     209.4467     211.6598     209.5962     209.1771     210.3288      210.988     209.3366     211.2033     213.0557     210.9452     208.0295     206.2116     208.1154 
    209.1619     209.6362     203.5187      204.667     205.2967     205.5008     206.5115     202.6239     207.6415     205.6597     204.7978      205.856     203.4782     205.3342     208.2682     210.2703 
    205.5738      208.941     204.0339     201.4888     202.9672      202.567     202.6957     204.6014     201.7236     212.1264     202.9926     203.5758     202.2658     199.7767     204.8388     206.2895 
      206.48     193.8677     213.5054     205.5574     204.3571     202.3427     202.7588     202.6609     201.5076     213.1353     212.2457     206.2592     204.7292     203.7103     206.7542     206.3925 
    201.5621     209.7642     230.3985     189.6877     205.6372     203.8493     205.1302     204.2501     203.5784     208.6008     207.6935     216.2765     205.0201     207.1086     207.3642     206.2799 
    193.5491     208.4558     215.9104     205.2228     212.8014     207.0049     207.7597     204.8378     205.4219     204.7308     209.0225      210.775     211.3233      205.725     206.4346     207.7632 
    201.4066      208.944     206.1434     208.1464      207.402     207.8962     205.7276     203.6309     204.8822     204.5577     205.7112     208.0273     208.1018     209.3453     209.3243     208.2914 
    194.9532     207.0914     203.5025     201.1453     208.2538     208.9345     207.3899     204.3431     204.8119     204.4566     204.3133     205.1242     202.9157     205.2423     213.3208     205.9254 
    187.0289     189.3417     187.8208     183.3597     187.6369     188.4272      189.197      221.464     192.4259     189.4429     189.5434     190.1821     188.1434     186.2259     191.6832     202.5563 
    188.4755     192.1729     192.8683     192.1141     190.7927     192.1181     192.6259     199.0658      192.141     192.0922     190.0457     192.4741     191.3829     193.8774      193.874     202.0335 
      191.64     194.8994      191.231      191.068     189.6789     191.7522     192.1108     191.9712     233.1521     192.3508     191.7067     193.8533     192.0583     191.1155     193.1851     195.5909 
    193.1952     200.1051     193.8291     194.1079     193.1562     193.0136     192.9762     191.8054     192.7528      194.033     193.8302     193.6773     192.9148     192.2279     194.1178     195.4152 
     207.819      196.625     223.3063     194.7642     193.3271     194.0688     193.0524     191.4969     191.5802     192.9317     205.0881     198.4631     193.9463     193.3731     194.4407     195.9181 
    190.9105       194.44     209.7059     202.0113      205.756     226.0603     209.2016     189.5432     194.8366     195.5878     208.8072     209.1386     203.2497     194.1629     211.1234      211.378 
     208.535     197.6062     192.1324      200.288     209.3474     194.1874     199.3632     230.4958     226.0501     210.0214     215.2408     224.3673     194.8779     189.1674     222.2074     207.3714 
    209.7196     211.3842     185.1776     212.0671     209.7074     187.2174     219.2674     209.0474     210.2474     212.7974     218.0474     197.2274     211.8774     229.7274     4.047378     4.047378 

bb.grinch_tdc.tdc.GoodTimeCut = 0.0
bb.grinch_tdc.hit_mintime = -25.0 
bb.grinch_tdc.hit_maxtime = 25.0

-------[ 2023-03-09 00:00:00 ] # GEN4 -> set4: 4474 - 4587
bb.grinch_tdc.tdc.offset = 
    203.5175     208.2275     213.4775     208.2275     204.0175     208.2275     192.5675     192.0275     206.6875     213.3475     209.2775     206.9075     205.1379     202.0575     210.5575     208.2275 
    191.4075     226.5375     204.2275     202.9975     207.6582     231.5275     207.4275     208.2275     229.1575     207.3275     217.4244     200.3475     211.0023     211.6727     211.4675     213.0335 
    197.1631     208.7575     208.4138     210.5403     207.2534     206.8588     201.1821     211.4361     200.8341     207.2475     208.8164     209.1374     202.2764     238.1737     202.1166      198.366 
    228.5524     208.3528     200.0203      202.864     199.8929     200.7704      201.074     198.8921     200.0649     206.1783     196.8916     204.4822     200.7033     197.7199     200.1715     202.2364 
    196.8902      204.195     202.0616     208.2644     209.4556     199.6527     201.3071     198.3607      199.069      201.236     200.2766     200.0932     209.8959     198.9577     200.6351     200.4631 
    194.9531     201.9963     198.7026     195.8028     205.0888     199.8109     198.5575     194.3494     195.8587     196.7504     196.3725     198.3816     197.1132     207.5558     199.1367     200.8471 
    196.0245     202.2704     199.4318      198.766     196.5633     194.0741     201.9908     195.6995     197.0641     197.9413     197.6937     198.6063     197.9034     195.9978     205.8606     201.1497 
    187.3326     196.5389     193.7533     191.7897     193.5736     191.4865      225.246     192.5337     193.2944     192.6013     193.1331     194.9495      194.882     190.4517     195.5132     215.5442 
    192.6664      202.169     200.0703      197.373     200.9486     198.9892     201.4682     197.7027     202.7384     200.2272      200.753     202.5392     201.7927     198.7826     203.6869      203.923 
    202.2322     206.1836     203.1527     200.2169     202.5878     200.3184      201.657      199.221     204.2941      204.344     201.1183     203.6291       203.85     198.9382      205.222      203.844 
    202.8809     212.1931     203.6163     204.4611     203.2693     199.7334      204.061     199.7677     201.2218     200.6729      204.058     202.9244     203.8473     199.5108     203.3787     204.7988 
    195.6406     206.2549     211.9652      205.274     201.9134     202.0119     201.8189      199.314     202.2619     202.0353     203.1528     219.3675      206.438     199.6193     205.0339     206.1848 
    198.0852     204.3435     203.5309     204.5574     201.2598     202.3304     201.9737     199.0953     200.4356     201.7204     201.3326     203.9932      206.228     199.2389     203.1877     204.9215 
    200.7961     207.5652      203.297     201.8828     206.5456     203.6086     202.7966     199.3325     201.6784     204.3756     202.3872      202.956      204.214     203.7306     204.5946     205.4743 
      197.84     204.6669      198.954      196.922     198.5411     203.5646     199.4424     196.3282     197.1114     197.7849     198.0953     199.3263     198.9761     199.0458     208.3583     202.3893 
    193.1752     198.8198      196.545      196.942     198.1886     198.5213     204.1197     196.6292     200.3251     199.2222     198.3286     198.6868     199.4646      196.786     211.4018     208.7566 
    206.0157     212.3545     209.7105     208.0412     210.3239     208.0782     207.5239     208.5874     209.7173     207.9243     209.7878     211.6415     209.5146     206.4867      204.745     205.4322 
    207.7724     208.0746     202.0916     203.1406     203.8448     203.7756     205.1638     200.7265     207.2256      204.168      203.346     204.4206     202.0405      203.772     206.4345     209.1362 
    203.9049     207.7135     202.6649     199.9689     201.4656     201.0424      201.007     202.2064     198.9235     210.6462     201.4555     202.1008     200.7337     198.3127     203.3134     204.8222 
    205.5825     192.1177     211.2709     204.1052     202.8187       200.95     201.2237     200.9915     201.0585     212.0822     212.9393      205.207     203.4831      202.392     205.3946     205.0246 
    200.0466     209.0366     229.4026     187.1386     204.2636     202.3466     203.6187     202.6841     201.9618     205.3097      205.415     212.3003      203.178     205.6019     205.8395      204.765 
    192.1921     206.6901     213.8712     203.2345     212.3766     205.6781     206.2466     203.3439     203.9617       203.31     209.9204      212.343     211.9546      203.114     205.1831     206.2733 
    199.9131     207.4563     204.9019     212.9586     209.5319     211.1606      204.691     202.1015        203.4     203.1104     204.4305     207.4104     205.5254     209.1157     207.9255     206.8633 
      193.74     205.7822     202.1485     199.5985     205.8375     205.5373     205.9684     202.2738     203.2068     203.0916      202.961     203.6762     201.6796     204.2816     212.7919      203.249 
    185.6466     188.0374     186.4597      182.106     186.2679       186.76     184.0857     217.5507     187.6932     187.3549       188.21     188.8007      186.668     184.8167      190.087     201.7351 
    186.9149     190.5816     191.4824     190.7034      189.026      190.189      193.905     198.6069     190.2633     190.7061     188.6324     191.1893     189.9299     192.3646     190.7141     197.8542 
    188.7826     192.9154     189.5186     189.6801      188.299     190.3243     190.6786     190.7396     230.6134     192.3537     189.8862     192.1346     190.6142     189.6435     191.5543     193.6787 
    191.8915     198.8694     192.1187     192.6754     191.7723     191.6108     191.5095     190.2002     190.9705     192.5746     193.0363     191.6796     191.5546      190.983     192.7356     193.9236 
    205.3834     196.8982     220.8701     194.6933     192.0294      192.474     191.7304     190.1087     190.1565     200.7939     209.9617     202.1044     194.6894     192.7919     192.9584     194.3785 
    189.6325     193.5734     206.8812     207.0593     202.6744     225.4445     206.7902     187.0431     193.9895     194.3511     205.7699     207.4532      198.613     197.5278     206.3751     208.7435 
    205.6578     196.6342     190.2532     198.0926      207.743      192.583      193.323      223.933      224.083     206.1267     214.6373      216.223      191.323      187.563      220.603      202.313 
     207.443      204.913      181.263      206.243      208.103      185.613      217.663      207.443      208.643      211.193      216.443      195.623      210.273      228.123     2.443027     2.443027 

bb.grinch_tdc.tdc.GoodTimeCut = 0.0
bb.grinch_tdc.hit_mintime = -25.0 
bb.grinch_tdc.hit_maxtime = 25.0

########################################################
########################################################

############             GEN4-b             ############

########################################################
########################################################
--------[ 2023-09-13 00:00:00 ] # Beginning of GEN4b 
# GEN4b-> set1: 5044 - 5416
bb.grinch_tdc.tdc.offset = 
    202.2709     203.5709     203.4109     188.6009     214.5109     199.7809     204.3709     203.1009     203.5709     203.5709     201.2309     202.6509     197.9209     210.5009     205.6809     203.2809 
    193.4709     202.1309     209.2309     182.5109     194.4209     203.6209     205.0209     190.0209     203.5709     203.1709     202.9509     203.2509     202.7309     208.6359     196.1443     192.4309 
    203.6409     199.6709     201.9409     202.7062     200.1074     203.5335     197.5421     192.1425     196.1282       203.09     200.7156     203.6928     210.8126     193.8921     197.1307     211.3415 
    190.1311     198.1703     201.8401     194.6642     196.1094     196.0663     197.0884     194.1856     195.2102     196.1438     195.9981      209.455     195.4209     193.3898     195.7249     197.5998 
    192.3352     199.5865     196.6117     193.2283      199.375     195.3869     196.4958     193.7164     194.5458     196.3077     195.8401      197.284     201.6708     194.2805     196.0925     195.9178 
    190.4433     197.4171     194.1332      191.185     180.3703     196.0798     194.1068     189.7381     191.0926     192.2161     191.8239     193.8981     192.5036      210.226     194.5318     196.3006 
     191.396     197.5768      194.901     194.4075     191.9361     202.5106     198.5894     191.1475     192.3007     193.3027     193.1358          194     193.4976     191.2581       200.05     196.1949 
    182.9486     191.9919     189.2615      187.486     189.1387     187.4334      223.915     191.3965     188.8463     188.0279     188.5684     190.2743     190.1954     185.9715     191.4277     194.6904 
    188.2805     197.6633     195.3005     192.5927     196.1921     196.4296     197.1076      193.031     197.9685      195.782     196.1594     197.9498     197.1348     194.2336     198.9885     178.8622 
    192.6143     201.6076     198.4723     195.4893     197.9106      195.826     196.9787     194.7386     204.8044     197.8471     196.6714     198.7965     198.9811     194.3711     200.5015     199.1649 
    177.6246     205.6408      199.048     199.5997     198.5548     195.1697     199.4696     195.1598     197.1224      194.254     187.4793     198.3852     199.0964     194.9521     198.6688     200.0946 
    191.2222     201.0192     203.7835     200.8208     197.3118     197.4204     197.3323     194.8944     197.8854     197.6676     218.3658     202.0363     202.1197     195.3301      200.346     201.6424 
    192.5091     198.8817     198.6536     200.7073     197.0733      197.822     197.2601       194.52     195.5949     196.8205     196.5319     194.9737     194.6077     194.6345     198.5355     200.1593 
    195.9925     202.8423     198.5576     196.3978     210.3872     198.8278     198.2456     194.7144     197.0301     199.7594     197.8063     199.2422     207.5992     206.8707     199.6585     200.4666 
    193.2047     199.8286     194.4179     192.5113     194.8072     206.7453     194.7237     191.4082     192.3684     193.0714     193.6053     194.7804     194.3687     195.0676     200.5889     197.7348 
    188.6838     194.1346     191.9981     192.4535     193.7545     226.8038     202.6767     219.2605      195.675     194.5093     193.7356      194.161     194.9229      192.681     194.7553     201.7472 
    201.6291     207.3988     204.9198     203.4804     205.9633     203.7216     223.4971     204.9402     205.3252     203.5598     205.1418     206.9548     204.9249     201.9075     201.1763     204.8991 
    200.3658     203.5022     197.3442     198.5035      199.267     198.1093     201.6667     202.5083     204.1996     199.5593     198.6398     199.6501     197.4108     199.2359     201.2452     206.2754 
    199.6652     207.0552     197.9241      195.282     196.8331     196.5624     196.5997     206.6171     194.7281      205.694     196.8099     197.4913     196.0967     193.7783      198.835      199.539 
    199.0991     205.8033     209.2241     199.6507     198.1301     196.2539     196.5167     196.2982     183.6616     188.2002     209.5488     200.8048     198.9244     197.9258     200.8173     200.5612 
    195.3635     171.3675     195.9984     202.9535     199.5828     197.7934     199.0279     198.1305     197.5449     199.9268     197.0382     207.2393     198.8341      200.807     200.9484     200.1592 
    187.6831       202.27     202.0327     198.5405     208.3938     201.0996     201.4698     198.7051     199.3424     198.8223     198.1638     200.7297     203.8173     198.7135     200.4241     201.6493 
    195.4151     202.7498     199.9436     198.0153     206.2928     205.5081     199.7633     197.5059     198.6571     198.5167     199.7584     207.5961     186.4625     209.9498     203.1381       202.19 
    189.0516     200.6219     197.5138     195.0315     206.2513     196.6501     225.9283     198.6082     199.0568     198.5988     198.9752     199.2295     197.6186     188.3114     199.0521     214.8016 
    181.1917     183.7675     182.0193     177.7735     181.8299     182.7405     183.4463     182.2758     184.6916     183.5534     183.7993     184.7806     182.3652     180.8551     185.7703     200.8965 
     182.681     186.4096     186.9877     186.3771     185.4989      185.694     187.4445     195.1548      185.987     186.4306     184.3406     186.6861     185.6491     187.8913     188.4106      201.631 
    191.4609     188.6519     185.2319     185.5104     183.9576     185.8938     186.3331     185.5807     185.4245     186.4183     185.8473     187.8441     186.2231     185.3928     187.3647     189.8777 
    188.1714     194.0686     187.8149     187.9801     187.0057     187.1315     187.1327     185.9128     187.0557     189.0682     187.2163     187.7282     186.6792     186.4394     188.0781     189.2957 
    181.5511      189.567     194.2917     188.6501     187.1482     187.8584     187.3661     185.6237     185.7655     185.8302     199.6822     189.6201     186.7841     187.0239     188.5352     190.2269 
    184.9738     188.4042     188.8662     200.5369     187.7626     186.9973     179.5118     183.3767     189.2815     189.5478     188.7861     196.2178     194.8269     190.3312     192.7076     194.2968 
    184.3119     190.8331     187.7378     188.3309     230.5469     191.0569     200.0969     187.2355     183.0993     185.7563     186.0909     191.1724     192.6569     189.9869     199.6069     200.8969 
    192.4569     219.0369     181.5185     185.4869     206.8269     185.0969     223.9169     200.7369     195.9769     187.7869     181.1669     188.7069     195.4369     200.8969     4.896934     4.896934 

-------[ 2023-10-01 09:37:00 ] # GEN4b -> set2: 5461 - 5785
bb.grinch_tdc.tdc.offset = 
     191.828      193.128      192.968      178.158      204.068      189.338      193.928      192.658      193.128      193.128      190.788     193.8769     188.9489     200.3498     198.9164      192.838 
     183.028      191.688     197.2284     174.3482     184.5561     190.6363     195.8962     184.5828      191.529     185.5859     193.0927     192.5395     192.0179     199.9558     189.8505     182.6816 
    191.9674     189.8357     191.3598     191.3012     188.5063     193.7379     187.9591     182.3127     183.9031     191.6206     190.4274     193.1672     201.3147     185.1341     185.3787     201.3668 
    193.5131      201.618     203.3208     199.6191     199.7564     199.5962     200.5864     197.6796     198.7077     199.5607     200.1312     212.6256     198.3759     196.5808     199.2483     201.4092 
    195.9115     203.0223     200.3665     196.7753     203.7598     198.7233      199.951     197.2673     198.0323     199.8756     199.4262     200.5639     205.5423     197.8359     199.5121     199.2917 
    193.8294      200.762     197.6315     194.7124     182.9076      199.166     197.5875     193.1723     194.6944     195.6349     195.3214     197.5314     196.0026     214.0758     198.0746     199.9126 
    194.9962     201.0563     198.3569     197.9071     195.4877     205.9547     202.2813      194.519     195.7521     196.8279     196.5578     197.4426     197.0178     194.8509     203.7454     199.6083 
     186.525     195.5098     192.7594     191.0092     192.5826     190.8963     227.2159     195.0746     192.2746      191.559     192.1148     193.9389     193.8558     189.5605     194.5866     199.4367 
     191.883     201.2189     198.8643     196.0555     199.7226     200.0514     200.7145     196.6961     200.7565     199.1788     199.6511      201.401     200.5853     197.6818     202.3936     176.6006 
    198.5003      205.009      202.004     198.8709     201.4534     199.2799     200.3824     198.3535     207.5372     200.6112     199.9705     202.2193     202.4303     197.7848      203.948     202.6252 
     180.157     210.8437     202.5156     202.9316     202.0453     198.6903     202.8554     198.5357     200.5173     197.6367     191.2015     201.8409     202.4387     198.4242     202.1349     203.4111 
     194.657     187.4866     207.4097     204.4029     200.7285     200.8854     200.7255     198.3434     201.2065     200.8048     218.9191     202.7085     205.6362     198.7533     203.9571     205.2116 
    195.9134     202.2254     201.2112     203.9559     200.4103     201.1426      200.742     198.0781     199.1386     200.4914      200.047     198.2211     197.8874     198.0715     201.9363     203.5379 
    199.4562     206.2914     202.1176     200.1845      206.415     202.4211     201.4826     198.0997     200.4561     203.2882     201.2818     202.7709     200.6695     203.4096     203.0503     203.9366 
    196.6226      203.442     197.7959     195.9934     197.5069     200.5814     198.4096     194.9504     195.9265     196.5235     197.1672     198.2987      197.699     197.9662     203.6003      201.067 
    192.0911     197.6344      195.431     195.9254     197.1997     228.7474      206.593      222.311     199.1832     197.8812     197.0781     197.5132     198.5133     195.8314     200.0944     206.7913 
    205.8662     210.8147     208.3402     206.9071     209.3953     207.1008     226.3999     207.9561     208.5881      206.966     208.5006     210.3244     208.3465     205.5203     204.0481      207.226 
    203.6258     207.0015     200.7862     201.8814     202.5776      201.493      201.571     201.7309     206.0526     202.9671     202.1204     203.1313     200.7458     202.7881     203.6924     208.2296 
    202.8308     209.5375     201.5259     198.7805     200.3073     199.9732     199.8826     209.7086     197.3944     207.7427     200.2119     200.8448      199.682      197.252     202.2588      202.945 
    199.0568     205.7854     207.1464     202.9821     201.6315     199.7717     200.0361     199.7379     191.7831     194.5581     215.7275     204.3299     202.3932     201.4016     204.3081     204.1297 
     199.545     174.4216     198.8873     207.2375      203.062     201.3188     202.5069     201.5732     201.0334     203.0493     200.6229     210.1123     202.1717     204.3251     204.4061     203.5382 
    191.3458     205.6627     205.8539     202.9786     212.6597     204.3344     204.9101     202.3638     202.7928     202.1017     201.4058     202.7595     205.6099     201.5176     203.9127     205.0369 
    198.7922     206.1683     203.4771     201.0903     210.3314     209.0801     203.4999     200.9733     202.1111     201.9972     203.3924     211.8239     190.9795     213.3598     206.4355     205.7149 
    192.5782     204.0968     200.9741     198.5877     210.0233     200.5623     228.0977     202.1904     202.2418     201.9895     202.3415     202.7605     200.7194     197.4822     214.0833     225.2457 
    184.9395     187.0274     185.4493     181.3081     185.3081     186.0415     186.4198     186.0068     189.8992     186.6074     186.9416     188.0353     185.7733     184.0696     189.0822     200.8911 
    185.8899     189.7648     190.3604     189.7876     188.7083     189.5079     190.3973     198.6923     189.6296     189.7829      187.884     190.2022     189.0625     191.5801     191.1576     203.4496 
    196.3756     192.1742     188.7211     189.0106     187.4598     189.3544     189.6048     189.5065     189.2649     189.9656     189.3108     191.4386     189.8394     188.7475     190.8025      193.029 
    191.5265     196.6158     191.4221     191.5329     190.5503     190.6399     190.5787     189.3595     190.9676     192.5101     191.4676     191.2245     190.2109     189.8336     191.7296      193.051 
    185.2507     192.8599     196.2396      192.494     190.8429     191.5679     190.8317     189.2406       189.31     189.3873     203.9952     192.9298     191.5047     191.0471     192.1039     193.8315 
    188.4488      192.067     196.2199     205.2088     192.6169     194.3263     190.3881     187.8197     192.9893     193.1833     192.9206     203.0045     197.3032     193.5627     194.5596     196.7363 
    188.1319     196.1765     193.7808     195.1008     236.8391     197.5629     202.9287     191.4299     190.0076     191.1651     190.2488     197.3672     198.7038     193.8424     203.4624     201.8294 
    198.0728     224.8886     186.3378     190.1024     209.7283     188.9524     227.7724     204.5924     199.0965     188.9904     189.6003     190.9533     199.2924     204.7524     8.752362     8.752362

-------[ 2023-10-19 17:42:00 ] # GEN4b -> set3: 5805 - 6083
bb.grinch_tdc.tdc.offset = 
    193.3335     195.1808     194.4735     183.9644     205.5735     190.8435     195.4335     194.1635     194.6335     194.6335     189.4597     193.7135     188.5827      205.158     199.4543     194.3435 
    184.5335     193.9986     199.1877     169.5395     186.8451     192.5363     196.2782     181.0835     194.5661     190.0927     192.4965     195.2369     193.3208     201.9838     189.7047     183.3149 
    194.6755     192.3065     192.8626     192.1647     188.9749     194.0515     188.9311     183.3205     185.5593     192.2378     191.2532     194.6842     202.1764     187.2033     185.7118     204.0314 
     185.902     194.3178     196.6219     192.3644     199.8442     201.5583     202.1587     199.5979     200.4665     201.6646     202.2126     214.9476     200.4577     198.3394     200.9421     203.1426 
      197.61     204.7731     202.1232     193.0261     202.4373     200.5192     201.7252      199.042     199.8749     201.7023     201.1138     202.5465     207.1613     199.5673     201.3903     201.0647 
    195.6127     202.6385     199.4419       196.41     176.8947     196.0352     199.5632     194.9126     196.4195     197.3898     197.0268     199.3466     197.3616     216.1082      199.633     201.7073 
    196.7529     202.7317     200.2043     199.6427     197.2225     208.2206     203.9825      196.246     197.4881     198.5374     198.2571     199.1642     198.8642     196.3005     200.2166     201.3419 
    188.2669     197.2761     194.5107     192.8213     194.4648     192.7028     226.5774     193.0265     194.1364     193.3608     194.0149     195.8444     195.8163     191.4456     195.8942     200.8513 
    193.3915     202.9565     200.5856     197.8021     201.4608     201.8083     202.4321     196.5372     198.6669     200.7429       201.36     203.0927     202.3014     199.4646     204.2017     176.5229 
    196.9899     206.3066     203.8105     200.6024     203.2966     200.9622     202.0735     200.2793     206.9824     200.6297     201.6423     203.9175     204.0994     199.4952     205.6995     204.3892 
     177.487     209.2707     203.4405     204.5586     203.7974     200.4198     204.5369     200.2633     201.9164     195.9128     189.2241      203.647     204.0916     200.0842     203.8932     205.0841 
    196.3872     186.3339     206.5546     206.2701      202.338     202.5029     202.3681     200.0378     202.8995     202.5508     216.7955     202.3899     207.2535     200.4393     205.6891       207.04 
     197.571     203.7999     201.8188     204.6019     202.0179      202.756     202.4304     199.7492     200.8955     202.3574     201.6013     197.9875     197.1827     199.7358     203.6127     205.1344 
    201.1183     207.9949     203.9376     201.7381     207.1475     203.9214     203.1344      199.813     202.1599      205.113      202.921     204.4031     200.7195     208.3117     204.6019      205.677 
    198.3664     205.2261     199.4778     197.6919     197.2177     199.2521     199.4562     196.6701     197.6833     198.2184     198.9522     199.9971     198.6794     196.6082     202.1311     202.5758 
    193.8681     199.4782      197.179     197.6993     198.9305     228.8872     204.9272     221.0694     201.0072     199.5978     198.8052     199.1452     200.2109     196.3991     198.4516     206.5939 
    207.3809     212.6229     210.1605     208.6867      211.132     208.5535     225.7369     208.0702     210.0354     208.8042     210.3296     212.1529     210.0369     206.5679     202.9528     207.4937 
    203.7872     208.9143     202.5807     203.7569     204.3064     202.0866     201.6915     201.2213     204.9619     204.5722     203.9165     204.9446     202.5096     204.5059     203.3418     206.4398 
    202.5722     209.4985     203.1842       200.56     202.0512     201.6593     200.5379     207.8803     195.0955     207.7596     201.1613     202.5022     201.4777     198.9893     203.8831     202.6586 
    199.5323     205.7973     207.7658     204.7154     203.3743     201.5293      201.745     201.5594     191.4572     190.3451     212.7921     206.0205     204.0801     203.1198     206.1726     205.8939 
    201.1552     175.7047     199.8911     208.5621     204.7516     203.1922     204.2915     203.3678     202.6593     203.8453     201.8319     210.7623     202.8484     206.2246     206.2247     205.3301 
    193.3371     207.1876     207.5576     204.6093     214.3582     206.1129       206.87      204.352      204.662     204.0294     203.8279     205.0994     209.5801     203.3385     205.9616     206.8829 
    200.6886     208.0297     205.1089      202.674     211.2568      210.436     205.1506     202.7663     203.9649     203.7111     205.2088      207.993     190.9266      217.426     205.9267     207.5794 
    194.5674     205.9953     202.7104      200.377     211.0092     201.6457     229.7422     203.9555     203.9965     203.7278     204.0571     204.5524     201.1865     191.4112     202.9546     220.2573 
    186.7133     188.7155     187.3042     183.1333      187.129     187.8572     187.8927     186.6056     189.1806     188.0267     188.6468     189.7377     187.5704     185.7917     190.8993     202.0428 
    187.5907     191.5098     192.1439     191.5399     190.4787     191.4862      192.714     200.9105     191.5922     191.5372     189.7096     192.0431     190.8611     193.5384     193.5492     206.0864 
    197.6729     194.0633     190.4687     190.8486     189.1834     191.2217      191.435     190.9834     189.9884     191.8727     191.1116     193.2203     191.6388     190.5037     192.5318     194.9732 
      192.71     199.2642     193.1184     193.3823     192.4148     192.3917     192.2702     191.0402     192.2003     192.7958     193.5864     192.9424     191.9897     191.4961     193.4312     194.5441 
    187.0932     195.0827     197.9835       194.26     192.4608     193.2156     192.4737     190.9229      191.078     191.0267      204.681     192.8916     192.9714     192.8921     193.8227     195.4448 
     190.076     193.8201     193.9648     205.8222       189.96       191.91     181.2142     188.5651     194.1958     194.5395     193.8796     203.1687     199.2718      193.856     195.6964        198.5 
    190.4289     197.0321     195.0741     196.9463     238.8188     202.8836     204.5455     195.3345     191.0941     197.8269     195.9588     205.7034      204.196     201.1687     210.7887     211.0396 
    204.1152     229.7997     192.3457     194.9569     218.5881     196.2787     235.0987     211.9187      209.044     199.1018     193.4331     199.2514     206.6187     212.0787     16.07869     16.07869 

bb.grinch_tdc.tdc.GoodTimeCut = 0.0
bb.grinch_tdc.hit_mintime = -25.0 
bb.grinch_tdc.hit_maxtime = 25.0