# Detector map, format:
## Latest: GMn update for pass 2
## See https://sbs.jlab.org/cgi-bin/DocDB/private/ShowDocument?docid=441

## Detector map, format:
sbs.hcal.detmap =
## FADC modules        #     Module number that starts at channel 0
## This map is for the 12 fADC modules used for testing
## as described in https://logbooks.jlab.org/entry/3480927
## crate slot start_channel end_channel ref_channel(0:HCal cosmic, 2:Beam)
#  21    16     8     8
#  22    19     0     11
#  22    20     0     11
  16   3      0     15 2
  16   4      0     15 2
  16   5      0     15 2
  16   6      0     15 2
  16   7      0     15 2
  16   8      0     15 2
  16   9      0     15 2
  16   10     0     15 2
  16   13     0     15 2
  16   14     0     15 2
  16   15     0     15 2
  16   16     0     15 2
  16   17     0     15 2
  16   18     0     15 2
  16   19     0     15 2
  16   20     0     15 2
  17   19     0     15 2 #     16
  17   20     0     15 2 #     16
  #17   18     0     0  2 # 1 channel. Ref fADC (copy of sum trig with pulse shaper).
  17    4     0    31 2 # 32 channels
  17    4     32   63 2 # 32 channels
  17    5     0    31 2 # 32 channels
  17    5     32   63 2 # 32 channels
  17    6     0    31 2 # 32 channels
  17    6     32   63 2 # 32 channels
  17    7     0    31 2 # 32 channels
  17    7     32   63 2 # 32 channels
  17    8     0    31 2 # 32 channels
  17    8     32   32 2 # 1 channel. Sum module trigger copy (logical). sbs.hcal.Ref.tdc[0]
  17    8     34   34 2 # 1 channel. Copy of DVCS pulser EDTM signal (logical). sbs.hcal.Ref.tdc[1]
  17    8     35   35 2 # 1 channel. Copy of BB trigger (logical). TDC reference channel. sbs.hcal.Ref.tdc[2]
  17    8     36   36 2 # 1 channel. RF (logical). sbs.hcal.Ref.tdc[3]

# what happens when a ref. channel (according to the chanmap) is assigned a ref. index according to the detmap?
# Apparently nothing. If a channel is defined as ref in the chanmap by specifying index -1000,
# Then the ref index has no effect on the decoding.
# define crate, slot, channel for RF time and trigger time (copy of BB trigger recorded in F1, NOT the F1 low-res trigger time itself):
sbs.hcal.crate_rftime = 17
sbs.hcal.slot_rftime = 8
sbs.hcal.chan_rftime = 36

sbs.hcal.crate_trigtime = 17
sbs.hcal.slot_trigtime = 8
sbs.hcal.chan_trigtime = 35

sbs.hcal.usetrigphasecorr = 0
sbs.hcal.trigphaseoffset = 2
sbs.hcal.trigphasemultiple = 6

sbs.hcal.nmax_cluster = 25

sbs.hcal.ledmap = 16 30

## Channel map from channel to logical channel
sbs.hcal.start_chanmap=1
sbs.hcal.chanmap =
#fADC Logical Mapping
##   Ch1   2   3   4   5   6   7   8   9   10  11  12  13  14  15  16 #
##----------------------------------------------------------------
#1
#       1   7   2   8   3   9   4   10  5   11  6   12
#       13  19  14  20  15  21  16  22  17  23  18  24
	73  79  74  80  75  81  76  82  77  83  78  84  109 115 110 116   #fADC 1
	85  91  86  92  87  93  88  94  89  95  90  96  111 117 112 118   #fADC 2
	97  103 98  104 99  105 100 106 101 107 102 108 113 119 114 120   #fADC 3
	121 127 122 128 123 129 124 130 125 131 126 132 13  19  14  20    #fADC 4
	133 139 134 140 135 141 136 142 137 143 138 144 15  21  16  22    #fADC 5
	1   7   2   8   3   9   4   10  5   11  6   12  17  23  18  24    #fADC 6
	25  31  26  32  27  33  28  34  29  35  30  36  61  67  62  68    #fADC 7
	37  43  38  44  39  45  40  46  41  47  42  48  63  69  64  70    #fADC 8
	49  55  50  56  51  57  52  58  53  59  54  60  65  71  66  72    #fADC 9
	145 151 146 152 147 153 148 154 149 155 150 156 181 187 182 188   #fADC 10
 	157 163 158 164 159 165 160 166 161 167 162 168 183 189 184 190   #fADC 11
	169 175 170 176 171 177 172 178 173 179 174 180 185 191 186 192   #fADC 12
	193 199 194 200 195 201 196 202 197 203 198 204 229 235 230 236   #fADC 13
	205 211 206 212 207 213 208 214 209 215 210 216 231 237 232 238   #fADC 14
	217 223 218 224 219 225 220 226 221 227 222 228 233 239 234 240   #fADC 15
	241 247 242 248 243 249 244 250 245 251 246 252 277 283 278 284   #fADC 16
	253 259 254 260 255 261 256 262 257 263 258 264 279 285 280 286   #fADC 17
	265 271 266 272 267 273 268 274 269 275 270 276 281 287 282 288  #-1000  #fADC 18
#F1TDC Logical Mapping
##   Ch33  34  35  36  37  38  39  40  41  42  43  44  45  46  47  48  49  50  51  52  53  54  55  56  57  58  59  60  61  62  63  64 #
##----------------------------------------------------------------
#1
#       13  19  14  20  15  21  16  22  17  23  18  24  1   7   2   8   3   9   4   10  5   11  6   12
       85  91  86  92  87  93  88  94  89  95  90  96  111 117 112 118 73  79  74  80  75  81  76  82  77  83  78  84  109 115 110 116  #TDC 1. Ribbons 1, 2.
       169 175 170 176 171 177 172 178 173 179 174 180 185 191 186 192 157 163 158 164 159 165 160 166 161 167 162 168 183 189 184 190  #TDC 1. Ribbons 11, 12.
       121 127 122 128 123 129 124 130 125 131 126 132 13  19  14  20  97  103 98  104 99  105 100 106 101 107 102 108 113 119 114 120  #TDC 2. Ribbons 3, 4.
       205 211 206 212 207 213 208 214 209 215 210 216 231 237 232 238 193 199 194 200 195 201 196 202 197 203 198 204 229 235 230 236  #TDC 2. Ribbons 13, 14.
       1   7   2   8   3   9   4   10  5   11  6   12  17  23  18  24  133 139 134 140 135 141 136 142 137 143 138 144 15  21  16  22   #TDC 3. Ribbons 5, 6.
       241 247 242 248 243 249 244 250 245 251 246 252 277 283 278 284 217 223 218 224 219 225 220 226 221 227 222 228 233 239 234 240  #TDC 3. Ribbons 15, 16.
       37  43  38  44  39  45  40  46  41  47  42  48  63  69  64  70  25  31  26  32  27  33  28  34  29  35  30  36  61  67  62  68   #TDC 4. Ribbons 7, 8.
       265 271 266 272 267 273 268 274 269 275 270 276 281 287 282 288 253 259 254 260 255 261 256 262 257 263 258 264 279 285 280 286  #TDC 4. Ribbons 17, 18.
##   Ch1   2   3   4   5   6   7   8   9   10  11  12  13  14  15  16
       145 151 146 152 147 153 148 154 149 155 150 156 181 187 182 188 49  55  50  56  51  57  52  58  53  59  54  60  65  71  66  72   -1000  -1000  -1000  -1000  #TDC 5. Ribbons 9, 10.

## Positions in [m] where +z is roated by sbs.theta
# note 12.175 m is the estimated distance from the first SBS GEM layer to the surface of HCAL in GEN-1 kinematics:
sbs.hcal.position = 0 0 12.175

## HCal is composed of 4 sub-assemblies each of 6x12 (row,col) modules
## Test settings for one sub-assembly
sbs.hcal.size  =  1.8567  0.9461  1.0000

## HCal is a matrix of with nrows and ncols
sbs.hcal.nrows = 24
sbs.hcal.ncols = 12

## Default tdc timewalk calibration parameters
sbs.hcal.tdc.tw = 0.78 0.50

## Position of first module
sbs.hcal.xyz = -2.190625 -0.85217 0.0 #Overridden by detailed ypos and xpos below
## Space between modules
sbs.hcal.dxdydz = 0.15875 0.15494 0.0 #Overridden by detailed ypos and xpos below
#Updated HCal position information from GMn/GEn data from MC database center to center distance. Overall range verified via physical measurement in hall. Update 6.15.23
#Updated xpos to CAD drawing offset value of 75cm (assuming rounding error on drawing, 29.52")
sbs.hcal.ypos =
-0.85217  -0.69723  -0.54229  -0.38735  -0.23241  -0.07747  0.07747  0.23241  0.38735  0.54229  0.69723  0.85217
-0.85217  -0.69723  -0.54229  -0.38735  -0.23241  -0.07747  0.07747  0.23241  0.38735  0.54229  0.69723  0.85217
-0.85217  -0.69723  -0.54229  -0.38735  -0.23241  -0.07747  0.07747  0.23241  0.38735  0.54229  0.69723  0.85217
-0.85217  -0.69723  -0.54229  -0.38735  -0.23241  -0.07747  0.07747  0.23241  0.38735  0.54229  0.69723  0.85217
-0.85217  -0.69723  -0.54229  -0.38735  -0.23241  -0.07747  0.07747  0.23241  0.38735  0.54229  0.69723  0.85217
-0.85217  -0.69723  -0.54229  -0.38735  -0.23241  -0.07747  0.07747  0.23241  0.38735  0.54229  0.69723  0.85217
-0.85217  -0.69723  -0.54229  -0.38735  -0.23241  -0.07747  0.07747  0.23241  0.38735  0.54229  0.69723  0.85217
-0.85217  -0.69723  -0.54229  -0.38735  -0.23241  -0.07747  0.07747  0.23241  0.38735  0.54229  0.69723  0.85217
-0.85217  -0.69723  -0.54229  -0.38735  -0.23241  -0.07747  0.07747  0.23241  0.38735  0.54229  0.69723  0.85217
-0.85217  -0.69723  -0.54229  -0.38735  -0.23241  -0.07747  0.07747  0.23241  0.38735  0.54229  0.69723  0.85217
-0.85217  -0.69723  -0.54229  -0.38735  -0.23241  -0.07747  0.07747  0.23241  0.38735  0.54229  0.69723  0.85217
-0.85217  -0.69723  -0.54229  -0.38735  -0.23241  -0.07747  0.07747  0.23241  0.38735  0.54229  0.69723  0.85217
-0.85217  -0.69723  -0.54229  -0.38735  -0.23241  -0.07747  0.07747  0.23241  0.38735  0.54229  0.69723  0.85217
-0.85217  -0.69723  -0.54229  -0.38735  -0.23241  -0.07747  0.07747  0.23241  0.38735  0.54229  0.69723  0.85217
-0.85217  -0.69723  -0.54229  -0.38735  -0.23241  -0.07747  0.07747  0.23241  0.38735  0.54229  0.69723  0.85217
-0.85217  -0.69723  -0.54229  -0.38735  -0.23241  -0.07747  0.07747  0.23241  0.38735  0.54229  0.69723  0.85217
-0.85217  -0.69723  -0.54229  -0.38735  -0.23241  -0.07747  0.07747  0.23241  0.38735  0.54229  0.69723  0.85217
-0.85217  -0.69723  -0.54229  -0.38735  -0.23241  -0.07747  0.07747  0.23241  0.38735  0.54229  0.69723  0.85217
-0.85217  -0.69723  -0.54229  -0.38735  -0.23241  -0.07747  0.07747  0.23241  0.38735  0.54229  0.69723  0.85217
-0.85217  -0.69723  -0.54229  -0.38735  -0.23241  -0.07747  0.07747  0.23241  0.38735  0.54229  0.69723  0.85217
-0.85217  -0.69723  -0.54229  -0.38735  -0.23241  -0.07747  0.07747  0.23241  0.38735  0.54229  0.69723  0.85217
-0.85217  -0.69723  -0.54229  -0.38735  -0.23241  -0.07747  0.07747  0.23241  0.38735  0.54229  0.69723  0.85217
-0.85217  -0.69723  -0.54229  -0.38735  -0.23241  -0.07747  0.07747  0.23241  0.38735  0.54229  0.69723  0.85217
-0.85217  -0.69723  -0.54229  -0.38735  -0.23241  -0.07747  0.07747  0.23241  0.38735  0.54229  0.69723  0.85217
sbs.hcal.xpos =
-2.575625  -2.575625  -2.575625  -2.575625  -2.575625  -2.575625  -2.575625  -2.575625  -2.575625  -2.575625  -2.575625  -2.575625
-2.416875  -2.416875  -2.416875  -2.416875  -2.416875  -2.416875  -2.416875  -2.416875  -2.416875  -2.416875  -2.416875  -2.416875
-2.258125  -2.258125  -2.258125  -2.258125  -2.258125  -2.258125  -2.258125  -2.258125  -2.258125  -2.258125  -2.258125  -2.258125
-2.099375  -2.099375  -2.099375  -2.099375  -2.099375  -2.099375  -2.099375  -2.099375  -2.099375  -2.099375  -2.099375  -2.099375
-1.940625  -1.940625  -1.940625  -1.940625  -1.940625  -1.940625  -1.940625  -1.940625  -1.940625  -1.940625  -1.940625  -1.940625
-1.781875  -1.781875  -1.781875  -1.781875  -1.781875  -1.781875  -1.781875  -1.781875  -1.781875  -1.781875  -1.781875  -1.781875
-1.623125  -1.623125  -1.623125  -1.623125  -1.623125  -1.623125  -1.623125  -1.623125  -1.623125  -1.623125  -1.623125  -1.623125
-1.464375  -1.464375  -1.464375  -1.464375  -1.464375  -1.464375  -1.464375  -1.464375  -1.464375  -1.464375  -1.464375  -1.464375
-1.305625  -1.305625  -1.305625  -1.305625  -1.305625  -1.305625  -1.305625  -1.305625  -1.305625  -1.305625  -1.305625  -1.305625
-1.146875  -1.146875  -1.146875  -1.146875  -1.146875  -1.146875  -1.146875  -1.146875  -1.146875  -1.146875  -1.146875  -1.146875
-0.988125  -0.988125  -0.988125  -0.988125  -0.988125  -0.988125  -0.988125  -0.988125  -0.988125  -0.988125  -0.988125  -0.988125
-0.829375  -0.829375  -0.829375  -0.829375  -0.829375  -0.829375  -0.829375  -0.829375  -0.829375  -0.829375  -0.829375  -0.829375
-0.670625  -0.670625  -0.670625  -0.670625  -0.670625  -0.670625  -0.670625  -0.670625  -0.670625  -0.670625  -0.670625  -0.670625
-0.511875  -0.511875  -0.511875  -0.511875  -0.511875  -0.511875  -0.511875  -0.511875  -0.511875  -0.511875  -0.511875  -0.511875
-0.353125  -0.353125  -0.353125  -0.353125  -0.353125  -0.353125  -0.353125  -0.353125  -0.353125  -0.353125  -0.353125  -0.353125
-0.194375  -0.194375  -0.194375  -0.194375  -0.194375  -0.194375  -0.194375  -0.194375  -0.194375  -0.194375  -0.194375  -0.194375
-0.035625  -0.035625  -0.035625  -0.035625  -0.035625  -0.035625  -0.035625  -0.035625  -0.035625  -0.035625  -0.035625  -0.035625
0.123125  0.123125  0.123125  0.123125  0.123125  0.123125  0.123125  0.123125  0.123125  0.123125  0.123125  0.123125
0.281875  0.281875  0.281875  0.281875  0.281875  0.281875  0.281875  0.281875  0.281875  0.281875  0.281875  0.281875
0.440625  0.440625  0.440625  0.440625  0.440625  0.440625  0.440625  0.440625  0.440625  0.440625  0.440625  0.440625
0.599375  0.599375  0.599375  0.599375  0.599375  0.599375  0.599375  0.599375  0.599375  0.599375  0.599375  0.599375
0.758125  0.758125  0.758125  0.758125  0.758125  0.758125  0.758125  0.758125  0.758125  0.758125  0.758125  0.758125
0.916875  0.916875  0.916875  0.916875  0.916875  0.916875  0.916875  0.916875  0.916875  0.916875  0.916875  0.916875
1.075625  1.075625  1.075625  1.075625  1.075625  1.075625  1.075625  1.075625  1.075625  1.075625  1.075625  1.075625

# TDC calibrations
sbs.hcal.tdc.calib = 0.11186
sbs.hcal.reftdc.calib = 0.11186

## Mininum energy for a cluster element, set to 5 MeV
sbs.hcal.emin_clTotal = 0.005
sbs.hcal.emin = 0.001
sbs.hcal.emin_clSeed = 0.0025

## Maximum time difference between cluster seed and additional clusters, set to 1000 ns by default
sbs.hcal.tmax = 15.0

## Maximum distance difference between cluster seed and additional clusters, set to 0.3 m
sbs.hcal.Rmax_dis = 0.3

## Add good time cut at 806ns
sbs.hcal.tdc.GoodTimeCut = 806

## adc channels to mV assume F250 set fot 2V for 4096
sbs.hcal.adc.conv = 0.4882
# Threshold for pulse finding in waveform (mV)
sbs.hcal.adc.thres = 5.0
# Number of bins (bin=4ns) at the beginning of waveform used to determing average Pedestal
sbs.hcal.adc.NPedBin = 4
# Number of bins (bin=4ns) before Threshold Bin to use in integrating pulse
sbs.hcal.adc.NSB = 3 #3
# Number of bins (bin=4ns) before Threshold Bin to use in integrating pulse
sbs.hcal.adc.NSA = 10 #10
# Number of bin for fixed Threshold if no Threshold Crossing is found
sbs.hcal.adc.FixThresBin = 14

# we'll start with these cuts wide open until after recalibration:
sbs.hcal.adctime_min_clusterselect = -200.0
sbs.hcal.adctime_max_clusterselect = 300.0

# ADC time alignment parameters (in ns by default)
sbs.hcal.adc.timeoffset =
-70.5736 -70.1619 -70.7674 -71.3174 -55.2229 -57.9851 -58.4168 -55.3145 -68.1137 -69.6513 -73.9952 -69.3104
-71.9692 -71.5782 -50.9864 -52.6077 -56.6571 -58.2216 -56.4465 -53.9018 -50.9362 -50.8098 -68.3388 -68.6719
-52.2356 -49.5184 -50.7128 -55.1601 -35.9828 -38.9918 -34.17 -35.2246 -51.373 -50.5536 -49.2365 -50.4696
-52.924 -51.5244 -52.5798 -50.8857 -37.8981 -39.0053 -38.3317 -38.2289 -50.4937 -51.4124 -50.5083 -49.987
-51.508 -51.6719 -49.0311 -50.6822 -58.6021 -57.8073 -36.8074 -35.8505 -49.1875 -49.9784 -69.0243 -69.4022
-51.8691 -51.9514 -51.4758 -50.7443 -55.6877 -59.0535 -39.1693 -36.4982 -50.9524 -49.4758 -70.0592 -70.7422
-47.4613 -48.4168 -47.9787 -46.602 -36.3452 -33.5313 -37.7265 -35.5033 -51.1927 -49.0999 -51.1292 -52.3918
-71.6915 -70.6369 -70.3027 -70.1249 -57.0068 -58.0432 -57.5032 -56.1439 -66.9245 -68.3531 -67.73 -69.7423
-50.6377 -51.4511 -49.6876 -50.7108 -56.1439 -58.139 -35.5495 -35.3751 -49.6266 -49.5135 -68.7021 -69.9383
-49.5371 -50.5661 -69.8425 -69.1461 -58.3026 -56.9551 -38.1857 -37.5858 -68.969 -67.3057 -69.9143 -69.7339
-53.3208 -51.3296 -50.449 -50.8153 -59.3346 -57.6726 -39.1697 -39.1592 -51.0838 -50.8185 -68.0186 -69.2247
-70.4165 -71.9948 -69.4119 -68.4981 -39.0193 -38.6319 -56.3246 -56.0681 -69.2559 -68.6102 -51.6361 -51.6957
-47.2442 -48.6495 -47.7237 -46.2489 -33.7992 -38.2124 -33.9188 -33.5739 -48.8892 -47.5819 -51.5946 -52.7842
-53.3778 -50.9809 -51.4974 -49.9889 -40.6097 -38.1032 -40.8158 -38.3103 -51.3072 -49.0471 -52.8482 -51.5572
-68.556 -70.818 -69.9305 -68.4506 -39.445 -41.253 -56.9761 -56.3319 -69.3896 -65.584 -52.278 -52.3507
-54.6874 -52.1799 -52.3919 -51.697 -39.3741 -38.9887 -40.7963 -38.7796 -50.2422 -51.248 -51.4693 -53.3467
-51.9136 -52.0868 -50.3084 -50.4884 -35.478 -41.8856 -35.83 -34.0847 -50.6035 -48.1234 -51.4122 -49.5157
-53.4694 -51.0741 -57.3094 -50.5205 -41.013 -41.9707 -40.7549 -37.9782 -52.3934 -51.3282 -53.9642 -52.5885
-50.9157 -48.8363 -52.7903 -49.6021 -39.7288 -38.4682 -38.5684 -39.5648 -51.018 -50.0988 -53.0307 -51.3276
-52.9753 -53.9297 -52.6824 -52.5971 -37.6417 -38.916 -40.1122 -36.6398 -52.0415 -53.3583 -50.6225 -51.8267
-50.2016 -49.8101 -52.099 -50.2538 -54.8827 -58.9663 -37.5391 -36.4659 -50.44 -48.7977 -68.7829 -69.3828
-51.1216 -51.3501 -54.2533 -53.1078 -59.5566 -61.9895 -41.9278 -40.0033 -52.0039 -52.381 -71.155 -72.7621
-90.0389 -53.916 -53.3522 -53.0887 -58.7525 -61.4495 -37.8452 -39.3435 -53.6543 -52.7464 -70.8238 -73.3127
-70.041 -68.8764 -71.1287 -71.6082 -59.734 -60.481 -57.3599 -54.3517 -72.2903 -71.8298 -70.321 -70.893

##TDC alignment and time conversion parameters
sbs.hcal.tdc.offset =
-941.104 -955.585 -938.067 -944.036 -1073.35 -1046.36 -1021.59 -1066.14 -958.659 -948.653 -917.335 -960.904
-926.86 -935.948 -939.993 -927.884 -1054.44 -1038.52 -1057.65 -1074.44 -933.748 -938.161 -966.942 -957.407
-928.892 -961.834 -942.289 -929.741 -1059.61 -1052.08 -1084.22 -1079.4 -927.005 -936.977 -965.319 -952.53
-910.218 -911.041 -913.487 -927.372 -1033.3 -1021.85 -1020.81 -1023.12 -918.905 -908.32 -926.48 -942.827
-642.965 -641.608 -653.435 -646.488 -723.88 -749.111 -755.845 -764.652 -649.721 -641.719 -646.593 -645.424
-937.777 -937.899 -929.882 -941.235 -757.324 -734.303 -1040.6 -1057.27 -936.089 -916.913 -645.463 -634.109
-981.259 -977.707 -981.87 -982.616 -1087.3 -1089.12 -1054.56 -1076.2 -939.395 -950.85 -952.116 -925.551
-937.972 -954.601 -951.86 -954.933 -1048.98 -1053.75 -1061.76 -1075.25 -971.227 -954.354 -969.271 -954.916
-943.024 -945.234 -947.841 -924.808 -1052.18 -1047.58 -1070.19 -1068.23 -946.833 -945.371 -957.966 -943.162
-960.484 -951.29 -938.084 -956.852 -1041.57 -1047.54 -1059.7 -1059.65 -947.593 -973.367 -958.982 -937.791
-918.18 -949.852 -938.071 -948.353 -1021.16 -1044.49 -1045.69 -1049.35 -950.765 -951.89 -964.809 -959.861
-934.752 -931.884 -942.232 -933.93 -1036.63 -1045.14 -1051.81 -1061.17 -940.818 -945.355 -936.127 -929.733
-654.96 -653.771 -654.899 -661.29 -786.305 -770.286 -771.932 -767.664 -640.672 -654.333 -650.403 -647.17
-891.068 -912.121 -894.979 -918.655 -986.934 -1019.66 -1002.09 -1024.3 -918.372 -922.713 -891.744 -903.292
-937.921 -916.079 -913.111 -923.942 -1013.37 -1003.59 -1021.02 -1030.67 -920.21 -959.24 -921.975 -898.182
-618.039 -640.41 -877.655 -890.649 -1016.41 -1026.1 -732.557 -744.098 -911.965 -900.634 -925.141 -907.507
-900.482 -922.347 -906.935 -917.718 -1036.57 -1002.76 -1023.73 -1053.39 -912.006 -934.391 -907.143 -939.165
-1088.49 -1091.89 -1049.96 -1085.09 -986.018 -990.606 -1164.27 -1178.53 -1063.87 -1089.36 -891.846 -889.025
-900.14 -930.558 -885.556 -915.107 -1163.48 -1155.14 -1002.59 -1002.47 -900.305 -904.132 -1060.43 -1068.13
-907.443 -896.637 -904.617 -891.929 -1178.36 -1174.27 -1000.42 -1017.66 -902.333 -889.196 -1077.82 -1068.09
-925.399 -912.155 -890.696 -911.27 -0 -1160.48 -1021.14 -1024.54 -913.787 -910.63 -1079.16 -1052.24
-936.264 -936.528 -900.944 -905.732 -1013.45 -987.449 -986.848 -1028.22 -910.164 -916.218 -913.289 -916.177
-1758.6 -885.693 -890.215 -898.504 -998.993 -984.162 -1014.18 -1011.86 -884.503 -895.387 -901.453 -889.406
-1054.51 -1067.66 -911.912 -924.176 -1000.81 -987.347 -1161.1 -1189.58 -894.14 -906.497 -905.533 -904.125


# Convert adc integral in pC to GeV
sbs.hcal.adc.gain =
0.00175  0.00266867  0.00263163  0.00180382  0.00263728  0.00388418  0.0032729  0.00332779  0.00145959  0.00145491  0.00222524  0.00374568
0.00175  0.0028114  0.00311657  0.0025307  0.00405894  0.00486116  0.00333054  0.000773832  0.00252127  0.00208857  0.00104803  0.00256277
0.00175  0.00198737  0.00238623  0.00430913  0.00278855  0.00335963  0.000363287  0.00113913  0.00200815  0.00325032  0.000705227  0.0031688
0.00175  0.00370595  0.00207407  0.00306451  0.00331689  0.0036663  0.00422866  0.0042828  0.00340593  0.00384874  0.00369708  0.00296845
0.00175  0.00289564  0.0022504  0.00358552  0.00391708  0.0030644  0.00406952  0.00377004  0.00395049  0.00381956  0.0029013  0.00464598
0.00539881  0.00349153  0.00448787  0.00304349  0.00375916  0.00390164  0.00387628  0.00376272  0.00368679  0.00220399  0.00314926  0.00254265
0.00169373  0.00130524  0.000499371  0.00105053  0.00160239  0.0018911  0.00409276  0.00350834  0.00380499  0.0035241  0.00326083  0.00311957
0.0030827  0.00372947  0.00354749  0.00410409  0.00398681  0.00360393  0.0041814  0.00373573  0.00394307  0.00409366  0.00358471  0.00326762
0.00512732  0.00316712  0.00261164  0.00344284  0.00407833  0.00357008  0.00269456  0.00382326  0.00341881  0.00354069  0.00345132  0.00300717
0.00260136  0.00288451  0.00337378  0.00403287  0.00381198  0.00336809  0.00390829  0.00362083  0.00378691  0.00366945  0.00291311  0.00305697
0.00607633  0.00348856  0.00373941  0.00340028  0.00397409  0.00361273  0.00390206  0.00374381  0.00369649  0.00392761  0.00188028  0.00216883
0.0072298  0.00351787  0.00279565  0.00378837  0.0039464  0.00379998  0.00351333  0.00376323  0.00345517  0.00408954  0.00513079  0.00372126
0.00234592  0.00113124  0.002047  0.000349804  0.00129677  0.00170089  0.00402288  0.00376448  0.00401382  0.00244221  0.00285002  0.0035386
0.00660769  0.00187324  0.00380102  0.00320357  0.0025645  0.00374375  0.0033876  0.0039752  0.00301786  0.00384561  0.00360276  0.00379699
0.00212358  0.00436034  0.002784  0.00335297  0.00370187  0.00379427  0.003603  0.00376664  0.00380142  0.000342218  0.00296277  0.00341337
0.00335189  0.00226973  0.00417401  0.00353388  0.0032134  0.00282637  0.00396858  0.00406026  0.00349856  0.00356788  0.00334314  0.00356526
0.00349821  0.00207757  0.00403573  0.00370012  0.00208306  0.00387458  0.00307082  0.00185717  0.00320834  0.00268076  0.00362239  0.00340549
0.00274887  0.00280964  0.00395978  0.00277742  0.00366665  0.00321317  0.00393939  0.00414705  0.00374169  0.00317923  0.00409142  0.00366691
0.0050249  0.00292725  0.00399142  0.00300782  0.00422684  0.0032828  0.00349284  0.00376821  0.00303211  0.00337149  0.00369052  0.0037875
0.00432152  0.0028822  0.0033263  0.00347412  0.00411259  0.00334474  0.00351754  0.00280423  0.00364167  0.00401237  0.00432813  0.00372496
0.0045194  0.00289505  0.00570356  0.0032781  0.00327939  0.00367401  0.00287404  0.00425624  0.00397668  0.00325994  0.00323758  0.00445164
0.00265122  0.00206662  0.00425977  0.00410225  0.00414255  0.00434093  0.00423807  0.0039372  0.0037356  0.00286016  0.00336968  0.00348861
0.00175  0.00403728  0.00294341  0.00330931  0.00363808  0.00412496  0.00338298  0.00353562  0.00400934  0.00339857  0.00421954  0.0049172
0.00731553  0.00733844  0.00269888  0.00320651  0.00473551  0.00355762  0.00560185  0.00256847  0.00319719  0.0035297  0.003072  0.00416878


##gpenman march 2025
##before kinematic dependent things add default zero tdc timewalk params
##gmn can calibrated these in the futre if possible/needed and wanted
##gen settings will be timestamped in relevant areas
sbs.hcal.meantime_offset = 0.0
sbs.hcal.tw0 = 0.0
sbs.hcal.tw1 = 0.0


## Add kinematics-dependent clustering thresholds (these may need some work)

-------[ 2021-10-10 00:00:00 ] # SBS-1:
## Minimum energy for a cluster center, set to 5 MeV for SBS-1:
sbs.hcal.emin_clSeed = 0.005

#####################################
## Starting SBS-4 kinematics for GMN:

--------[ 2021-10-18 05:30:00 ]
## Minimum energy for a cluster center, set to 10 MeV
#sbs.hcal.emin_clSeed = 0.01
sbs.hcal.emin_clSeed = 0.0025
sbs.hcal.emin = 0.001
sbs.hcal.emin_clTotal = 0.005
sbs.hcal.tmax = 12.0

#sbs.hcal.adc.timeoffset =
#-70.5758 -69.6493 -71.298 -71.1534 -55.3282 -58.427 -58.9368 -55.4078 -67.7718 -69.8981 -72.7627 -67.8508
#-68.2775 -72.3859 -52.0112 -52.4895 -56.1816 -59.4833 -57.246 -55.1093 -51.6601 -50.3441 -64.0423 -72.0971
#-64.0221 -49.8356 -50.5554 -54.7067 -36.1821 -39.0857 -35.6502 -35.0931 -51.2968 -50.9827 -49.7155 -50.0905
#-52.2719 -51.6125 -51.7283 -50.0966 -37.4158 -38.8184 -38.5029 -38.6126 -51.0962 -51.8711 -50.2742 -49.6226
#-49.6311 -51.7897 -47.5764 -50.1465 -57.8322 -57.6273 -36.5696 -35.6614 -49.4479 -49.8828 -68.2709 -69.2925
#-50.629 -51.0822 -50.2272 -49.7814 -55.2507 -58.7378 -39.078 -36.0607 -50.7224 -49.0956 -69.6755 -69.5976
#-46.6411 -45.8984 -46.9216 -45.5473 -36.0873 -32.7871 -37.6058 -35.3811 -51.1398 -49.0397 -50.6046 -51.8233
#-69.5167 -70.5511 -68.9655 -69.5265 -56.3121 -57.8638 -57.4032 -56.102 -66.6974 -68.2527 -67.3235 -68.8045
#-48.7843 -50.5711 -48.1655 -50.0993 -55.2721 -57.8773 -35.3358 -35.1802 -49.5024 -49.3139 -68.0271 -69.3015
#-47.4409 -49.9035 -69.3976 -68.7654 -57.7582 -56.6193 -37.9945 -37.403 -68.4684 -67.0811 -69.3725 -68.8645
#-51.9514 -50.9008 -49.6648 -50.407 -58.954 -57.4512 -39.1114 -38.8977 -50.8669 -50.5564 -67.6667 -68.082
#-69.2795 -71.8296 -68.5939 -67.9531 -39.0517 -38.6921 -56.4237 -55.9482 -69.2965 -68.5687 -51.212 -50.8132
#-47.1476 -46.3662 -47.6941 -45.9603 -33.5559 -38.3376 -33.9101 -33.7399 -48.9112 -47.584 -51.7166 -51.1884
#-52.6536 -49.989 -51.5868 -49.8704 -40.715 -38.2393 -40.8629 -38.3626 -51.0707 -49.3505 -52.0501 -51.5675
#-69.0567 -69.0282 -69.2694 -68.3535 -39.5586 -41.2906 -57.1432 -56.3755 -69.4292 -65.9054 -52.1156 -52.8078
#-54.2845 -51.6769 -52.2539 -52.0098 -39.3082 -39.2955 -40.8655 -39.0351 -50.222 -51.2735 -51.4706 -53.5364
#-50.9328 -51.4726 -50.3017 -50.6144 -35.808 -42.1853 -36.152 -34.4806 -50.6847 -48.4094 -51.5767 -51.0145
#-52.0254 -50.2655 -57.7801 -50.6309 -41.3971 -42.5428 -41.0558 -38.3522 -52.6173 -51.7606 -54.1396 -51.9096
#-52.9388 -48.0205 -52.8006 -49.8706 -39.9853 -38.7593 -39.1673 -39.9509 -51.4523 -50.5472 -53.9537 -50.8616
#-53.1915 -54.9235 -52.5924 -52.4209 -37.8407 -39.216 -40.7651 -36.9768 -52.6737 -54.0256 -51.2611 -51.5446
#-52.8083 -48.969 -51.9185 -50.3285 -54.5073 -60.5935 -38.4217 -37.5465 -51.1212 -49.5834 -69.5099 -68.2827
#-53.4127 -51.5533 -54.4409 -53.0815 -60.1708 -63.066 -42.7242 -40.7387 -52.6333 -52.9012 -71.2966 -73.6897
#249.948 -54.6131 -54.078 -53.6275 -59.5021 -61.8002 -38.6185 -39.929 -53.8221 -52.9084 -70.6048 -73.6343
#-69.4891 -69.7838 -70.9844 -72.3805 -60.2857 -61.2374 -57.8874 -54.7556 -72.1034 -71.05 -70.1297 -70.5528

# new SBS-8 ADC time calibration AJRP 10/9/2025, using as baseline/default for recalibrating other GMN kinematics:
# sbs.hcal.adc.timeoffset =
# -63.110313	-63.602676	-64.38781	-65.154936	-49.193542	-52.316182	-53.16323	-50.284024	-63.013591	-64.033242	-67.611715	-62.7652653
# -64.4510754	-65.196389	-44.744204	-46.743181	-51.187867	-52.57327	-50.998984	-49.779778	-46.393947	-45.293861	-62.261484	-62.135841
# -45.920665	-39.589472	-44.940937	-49.764994	-30.798608	-33.836141	-30.051184	-30.497785	-45.874452	-45.075282	-43.140555	-44.303125
# -46.602853	-45.422635	-47.129534	-45.695797	-32.922775	-34.087335	-33.294506	-33.124603	-45.158785	-45.965328	-44.674382	-43.614699
# -44.963784	-45.518196	-43.4991219	-45.711621	-53.9526308	-53.281354	-32.499309	-31.343342	-44.388175	-44.693659	-63.488544	-63.070156
# -44.18824	-46.056504	-46.019779	-45.7571823	-51.126908	-54.559923	-34.975625	-32.2924875	-46.533943	-44.56174	-64.775185	-64.908218
# -40.853741	-41.979681	-41.973847	-41.3156174	-32.3684089	-29.468495	-33.243978	-31.121653	-46.615782	-44.375345	-45.736794	-45.681875
# -64.885907	-64.783438	-64.8427221	-65.027457	-52.273026	-53.504326	-53.005479	-51.597666	-62.195065	-63.221362	-62.341395	-63.514345
# -44.416471	-45.70699	-44.3684729	-45.731716	-51.451951	-53.663003	-31.7215974	-30.937143	-45.119209	-44.771748	-63.82821	-64.818825
# -42.980813	-44.67201	-64.413226	-64.157896	-53.632148	-52.54488	-33.823897	-33.147735	-64.297595	-62.340318	-64.935076	-64.108859
# -46.891382	-45.356317	-44.867023	-45.67354	-54.465234	-53.008571	-34.60257	-34.629404	-46.428096	-45.908551	-62.370052	-63.614881
# -63.795785	-65.88647	-63.737481	-62.980231	-33.979152	-33.85549	-51.795459	-51.24551	-64.258472	-63.490373	-45.679737	-45.353917
# -40.171778	-41.8448964	-42.006423	-41.353295	-28.676055	-33.702155	-28.995081	-28.64228	-43.977332	-42.297374	-46.128459	-46.850217
# -46.432416	-44.589811	-45.553419	-44.653722	-35.27724	-32.941593	-35.693103	-33.213042	-46.130205	-43.71738	-47.150695	-45.703167
# -61.922294	-64.482691	-64.105532	-62.94921	-34.156338	-36.017342	-51.768109	-51.160865	-64.155715	-59.992056	-46.618204	-46.606967
# -47.697991	-45.570341	-46.240382	-45.946107	-33.837869	-33.583714	-35.394342	-33.352462	-44.669642	-45.573306	-45.886621	-47.46139
# -44.999936	-45.469788	-44.086847	-44.555221	-29.591343	-36.179655	-30.334351	-28.498759	-44.895076	-42.315385	-45.611646	-43.575516
# -46.083623	-44.36699	-50.854335	-44.444093	-34.971613	-36.121292	-34.996118	-32.261659	-46.822609	-45.671463	-48.02212	-46.097525
# -44.263941	-42.332034	-46.544097	-43.524702	-33.870992	-32.748626	-32.893293	-33.89482	-45.258897	-44.286251	-46.920042	-46.012139
# -45.716		-47.226194	-46.408837	-46.62971	-32.342433	-33.120197	-34.332753	-30.801477	-46.269809	-47.379689	-44.590025	-45.318427
# -43.714028	-43.322021	-44.569381	-44.437765	-51.6007172	-53.284348	-31.836853	-30.622636	-44.570998	-42.700565	-62.621634	-63.108435
# -43.632946	-44.701667	-47.843049	-46.967973	-53.488287	-55.899778	-35.864661	-33.931391	-45.998658	-46.488558	-64.891874	-66.201594
# -60		-47.443461	-46.964379	-46.839703	-52.309202	-55.118039	-31.681652	-33.041162	-47.326462	-46.354202	-64.42577	-66.667674
# -62.873136	-61.531995	-64.337625	-65.104521	-53.215266	-53.829361	-50.457503	-47.380487	-65.487877	-65.127283	-63.60501	-63.497017

# Pass-3 calibration from AJRP's TOF_consolidated script for BEFORE the HCal HV change happned during SBS-4: ADR on Dec 15, 2025.
sbs.hcal.adc.timeoffset =
   -67.08935    -67.36094    -68.60233    -69.33368    -53.70871    -56.75373    -57.61296    -54.83831    -67.61332    -68.73272    -72.25606     -67.7546
   -68.60718    -69.36568    -49.25902    -51.24459    -55.62233    -57.21305    -55.39327    -53.22395    -50.45707    -49.72305    -67.29353    -68.42718
   -50.58712    -47.69563    -49.64964    -54.19953    -35.24623    -38.26656    -33.35081     -34.2916    -50.22198    -49.28606    -48.38878    -48.99112
   -51.50132     -50.3248    -51.74091    -50.28227    -37.41404    -38.57673    -37.87246     -37.6225    -49.69759    -50.42292    -49.09986    -47.86935
   -49.96268    -50.11536    -48.08219    -50.25727    -58.49379    -57.84549    -36.98238      -35.865    -48.94314    -49.24883    -67.92627    -67.46197
   -49.84126    -50.79448     -50.6341    -50.29918    -55.66432    -59.10351    -39.39763      -36.782    -51.08845    -49.15352    -69.36103    -69.18674
   -45.40901    -46.50138    -46.49354     -45.9409    -36.05828    -33.44742    -37.76304     -35.6029    -51.17764    -48.82682    -50.33612    -50.77518
   -69.14315    -69.30414    -69.41772    -69.55108    -56.82627    -58.01179    -57.49997    -56.15795    -66.68764    -67.85278    -66.73093    -68.11333
   -48.87585    -50.33711      -48.826    -50.17111    -55.97064    -58.19137     -35.6338    -35.43629    -49.51741    -49.15591    -67.93237    -68.84333
   -47.59472    -49.03746    -68.96983    -68.70648    -58.13476     -57.0411    -38.31576    -37.63325     -68.9249    -67.03212    -69.14759    -68.44351
   -51.09534    -50.00404    -49.41483     -50.1434    -59.00199    -57.60244     -39.1443    -39.12816    -50.97138    -50.52957    -67.12947    -67.56696
   -67.99369    -70.52499    -68.32777     -67.4852    -38.45803    -38.31624    -55.99691    -55.78357    -68.82756    -68.05122    -50.66369    -50.26921
    -45.1427    -46.91103     -46.1908    -45.27278    -32.84295    -37.62624    -33.43573     -33.1519     -48.3955    -46.78407    -50.50186    -50.96665
   -51.96215    -49.41095    -50.11678    -48.91542    -39.71544    -37.45998    -40.18287    -37.69707    -50.54077    -48.15958    -51.67286    -50.18214
   -66.53677    -69.20612    -68.66383    -67.44811    -38.61348    -40.51982    -56.32408    -55.71936    -68.61804    -64.16342    -51.10044    -50.91689
   -52.88951    -50.30196     -50.8818    -50.42042    -38.31278    -37.97717    -39.80066    -37.79897    -49.12755    -50.12356    -50.04951    -51.51344
   -50.19723    -49.90673    -48.66246    -48.99002     -34.0711    -40.60482    -34.51666    -32.68732    -49.21844    -46.78248    -49.96743    -47.47087
   -51.44314    -48.86933    -55.51545    -48.91932    -39.46994    -40.57547    -39.45575      -36.743    -51.17764     -50.0268    -52.48183    -50.83213
   -47.44151    -46.75948    -51.12372    -48.01748    -38.42685    -37.22819    -37.32593    -38.26023    -49.58118    -48.61156    -51.45931    -48.86405
   -49.85831    -51.57573    -50.88331    -51.14705    -36.28927    -37.52151    -38.74671    -35.24969    -50.66514    -51.75714    -48.91399    -49.83973
   -47.35425    -47.12534    -49.28197    -48.82773    -53.45796    -57.68246    -36.27271    -35.03994     -48.8724    -47.21547    -66.99028     -67.2062
   -46.79639    -48.95219    -52.36304    -51.38282    -58.00453    -60.38444    -40.29857    -38.36254    -50.37568    -50.75387    -69.34912     -70.5748
   -65.64686       -51.28    -51.32003    -51.10009    -56.69695    -59.57986    -36.10207    -37.50291    -51.78041    -50.82832    -68.84506    -70.75786
   -66.20526    -65.15559    -68.71331    -69.38184    -57.69794    -58.32647    -55.16073    -51.94344    -69.98353    -69.58458    -68.05958    -68.29136

sbs.hcal.tdc.offset =
-919.417 -929.508 -913.244 -922.73 -1052.32 -1028.46 -1016.64 -1043.56 -930.187 -926.477 -889.495 -930.392
-912.169 -912.919 -919.139 -908.344 -1036.75 -1019.52 -1039.06 -1065.94 -913.336 -913.762 -939.865 -927.838
-910.749 -939.526 -919.399 -909.671 -1042.79 -1035.29 -1065.23 -1058.63 -905.634 -915.704 -944.264 -930.12
-892 -889.361 -893.927 -908.221 -1017.29 -1017.66 -1003.23 -1004.92 -899.085 -887.291 -904.412 -914.235
-631.915 -618.69 -632.963 -628.114 -706.911 -732.541 -738.712 -745.614 -629.297 -620.193 -623.836 -619.575
-913.777 -914.482 -908.566 -922.135 -740.433 -717.73 -1024.17 -1040.49 -917.243 -917.125 -622.264 -607.973
-954.171 -954.307 -960.033 -963.195 -1069.16 -1065.78 -1038.46 -1058.88 -920.739 -930.591 -929.596 -914.456
-918.929 -933.571 -931.63 -936.56 -1033.49 -1038.21 -1045.69 -1058.7 -953.116 -934.062 -948.566 -932.392
-921.321 -922.708 -928.078 -922.152 -1036.31 -1031.71 -1053.28 -1051.91 -928.81 -925.676 -937.536 -919.599
-934.949 -930.038 -933.527 -938.697 -1025.44 -1031.48 -1043.14 -1042.5 -929.258 -953.989 -938.148 -912.518
-895.701 -926.152 -918.233 -929.913 -1004.02 -1027.82 -1028.51 -1031.87 -931.164 -932.346 -943.228 -930.391
-909.555 -909.706 -922.959 -927.246 -1020.62 -1028.65 -1034.36 -1043.04 -920.467 -924.994 -913.37 -906.53
-633.263 -631.166 -634.667 -654.254 -770.508 -753.965 -755.596 -749.831 -621.356 -632.626 -626.906 -621.62
-868.203 -890.701 -876.919 -901.551 -971.859 -1004.57 -986.232 -1007.3 -899.865 -901.771 -868.832 -882.634
-913.93 -896.434 -895.941 -907.617 -998.86 -988.917 -1005.9 -1014.43 -902.038 -942.166 -900.149 -888.145
-595.792 -621.521 -872.202 -874.589 -1003.85 -1012.81 -718.281 -729.479 -895.053 -881.97 -904.217 -890.99
-879.355 -904.169 -900.044 -902.914 -1025.33 -991.03 -1018.5 -1040.52 -896.915 -916.296 -886.745 -917.37
-1068.65 -1075.86 -1034.3 -1071.67 -974.534 -978.958 -1151.35 -1165.75 -1048.55 -1072.08 -872.424 -876.855
-880.904 -912.921 -870.694 -901.123 -1152.04 -1144.34 -991.13 -991.287 -888.225 -889.337 -1041.67 -1058.51
-884.675 -878.519 -888.101 -888.959 -1166.75 -1164.39 -991.472 -1017.58 -889.552 -872.83 -1059.6 -1044.17
-900.971 -893.513 -872.659 -895.356 -671.919 -1146.92 -1008.27 -1011.16 -897.9 -893.804 -1060.63 -1044.16
-912.672 -917.315 -882.889 -889.554 -998.864 -981.727 -972.745 -1014.42 -893.99 -898.898 -893.532 -892.503
-849.044 -869.359 -872.82 -883.563 -986.48 -970.188 -1001.02 -999.633 -869.163 -880.153 -883.492 -869.297
-1040.85 -1048.93 -892.809 -904.92 -984.299 -969.775 -1146.11 -1172.01 -877.954 -891.789 -885.698 -876.798

# First Change in HV for HCAL, calibrated from SBS-8 data after change during SBS-4
#-------[ 2021-10-24 04:30:00 ]
sbs.hcal.adc.gain =
0.00175  0.00114155  0.00297862  0.00359176  0.00238189  0.00336438  0.00475649  0.00649252  0.00527849  0.00518601  0.00355675  0.00374568
0.00300636  0.0044304  0.00390344  0.00396145  0.00470814  0.00469769  0.00256063  0.00106229  0.00372351  0.00240972  0.00229438  0.00102397
0.00788777  0.000713016  0.0015953  0.00397066  0.00354068  0.00422767  0.00176964  0.00219962  0.00257158  0.00252735  0.000639923  0.00637616
0.00279915  0.00393762  0.00287054  0.00312908  0.00288806  0.00308053  0.00443713  0.00470737  0.00421751  0.00452867  0.00398791  0.00087288
0.00396248  0.00302456  0.00383591  0.00394405  0.00355301  0.00259123  0.00386101  0.00394811  0.00391242  0.00363093  0.00347629  0.00272894
0.00119894  0.00471207  0.00390398  0.00379465  0.00395199  0.00460464  0.00369093  0.00432516  0.00366836  0.00203051  0.00394812  0.00254265
0.00151549  0.000461684  0.000421194  0.00112416  0.00249527  0.00256289  0.00445739  0.0034621  0.00383337  0.00386236  0.00286243  0.00154914
0.0018091  0.00409816  0.00368787  0.00429496  0.00363915  0.00325766  0.00439551  0.00440598  0.0045097  0.0033585  0.00390663  0.00295606
0.00436517  0.00421821  0.00277412  0.0036555  0.00467906  0.00376048  0.0033794  0.00447821  0.00378246  0.00397803  0.00476605  0.00300717
0.00219066  0.00299397  0.00349801  0.00435306  0.00407755  0.00380549  0.0045481  0.00391051  0.00374148  0.00331847  0.00256968  0.00305697
0.00352788  0.00407892  0.00341902  0.00417296  0.00397449  0.00443657  0.00452797  0.00436082  0.00394511  0.00420151  0.00142342  0.00216883
0.0033152  0.00374452  0.00307234  0.00368675  0.00437126  0.00437213  0.00348805  0.00416478  0.00351576  0.00422155  0.0046825  0.00372126
0.000310559  0.000737123  0.00108986  0.00101464  0.0014314  0.00227181  0.00459678  0.00428306  0.00405827  0.00247434  0.00333792  0.0035386
0.00717845  0.00247069  0.003306  0.00235719  0.002338  0.0040595  0.00333041  0.00470743  0.00303383  0.00395947  0.0042114  0.00379699
0.00172067  0.00420009  0.0025612  0.00351662  0.00429232  0.00401381  0.00404223  0.00416422  0.0037949  0.000205321  0.0044286  0.00341337
0.00315626  0.0025457  0.00384164  0.00333694  0.00374994  0.00284966  0.00419166  0.00467655  0.00363162  0.00410288  0.00354011  0.00384582
0.00440891  0.00124189  0.00403544  0.00356068  0.00264459  0.0039619  0.00389857  0.00207693  0.00214095  0.00279739  0.00367047  0.00215238
0.00350592  0.00277151  0.00362198  0.00273435  0.00399153  0.00329782  0.0042035  0.00508358  0.00386246  0.00317914  0.00465996  0.0036216
0.00189599  0.00434045  0.003986  0.00330239  0.00444781  0.00342817  0.00392214  0.00459312  0.00253289  0.00356281  0.00419997  0.00230819
0.00337638  0.00340245  0.00335532  0.0035501  0.00560597  0.00318845  0.0033752  0.00290783  0.00415818  0.00379762  0.00409247  0.00539772
0.00355846  0.00312597  0.000649809  0.00321941  0.00344759  0.00338599  0.0034098  0.00472686  0.003962  0.00272139  0.00253553  0.0050885
0.00196786  0.00185623  0.00388062  0.00416467  0.00463984  0.00453672  0.00431508  0.00431473  0.00385285  0.00176832  0.00367533  0.00209481
0.00211308  0.00446856  0.00294446  0.0036711  0.00382174  0.00428548  0.00372947  0.00379741  0.00415172  0.00384383  0.00428859  0.00354453
0.00731553  0.00184953  0.00312397  0.0026908  0.00429902  0.0031694  0.00585994  0.00290409  0.00403565  0.00366291  0.00316737  0.00416878

# Pass-3 calibration from AJRP's TOF_consolidated script for AFTER the HCal HV change happned during SBS-4: ADR on Dec 15, 2025.
-------[ 2021-10-24 04:30:00 ]
sbs.hcal.adc.timeoffset =
   -65.79952    -67.16696    -68.88045    -70.00037    -54.01399    -57.05995    -58.00274    -55.08958    -67.69918    -68.68783    -72.12768     -67.0612
   -68.01915    -69.10954    -49.25707    -51.60955    -55.95073    -57.48437      -55.943    -54.53836    -51.25221    -50.06317    -67.60283    -67.20242
   -49.75924     -47.1558    -49.55281    -54.36155    -35.41666    -38.55305    -34.96405    -35.24541     -50.6702    -49.52985    -48.27794    -48.89208
   -49.80001     -49.5518    -51.26321    -50.42279    -37.70086    -38.85055    -38.13265    -37.89547    -50.00804    -50.76819    -49.45921    -48.24046
   -49.05997    -49.65462     -48.0266    -50.39826    -58.72019    -58.02467    -37.08585    -35.98054    -49.07725    -49.65851    -67.88859    -66.84169
   -49.54396    -50.65714    -50.62608     -50.4381    -55.81897    -59.16481    -39.38375    -36.89487    -51.18323     -49.1903    -69.10709    -68.80877
   -46.35116    -47.42251    -46.97407    -46.11776    -36.75184    -33.80763    -37.77531    -35.57313    -51.09696     -48.8156    -50.35613    -50.72131
   -69.23163    -69.37687    -69.57114     -69.7705     -56.8593    -57.98585     -57.5299    -56.15785    -66.69249    -67.79785     -66.5905    -68.00983
    -48.8756     -50.3438    -49.00558    -50.31761     -55.9745    -58.16481    -35.88249    -35.39297    -49.48562    -49.04194    -67.97038    -68.72127
   -48.13144    -49.51576    -69.21104    -68.78186    -58.22517     -57.0517    -38.33692    -37.67917    -68.92183    -67.03866    -69.15353    -68.38926
   -51.00621    -49.80452     -49.4267    -50.18402    -59.01418    -57.64576    -39.15593     -39.1879    -50.93502    -50.44712    -67.07222    -67.56256
   -68.07142    -70.45237    -68.43097    -67.44267    -38.43309     -38.3194    -56.14127    -55.81173    -68.79538    -67.98033    -50.60138    -50.32397
   -43.75868    -46.56024    -46.10962    -45.51826    -32.88454    -37.85753    -33.41727    -33.09686    -48.43747    -46.79375    -50.37127    -50.96091
   -51.25937    -49.06061    -50.03876    -48.86734    -39.73228    -37.44081    -40.21062    -37.68215    -50.56939    -48.24268     -51.6764    -50.16941
   -66.10425    -68.88608    -68.51811    -67.38285    -38.55984    -40.48432    -56.30612    -55.68992     -68.6089    -64.15639    -51.05697    -50.67423
   -52.00032    -50.15678    -50.74547    -50.43125    -38.30993    -38.02202    -39.83801    -37.83586    -49.18595    -50.17882      -50.107    -51.59592
   -49.23186    -49.85503    -48.58303    -48.92392    -34.03127    -40.62972    -34.65585    -32.82088    -49.20843     -46.7402    -49.86384    -47.72098
   -50.24434    -48.55212    -55.27729    -48.87199    -39.42502    -40.48295    -39.47614    -36.73727    -51.19837    -50.04379     -52.4783    -50.50873
   -48.28969    -46.55856      -50.945     -47.9175    -38.32949    -37.11566    -37.33346    -38.29724    -49.59964    -48.61822    -51.38258    -48.88963
   -50.49388     -51.5448    -50.85261    -50.97628    -36.41643    -37.51185      -38.691    -35.19798    -50.64603    -51.79747    -48.99576    -49.92456
   -47.62498    -47.45616    -49.45039    -48.67328    -53.37015    -57.61915     -36.2149    -35.03387    -48.93722    -47.25069     -67.0082    -67.44769
   -47.91371    -49.08763    -52.09479    -51.31592    -57.86701    -60.34108     -40.2125    -38.34928    -50.32388    -50.62227    -69.37201    -70.39872
   -60.02391    -51.51437    -51.21188     -51.2135    -56.69681    -59.55615    -36.02012     -37.4109     -51.6413    -50.66162    -68.76734    -70.65282
   -67.26233    -66.07553    -68.98705    -69.28679    -57.60053    -58.29374    -55.08433     -51.7494    -69.74017    -69.40241     -67.8739    -67.79095


#####################################
## Starting SBS-7 kinematics for GMN:

--------[ 2021-11-08 17:00:00 ]
## Minimum energy for a cluster center
#sbs.hcal.emin_clSeed = 0.036
sbs.hcal.emin_clSeed = 0.02
sbs.hcal.emin = 0.002
sbs.hcal.emin_clTotal = 0.04
sbs.hcal.tdc.tw = 0.75 0.49
sbs.hcal.tmax = 10.0
#sbs.hcal.tmax = 11.11

#sbs.hcal.adc.timeoffset =
#-82.2692 -81.3427 -82.4815 -82.5971 -66.463 -69.1174 -69.9164 -64.6359 -80.1259 -81.8509 -86.526 -121.887
#-81.3718 -85.5365 -65.1618 -66.4057 -69.6162 -71.6599 -69.8388 -68.0318 -65.2418 -64.3469 -77.7497 -82.377
#-19.5635 -59.6427 -61.2169 -65.0416 -45.9471 -48.6605 -44.6415 -45.3726 -61.2201 -60.4724 -59.7578 -61.0021
#-65.5524 -61.7906 -63.1783 -61.2458 -48.1045 -49.0805 -48.342 -48.3574 -60.9112 -62.1192 -60.9417 -56.4138
#-59.5561 -60.8837 -57.9311 -59.66 -67.305 -66.6157 -45.477 -44.3986 -58.1797 -59.196 -77.9453 -78.9571
#-62.9541 -62.9021 -62.1171 -61.0263 -66.105 -69.4827 -49.7305 -46.7065 -61.1431 -59.708 -80.5443 -81.3067
#-59.5448 -59.7371 -59.2411 -57.6162 -47.6174 -44.445 -48.7666 -46.5231 -62.1888 -60.4337 -62.5793 -64.2641
#-82.748 -82.2238 -81.3242 -81.2123 -67.9182 -68.9751 -68.4011 -67.0987 -77.7871 -79.3513 -78.9407 -81.0253
#-60.677 -62.5621 -60.1017 -61.1079 -66.1936 -68.2614 -45.6878 -45.4754 -59.7737 -59.8287 -79.0813 -80.582
#-59.4982 -60.8162 -80.1858 -79.513 -68.4079 -66.9609 -48.2109 -47.8108 -79.0207 -77.5987 -80.3147 -80.37
#-64.3792 -62.4682 -61.2965 -61.5199 -69.8084 -68.0696 -49.8448 -49.2289 -61.5546 -61.556 -79.0627 -80.4625
#-82.7225 -84.1389 -81.172 -79.776 -50.2142 -49.4171 -68.1786 -67.4294 -81.0518 -80.3013 -63.5988 -63.7843
#-60.7961 -60.5107 -59.5494 -57.8248 -45.307 -49.7913 -45.4708 -45.7295 -60.5833 -59.456 -64.0535 -64.8459
#-64.9574 -61.9164 -62.54 -60.9605 -51.5702 -49.1699 -53.0169 -49.3051 -62.3487 -60.6842 -64.0743 -63.4397
#-81.6263 -82.4558 -81.1622 -79.5513 -50.6072 -52.328 -68.1777 -67.945 -80.7421 -77.1732 -63.8121 -64.5288
#-66.7356 -63.8061 -63.8412 -63.4611 -50.8735 -50.6526 -52.6048 -50.8073 -60.9569 -62.7886 -63.0018 -65.1616
#-64.1189 -63.8604 -62.0482 -62.165 -47.1653 -53.641 -47.5678 -45.9588 -62.339 -59.854 -63.1358 -62.7501
#-65.9099 -63.066 -69.6265 -62.6358 -53.1353 -54.1695 -52.8185 -49.793 -64.7199 -63.4213 -65.9552 -63.6926
#-63.0331 -60.0352 -63.937 -60.7162 -50.7627 -49.4264 -49.6989 -51.7906 -62.015 -61.3446 -64.6761 -62.1935
#-64.1648 -65.3835 -64.1004 -63.6229 -48.6467 -49.8437 -51.214 -47.6059 -63.0651 -64.5289 -61.8639 -61.9698
#-61.8662 -60.7371 -62.7344 -60.6231 -64.5422 -69.5543 -48.1414 -47.1704 -61.0466 -59.3321 -79.2437 -78.2604
#-62.6463 -62.6371 -65.6496 -64.1625 -70.7627 -73.5559 -53.3865 -51.2497 -63.1211 -63.3973 -81.9407 -84.332
#239.234 -65.2642 -64.6725 -64.3891 -70.0952 -72.6322 -49.0572 -50.3828 -64.4438 -63.53 -81.4396 -84.4984
#-80.8953 -79.8535 -81.6347 -82.14 -70.1977 -71.024 -67.9019 -64.8657 -82.487 -81.5394 -80.4759 -81.4216

# new SBS-8 ADC time calibration AJRP 10/9/2025, using as baseline/default for recalibrating other GMN kinematics:
##sbs.hcal.adc.timeoffset =
#-63.110313	-63.602676	-64.38781	-65.154936	-49.193542	-52.316182	-53.16323	-50.284024	-63.013591	-64.033242	-67.611715	-62.7652653
#-64.4510754	-65.196389	-44.744204	-46.743181	-51.187867	-52.57327	-50.998984	-49.779778	-46.393947	-45.293861	-62.261484	-62.135841
#-45.920665	-39.589472	-44.940937	-49.764994	-30.798608	-33.836141	-30.051184	-30.497785	-45.874452	-45.075282	-43.140555	-44.303125
#-46.602853	-45.422635	-47.129534	-45.695797	-32.922775	-34.087335	-33.294506	-33.124603	-45.158785	-45.965328	-44.674382	-43.614699
#-44.963784	-45.518196	-43.4991219	-45.711621	-53.9526308	-53.281354	-32.499309	-31.343342	-44.388175	-44.693659	-63.488544	-63.070156
#-44.18824	-46.056504	-46.019779	-45.7571823	-51.126908	-54.559923	-34.975625	-32.2924875	-46.533943	-44.56174	-64.775185	-64.908218
#-40.853741	-41.979681	-41.973847	-41.3156174	-32.3684089	-29.468495	-33.243978	-31.121653	-46.615782	-44.375345	-45.736794	-45.681875
#-64.885907	-64.783438	-64.8427221	-65.027457	-52.273026	-53.504326	-53.005479	-51.597666	-62.195065	-63.221362	-62.341395	-63.514345
#-44.416471	-45.70699	-44.3684729	-45.731716	-51.451951	-53.663003	-31.7215974	-30.937143	-45.119209	-44.771748	-63.82821	-64.818825
#-42.980813	-44.67201	-64.413226	-64.157896	-53.632148	-52.54488	-33.823897	-33.147735	-64.297595	-62.340318	-64.935076	-64.108859
#-46.891382	-45.356317	-44.867023	-45.67354	-54.465234	-53.008571	-34.60257	-34.629404	-46.428096	-45.908551	-62.370052	-63.614881
#-63.795785	-65.88647	-63.737481	-62.980231	-33.979152	-33.85549	-51.795459	-51.24551	-64.258472	-63.490373	-45.679737	-45.353917
#-40.171778	-41.8448964	-42.006423	-41.353295	-28.676055	-33.702155	-28.995081	-28.64228	-43.977332	-42.297374	-46.128459	-46.850217
#-46.432416	-44.589811	-45.553419	-44.653722	-35.27724	-32.941593	-35.693103	-33.213042	-46.130205	-43.71738	-47.150695	-45.703167
#-61.922294	-64.482691	-64.105532	-62.94921	-34.156338	-36.017342	-51.768109	-51.160865	-64.155715	-59.992056	-46.618204	-46.606967
#-47.697991	-45.570341	-46.240382	-45.946107	-33.837869	-33.583714	-35.394342	-33.352462	-44.669642	-45.573306	-45.886621	-47.46139
#-44.999936	-45.469788	-44.086847	-44.555221	-29.591343	-36.179655	-30.334351	-28.498759	-44.895076	-42.315385	-45.611646	-43.575516
#-46.083623	-44.36699	-50.854335	-44.444093	-34.971613	-36.121292	-34.996118	-32.261659	-46.822609	-45.671463	-48.02212	-46.097525
#-44.263941	-42.332034	-46.544097	-43.524702	-33.870992	-32.748626	-32.893293	-33.89482	-45.258897	-44.286251	-46.920042	-46.012139
#-45.716		-47.226194	-46.408837	-46.62971	-32.342433	-33.120197	-34.332753	-30.801477	-46.269809	-47.379689	-44.590025	-45.318427
#-43.714028	-43.322021	-44.569381	-44.437765	-51.6007172	-53.284348	-31.836853	-30.622636	-44.570998	-42.700565	-62.621634	-63.108435
#-43.632946	-44.701667	-47.843049	-46.967973	-53.488287	-55.899778	-35.864661	-33.931391	-45.998658	-46.488558	-64.891874	-66.201594
#-60		-47.443461	-46.964379	-46.839703	-52.309202	-55.118039	-31.681652	-33.041162	-47.326462	-46.354202	-64.42577	-66.667674
#-62.873136	-61.531995	-64.337625	-65.104521	-53.215266	-53.829361	-50.457503	-47.380487	-65.487877	-65.127283	-63.60501	-63.497017

# New PS time calibration SBS-7: updated 2025/12/19 (EPAF)
sbs.hcal.adc.timeoffset =
   -77.25029    -77.35705    -78.84092    -79.49804    -63.58285    -66.40691     -67.4292    -64.61245    -77.30845    -78.52508    -82.00387    -77.17372
   -78.90199    -79.32442    -59.01555    -60.82296    -65.37097    -66.78734    -65.17824    -63.95506    -60.70366    -59.67904    -77.04506    -76.14565
   -60.38378    -57.11839    -59.17287     -63.7088    -44.87809    -47.83606    -44.15349    -44.60997    -60.01579    -59.24258    -57.56595    -58.41748
   -60.75745     -59.5027    -61.12034    -59.80184    -46.96135    -48.13401     -47.2376     -47.1947     -59.2386    -59.97434    -58.64095    -57.47944
   -59.28641    -59.66504     -57.5828    -59.63396    -67.83015     -67.2303    -46.30353    -45.26019    -58.38111    -58.68386    -77.43179    -76.91808
   -59.16631    -59.98873    -59.95168    -59.70604    -65.02788    -68.34636    -48.69015    -46.08546    -60.46996    -58.56601    -78.80095    -78.73135
    -55.0532    -56.15133    -56.07105    -55.39687    -46.18532    -43.37025    -47.05832    -44.83388    -60.40489    -58.20144    -59.68791    -59.68631
   -78.86128     -78.5984    -78.69549    -78.66771    -66.04131    -67.15215    -66.62527    -65.31938    -75.94445    -77.07289    -76.09482    -77.05114
   -57.89351    -59.40689    -58.02932    -59.29059    -65.04743    -67.20445    -45.37092    -44.57328    -58.71232    -58.33112    -77.16851    -77.76203
   -56.83743    -58.43739    -77.98875     -77.8078    -67.25082    -66.10883    -47.42239    -46.71762    -77.92321    -76.01029    -78.31329    -77.49888
   -60.47118    -59.05025    -58.50795    -59.15842    -67.97031    -66.58027    -48.16728    -48.17305    -60.04999    -59.57681    -76.32687    -76.64907
   -77.20928    -79.58115    -77.32284     -76.5397    -47.43272    -47.18649    -65.25572      -64.757    -77.89969    -77.06963     -59.6707    -59.27429
   -53.37327    -55.74072    -55.41682    -54.98397     -42.0665    -47.14715    -42.44509     -42.1541    -57.43144    -55.91836    -59.62282    -60.15605
   -59.97428    -58.24917    -59.06639     -57.9759    -48.67256    -46.34384    -49.08521    -46.65612    -59.58915      -57.148    -60.64731     -59.0663
   -75.39915     -78.0325    -77.70531    -76.34578    -47.53403    -49.42039    -65.26459    -64.63363    -77.55915    -73.44658    -60.09833     -59.9243
   -61.17141    -59.31139     -59.8464    -59.49574    -47.35254    -46.94785    -48.76879    -46.78667    -58.09301    -59.11212    -59.19367    -60.57678
   -58.45627    -59.04074    -57.59741    -57.96315     -42.9734    -49.43288    -43.69854    -41.92105    -58.18215    -55.77599    -58.89744    -56.56697
   -59.65198    -57.88524    -64.32086    -57.96393    -48.39117    -49.37729    -48.32547    -45.67149    -60.12476     -59.0302    -61.51484     -59.5252
   -57.60326    -55.91255    -59.99426    -57.04998     -47.3532    -46.11304    -46.25398    -47.20798    -58.57836    -57.58484    -60.37181    -57.90983
   -59.30932    -60.46473    -59.91052    -60.11588    -45.78501     -46.4258    -47.72098     -44.1904    -59.60715    -60.62997    -58.01176    -58.75021
   -56.91211    -56.54389    -58.26818    -57.84298    -65.14209    -66.51845    -45.19837     -44.0048    -57.87803    -56.02039    -75.99515    -76.08078
   -57.00791    -58.23575    -61.15509    -60.42807    -66.95076    -69.21343    -49.13727    -47.30062    -59.28578    -59.61305      -78.238    -79.31561
     -72.961    -60.51832    -60.21409    -60.27599    -65.66068    -68.37453    -45.13602    -46.42813     -60.5501    -59.66939    -77.62001    -79.69176
     -75.923    -74.86334    -77.62619    -78.43956    -66.63075    -67.16567    -63.95501    -60.97569    -78.84444    -78.50499    -77.06135    -77.07759

sbs.hcal.tdc.offset =
-870.758 -877.644 -857.721 -862.907 -989.615 -970.145 -952.415 -976.694 -869.461 -863.556 -832.31 -873.261
-856.552 -860.608 -865.425 -850.726 -972.224 -960.907 -979.424 -1024.11 -848.963 -852.297 -882.038 -874.179
-855.328 -889.416 -865.504 -853.403 -978.878 -969.209 -993.332 -996.493 -849.124 -854.806 -880.023 -872.427
-829.787 -832.839 -832.358 -848.331 -952.083 -954.084 -939.329 -941.073 -837.2 -825.027 -843.961 -855.698
-558.592 -563.63 -571.283 -563.939 -638.956 -664.311 -668.533 -674.944 -562.034 -556.612 -563.542 -562.789
-854.928 -860.57 -850.644 -856.924 -670.368 -650.49 -957.527 -967.541 -843.389 -845.622 -554.552 -551.957
-904.286 -902.266 -906.398 -903.137 -997.155 -996.922 -971.496 -990.305 -851.773 -861.582 -864.167 -862.237
-863.964 -877.779 -874.372 -874.508 -970.111 -974.172 -978.614 -991.64 -887.197 -869.784 -881.863 -878.742
-864.868 -869.562 -872.271 -864.58 -973.636 -968.403 -985.149 -985.695 -861.863 -859.363 -872.682 -858.921
-891.153 -877.72 -876.589 -878.619 -964.147 -964.173 -975.464 -974.525 -861.677 -887.333 -871.208 -858.48
-846.055 -877.43 -864.614 -873.238 -944.308 -966.801 -964.913 -965.434 -863.516 -864.384 -881.462 -876.833
-858.103 -863.139 -868.657 -873.101 -962.845 -967.145 -971.047 -981.065 -858.297 -860.327 -854.524 -851.994
-602.9 -593.301 -586.74 -588.771 -718.079 -693.811 -696.293 -688.406 -560.542 -571.895 -569.39 -566.651
-827.185 -845.359 -828.003 -849.435 -917.671 -949.031 -928.937 -949.35 -840.494 -843.081 -812.218 -829.263
-865.297 -848.983 -844.669 -854.521 -944.756 -934.698 -949.772 -955.813 -843.774 -882.261 -845.658 -838.665
-555.672 -575.842 -823.669 -824.721 -949.812 -958.631 -663.422 -672.757 -840.263 -824.437 -850.026 -842.485
-840.693 -858.799 -853.539 -852.516 -971.981 -938.815 -962.081 -984.218 -843.901 -860.894 -831.983 -865.172
-1019.91 -1031.92 -989.338 -1023.04 -925.739 -927.494 -1097.42 -1110.48 -991.866 -1017.13 -817.391 -826.225
-833.821 -864.129 -823.985 -851.306 -1098.64 -1090.42 -937.087 -933.97 -832.895 -835.507 -985.965 -1005.24
-836.571 -835.409 -834.968 -832.764 -1108.1 -1110.24 -934.123 -959.166 -834.37 -819.184 -1007.51 -993.368
-854.88 -846.944 -845.143 -840.918 -1096.42 -1091.86 -953.033 -956.308 -845.389 -842.463 -1007.59 -992.561
-866.358 -873.941 -836.763 -841.677 -948.236 -931.689 -922.961 -962.4 -841.429 -847.019 -845.035 -845.375
-851.153 -826.367 -825.948 -836.147 -939.256 -920.869 -949.537 -947.562 -819.456 -829.096 -834.17 -824.064
-1005.06 -1006.01 -848.16 -858.711 -937.714 -921.653 -1100.28 -1122.2 -833.418 -845.781 -839.847 -833.91

#####################################
## Starting SBS-11 kinematics for GMN:

--------[ 2021-11-17 08:00:00 ]
## Minimum energy for a cluster center
#sbs.hcal.emin_clSeed = 0.048

# AJRP 1/30/2026: bumping up clustering thresholds for SBS-11 to reduce cluster multiplicity (also writing out more clusters):
sbs.hcal.emin_clSeed = 0.025
sbs.hcal.emin = 0.0025
sbs.hcal.emin_clTotal = 0.05
sbs.hcal.tdc.tw = 0.50 0.50
sbs.hcal.tmax = 10.0

# ADCtime offsets generated by Andrew P's consolidated timing calibration script
# using a subset of SBS11 LH2 & LD2 data. Latest on 12/08/2025 for pass3 readiness.
# A shift in trigger time was observed during SBS-11. Two sets of ADC time offsets (Set 1 & Set 2)
# are generated to account for the shift. See https://sbs.jlab.org/cgi-bin/DocDB/private/ShowDocument?docid=755
## SBS11 - Set 1
sbs.hcal.adc.timeoffset =
   -76.24767    -76.90635    -77.94937    -78.63588    -62.85132    -65.81101    -66.66269    -63.79184     -76.5608    -77.67646    -81.18654    -76.20043
   -77.92827    -78.53301    -58.15457    -60.11023    -64.64795    -66.06863    -64.51704    -63.32262    -59.89341    -58.78694    -76.14151    -75.65768
   -59.34407    -56.33529    -58.37459    -63.05348    -44.24268    -47.16914    -43.45582    -43.77136    -59.18437    -58.47549    -57.02093    -57.76671
   -59.94236     -58.8892    -60.42485    -58.98521     -46.2918    -47.37345    -46.60042    -46.48169     -58.4412    -59.27837    -57.87219    -56.93024
   -58.24954      -58.832    -56.90974     -59.0172    -67.19426    -66.54653    -45.78083    -44.61881    -57.66814    -58.01228    -76.77346     -76.2047
   -58.20652    -59.26384     -59.1818    -58.88599    -64.30881    -67.73616    -48.10323    -45.37729    -59.75877    -57.81821    -78.05364    -78.04684
   -54.05063    -55.18506    -55.38173    -54.52855    -45.44022    -42.56354    -46.30927    -44.22544    -59.76919    -57.48036    -59.00624    -58.81841
   -77.88406    -77.86905    -77.95508    -78.04429    -65.29131    -66.46786    -65.98579    -64.64705    -75.18032    -76.30957    -75.37478    -76.55565
   -57.26295    -58.82647    -57.46732    -58.69928    -64.45017    -66.60383    -44.64583     -43.9074    -58.07765     -57.6549    -76.53282    -77.17541
   -55.99736    -57.79732    -77.42263    -77.12285    -66.56226    -65.47114    -46.76064    -46.10279    -77.30705    -75.32994    -77.67328    -76.83564
   -59.67737    -58.40894    -57.80321    -58.47818    -67.36128    -65.89255    -47.50634    -47.52995    -59.32935    -58.91439    -75.59955    -75.85589
   -76.36922    -78.84701    -76.70499     -75.7973    -46.75044    -46.58062     -64.5813    -64.07669     -77.1034    -76.38983    -58.97619    -58.61291
   -52.62132    -54.86518    -54.80248    -54.36207    -41.43035     -46.4348    -41.74459    -41.46449    -56.70912    -55.13557    -58.81925    -59.46492
   -59.44267    -57.38497    -58.33642    -57.31985    -48.01023    -45.66981    -48.38167    -45.99316    -58.84885    -56.41799    -59.94303    -58.35652
   -74.72036    -77.31314    -76.98832    -75.64936    -46.88951    -48.80138    -64.58144    -63.98108    -76.93012      -73.257    -59.36817    -59.36446
   -60.47546    -58.47591    -59.02983    -58.71752    -46.59204    -46.40872       -48.09    -46.07909     -57.4051    -58.39277    -58.56273    -59.93242
   -57.64681    -58.41358    -56.88157     -57.2974    -42.33637    -48.85927    -43.06148    -41.23103    -57.54801    -55.07697    -58.22842    -55.76752
   -58.88119    -57.15402    -63.61697    -57.21984    -47.77546      -48.783    -47.64411    -44.98359    -59.47174    -58.36388    -60.79834    -58.79178
   -56.83688    -55.14306    -59.28467    -56.31439    -46.59588    -45.49298    -45.62052    -46.59697    -57.93245    -56.94629    -59.64522    -57.20482
   -58.71313    -59.83247    -59.18162    -59.34383    -44.98301    -45.74164    -47.01915     -43.5651    -58.94006     -60.0203    -57.27745     -58.1113
   -56.13586    -55.85208    -58.16867    -57.20423    -64.46083    -65.93652    -44.54093    -43.34655    -57.19842    -55.36867    -75.35115    -75.49179
   -56.26709    -57.56175    -60.45486    -59.62896    -66.21321    -68.61518    -48.54183    -46.62251    -58.62964    -59.11333    -77.62933    -78.74872
    -71.0864    -59.80304    -59.63867    -59.51441    -64.96784    -67.81273    -44.38146    -45.73622    -59.98514    -59.05128    -77.07339     -79.0596
   -75.17909    -74.23439    -76.96623    -77.79019    -65.84716    -66.62749    -63.23663    -60.12299    -78.11803    -77.72178    -76.36158     -76.3054

sbs.hcal.tdc.offset =
-852.741 -857.198 -844.468 -846.96 -972.952 -954.083 -938.835 -960.975 -855.678 -848.321 -819.329 -859.355
-839.953 -843.875 -846.439 -832.924 -955.287 -943.622 -965.063 -980.019 -836.271 -836.369 -864.304 -854.445
-839.907 -873.61 -850.168 -836.552 -963.223 -956.192 -976.704 -976.849 -833.199 -839.463 -866.957 -854.923
-814.396 -816.789 -815.673 -830.976 -934.806 -938.674 -923.758 -925.415 -823.238 -812.504 -830.976 -840.621
-546.297 -549.451 -553.152 -547.229 -622.241 -647.541 -651.779 -660.1 -547.782 -540.344 -546.006 -550.371
-841.807 -842.627 -832.961 -840.752 -655.572 -633.152 -940.553 -950.438 -829.418 -829.112 -539.507 -536.023
-890.871 -893.026 -896.698 -891.406 -982.369 -982.901 -953.961 -973.97 -836.398 -846.384 -848.982 -862.268
-849.135 -862.62 -858.996 -859 -955.466 -956.526 -965.046 -972.016 -870.606 -856.649 -867.208 -863.8
-850.401 -852.821 -856.006 -845.736 -952.926 -948.88 -967.441 -967.476 -845.501 -844.342 -856.035 -842.144
-868.935 -861.194 -858.921 -861.705 -942.915 -948.69 -960.805 -957.928 -847.158 -874.214 -856.48 -842.324
-829.559 -861.113 -848.38 -857.184 -926.324 -947.145 -946.509 -949.454 -849.391 -849.541 -860.045 -860.173
-845.827 -844.259 -852.847 -858.833 -946.325 -951.635 -955.836 -964.41 -845.134 -845.581 -838.465 -836.013
-596.939 -576.78 -572.253 -572.891 -704.654 -677.526 -680.209 -672.455 -545.466 -556.66 -554.283 -552.975
-805.555 -828.669 -811.654 -834.055 -900.308 -930.949 -912.921 -932.258 -825.235 -829.511 -796.05 -813.343
-850.097 -830.827 -828.379 -838.457 -924.926 -916.119 -932.937 -939.629 -829.128 -848.286 -830.746 -823.243
-540.495 -559.036 -806.75 -807.177 -933.494 -943.726 -645.347 -655.807 -824.149 -806.192 -833.403 -825.635
-821.646 -840.796 -836.844 -839.942 -954.343 -922.849 -946.865 -966.511 -830.319 -844.294 -818.652 -851.076
-1008.45 -1014.19 -973.92 -1008.83 -908.376 -913.789 -1080.23 -1094.01 -976.22 -999.305 -803.681 -814.343
-821.711 -848.758 -806.876 -836.199 -1084.04 -1076.05 -921.575 -920.72 -816.766 -819.562 -970.997 -990.785
-823.18 -818.064 -819.381 -819.621 -1090.81 -1093.05 -917.824 -944.497 -817.036 -802.478 -992.449 -979.731
-838.314 -829.897 -820.774 -824.706 -1080.95 -1076.47 -936.256 -940.269 -828.841 -828.452 -991.997 -978.936
-852.588 -857.347 -820.626 -826.005 -931.998 -914.613 -906.241 -944.46 -827.149 -833.833 -829.306 -828.602
-836.513 -810.766 -809.372 -819.829 -920.967 -903.697 -933.17 -930.038 -803.582 -815.326 -819.054 -806.947
-985.207 -990.881 -830.431 -843.893 -919.769 -905.739 -1082.66 -1106.41 -819.597 -831.086 -823.778 -817.75

-------[ 2021-12-01 22:06:00 ]
## SBS11 - Set 2. See  https://sbs.jlab.org/cgi-bin/DocDB/private/ShowDocument?docid=755
sbs.hcal.adc.timeoffset =
    -80.3581    -81.22977    -82.38972    -82.99018    -67.33141    -70.10202    -71.13248    -68.31495    -80.98387    -82.14688    -85.68827    -80.72884
   -82.29389     -82.9881     -62.5682     -64.5851    -69.01384    -70.56175     -68.8917    -67.93741    -64.38899    -63.40524    -80.52778    -79.82451
    -63.6946     -60.8896    -62.88611    -67.46171    -48.63433    -51.77166    -47.88828    -48.32273     -63.5613    -63.15274     -61.2149    -62.16132
   -64.58237    -63.30747       -64.89    -63.39425    -50.58769    -51.83832    -51.08126    -50.81746    -62.95342    -63.76577    -62.36763    -61.37629
    -62.7878     -63.3158    -61.19224    -63.44612    -71.66997    -70.98151    -50.14202     -48.9459     -62.0752    -62.38063    -81.09468    -80.66117
   -62.90065    -63.66773    -63.67142    -63.39853    -68.66945    -72.16316    -52.47912    -49.80363    -64.16748    -62.24817    -82.43612    -82.62403
   -58.37042    -59.49165    -59.82516    -58.93856    -49.95373    -46.90816    -50.80082    -48.67134    -64.13304    -61.88809    -63.41897    -63.39827
   -82.33449    -82.23595    -82.32482    -82.47096    -69.66779    -70.95257     -70.4679    -68.98228    -79.58735    -80.65561    -79.79116    -80.87485
   -61.60758    -63.17103    -61.80714    -63.08287    -68.91221    -71.06335    -49.04759     -48.3473    -62.50118    -62.10677    -80.95339     -81.5071
   -60.40237    -62.17497     -81.7979    -81.55522    -71.02217    -69.91392    -51.20931    -50.46264    -81.72127    -79.78648     -82.1618    -81.25744
   -64.05396    -62.85059    -62.22597    -62.98822      -71.768    -70.30394    -51.91781    -52.02458    -63.77004    -63.31818    -79.99459    -80.34211
   -80.97683    -83.33056    -81.20898    -80.25769    -51.19867     -51.0052    -68.98616    -68.56351    -81.60263    -80.88092    -63.46882     -63.0043
   -56.83097    -59.49357    -59.24476    -58.58585     -45.8116    -50.82647     -46.1772    -45.96046    -61.12054    -59.65026    -63.30537    -63.86619
   -64.01164    -61.78073    -62.76268    -61.81119     -52.4366    -50.16037    -52.84231     -50.4231    -63.32953    -60.84056    -64.26455    -62.74684
   -79.17939    -81.74993    -81.49016    -80.19394    -51.38412    -53.14229    -69.01163    -68.42468    -81.36774    -77.63653     -63.7701    -63.79408
   -64.81212    -62.86212    -63.46418     -63.1688    -51.02123    -50.73943    -52.56208    -50.53817    -61.84886    -62.80097    -62.98133    -64.46269
   -62.23101    -62.89686    -61.20767    -61.80673    -46.85712    -53.27081    -47.46993    -45.63693    -62.04536    -59.51927    -62.67593    -60.24536
   -63.26088    -61.64437    -68.16472    -61.77018    -52.17018    -53.29121    -52.08465    -49.40088    -63.89428    -62.78612    -65.19871    -63.18221
   -61.36265    -59.42427    -63.69357    -60.60405    -50.99428    -49.85787    -50.04537    -50.99026    -62.36935    -61.28169    -64.09139    -61.58285
   -63.29163    -64.41816    -63.63277    -63.81877    -49.49029    -50.18361    -51.42104    -47.97707    -63.30379    -64.40547     -61.6972    -62.58877
   -60.38204    -60.42898    -62.42141    -61.70263    -68.78359    -70.41107    -49.03094    -47.81799    -61.54103    -59.76604    -79.80701    -79.94699
    -60.5656    -61.99205     -64.8671    -64.01703    -70.67081    -73.03861     -52.9573    -51.07466    -63.03071     -63.6263     -81.9716    -83.13439
   -72.98334     -64.3278    -64.04988    -63.75434    -69.44748      -72.301    -48.87282    -50.22067    -64.34615    -63.44911    -81.40871    -83.53071
   -79.46339    -78.70568    -81.35649    -82.20121    -70.32236    -70.97549    -67.69686    -64.51523    -82.68144    -82.23397    -80.75643    -80.76608

-------[ 2021-12-14 08:00:00 ]
## SBS11 - Set 1. See  https://sbs.jlab.org/cgi-bin/DocDB/private/ShowDocument?docid=755
sbs.hcal.adc.timeoffset =
   -76.24767    -76.90635    -77.94937    -78.63588    -62.85132    -65.81101    -66.66269    -63.79184     -76.5608    -77.67646    -81.18654    -76.20043
   -77.92827    -78.53301    -58.15457    -60.11023    -64.64795    -66.06863    -64.51704    -63.32262    -59.89341    -58.78694    -76.14151    -75.65768
   -59.34407    -56.33529    -58.37459    -63.05348    -44.24268    -47.16914    -43.45582    -43.77136    -59.18437    -58.47549    -57.02093    -57.76671
   -59.94236     -58.8892    -60.42485    -58.98521     -46.2918    -47.37345    -46.60042    -46.48169     -58.4412    -59.27837    -57.87219    -56.93024
   -58.24954      -58.832    -56.90974     -59.0172    -67.19426    -66.54653    -45.78083    -44.61881    -57.66814    -58.01228    -76.77346     -76.2047
   -58.20652    -59.26384     -59.1818    -58.88599    -64.30881    -67.73616    -48.10323    -45.37729    -59.75877    -57.81821    -78.05364    -78.04684
   -54.05063    -55.18506    -55.38173    -54.52855    -45.44022    -42.56354    -46.30927    -44.22544    -59.76919    -57.48036    -59.00624    -58.81841
   -77.88406    -77.86905    -77.95508    -78.04429    -65.29131    -66.46786    -65.98579    -64.64705    -75.18032    -76.30957    -75.37478    -76.55565
   -57.26295    -58.82647    -57.46732    -58.69928    -64.45017    -66.60383    -44.64583     -43.9074    -58.07765     -57.6549    -76.53282    -77.17541
   -55.99736    -57.79732    -77.42263    -77.12285    -66.56226    -65.47114    -46.76064    -46.10279    -77.30705    -75.32994    -77.67328    -76.83564
   -59.67737    -58.40894    -57.80321    -58.47818    -67.36128    -65.89255    -47.50634    -47.52995    -59.32935    -58.91439    -75.59955    -75.85589
   -76.36922    -78.84701    -76.70499     -75.7973    -46.75044    -46.58062     -64.5813    -64.07669     -77.1034    -76.38983    -58.97619    -58.61291
   -52.62132    -54.86518    -54.80248    -54.36207    -41.43035     -46.4348    -41.74459    -41.46449    -56.70912    -55.13557    -58.81925    -59.46492
   -59.44267    -57.38497    -58.33642    -57.31985    -48.01023    -45.66981    -48.38167    -45.99316    -58.84885    -56.41799    -59.94303    -58.35652
   -74.72036    -77.31314    -76.98832    -75.64936    -46.88951    -48.80138    -64.58144    -63.98108    -76.93012      -73.257    -59.36817    -59.36446
   -60.47546    -58.47591    -59.02983    -58.71752    -46.59204    -46.40872       -48.09    -46.07909     -57.4051    -58.39277    -58.56273    -59.93242
   -57.64681    -58.41358    -56.88157     -57.2974    -42.33637    -48.85927    -43.06148    -41.23103    -57.54801    -55.07697    -58.22842    -55.76752
   -58.88119    -57.15402    -63.61697    -57.21984    -47.77546      -48.783    -47.64411    -44.98359    -59.47174    -58.36388    -60.79834    -58.79178
   -56.83688    -55.14306    -59.28467    -56.31439    -46.59588    -45.49298    -45.62052    -46.59697    -57.93245    -56.94629    -59.64522    -57.20482
   -58.71313    -59.83247    -59.18162    -59.34383    -44.98301    -45.74164    -47.01915     -43.5651    -58.94006     -60.0203    -57.27745     -58.1113
   -56.13586    -55.85208    -58.16867    -57.20423    -64.46083    -65.93652    -44.54093    -43.34655    -57.19842    -55.36867    -75.35115    -75.49179
   -56.26709    -57.56175    -60.45486    -59.62896    -66.21321    -68.61518    -48.54183    -46.62251    -58.62964    -59.11333    -77.62933    -78.74872
    -71.0864    -59.80304    -59.63867    -59.51441    -64.96784    -67.81273    -44.38146    -45.73622    -59.98514    -59.05128    -77.07339     -79.0596
   -75.17909    -74.23439    -76.96623    -77.79019    -65.84716    -66.62749    -63.23663    -60.12299    -78.11803    -77.72178    -76.36158     -76.3054

--------[ 2021-12-18 08:00:00 ]
sbs.hcal.tdc.offset =
-580.153 -514.73 -569.292 -575.217 -1256.08 -704.106 -664.262 -692.979 -585.554 -580.945 -546.657 -585.3
-582.439 -573.904 -593.26 -565.474 -685.461 -697.189 -715.147 -719.58 -565.866 -569.275 -671.916 -817.102
-563.797 -635.409 -588.327 -567.104 -718.319 -688.898 -712.123 -713.572 -563.59 -568.191 -605.462 -615.986
-554.861 -549.973 -550.855 -561.548 -672.022 -702.622 -652.259 -658.41 -552.646 -541.181 -558.207 -567.549
-544.438 -573.332 -561.42 -551.113 -626.042 -658.85 -666.244 -681.449 -544.173 -539.429 -546.645 -550.31
-581.259 -570.478 -563.099 -573.501 -669.252 -638.002 -704.286 -683.498 -559.772 -569.912 -540.399 -544.338
-644.014 -667.933 -623.672 -627.324 -712.464 -713.174 -707.967 -715.206 -564.591 -575.872 -583.882 -578.221
-583.851 -593.051 -595.571 -596.661 -687.274 -704.943 -698.863 -717.118 -603.742 -587.594 -598.163 -608.574
-579.176 -584.042 -587.128 -579.176 -683.243 -681.243 -708.744 -700.967 -578.368 -572.819 -588.867 -575.818
-624.747 -594.315 -594.357 -595.193 -678.375 -681.078 -693.838 -693.464 -580.436 -603.337 -594.568 -572.067
-559.738 -595.14 -579.09 -588.275 -659.13 -694.672 -691.61 -689.117 -580.971 -582.508 -1031.24 -536.406
-576.267 -577.199 -581.784 -588.79 -674.975 -682.038 -708.967 -694.334 -574.998 -575.806 -568.247 -571.394
-508.976 -507.183 -309.976 -587.185 -1540.6 -678.201 -676.406 -676.577 -547.456 -557.258 -555.223 -555.827
-531.056 -558.441 -545.597 -570.39 -637.572 -659.469 -643.98 -665.49 -558.253 -558.294 -525.731 -544.891
-592.776 -565.911 -565.051 -571.992 -660.507 -649.745 -661.825 -670.48 -561.64 -604.053 -562.898 -561.338
-541.516 -563.99 -535.44 -541.065 -663.39 -677.807 -646.702 -655.736 -556.277 -540.431 -570.283 -938.721
-555.581 -564.029 -563.811 -573.046 -660.724 -653.7 -679.02 -643.599 -567.124 -575.903 -549.665 -583.049
-758.028 -750.166 -704.794 -733.695 -643.78 -639.895 -831.912 -828.764 -719.369 -760.677 -530.671 -555.804
-555.15 -583.181 -539.131 -566.813 -817.057 -809.346 -651.909 -649.291 -541.254 -552.638 -697.64 -721.771
-559.718 -548.107 -555.493 -553.145 -831.304 -827.622 -654.695 -732.526 -547.093 -533.471 -725.238 -712.247
-567.493 -562.801 -611.478 -557.966 -869.816 -818.315 -682.795 -671.241 -565.409 -564.421 -1110.23 -707.377
-586.584 -605.814 -555.227 -561.132 -658.7 -646.931 -637.712 -675.283 -557.869 -1320.67 -557.101 -560.896
-521.509 -540.127 -539.342 -550.365 -652.817 -633.709 -675.919 -669.323 -536.456 -544.07 -547.467 -537.374
-717.703 -725.439 -559.314 -574.981 -658.146 -637.301 -814.776 -834.112 -551.818 -569.668 -551.479 -545.909

#####################################
## Starting SBS-14 kinematics for GMN:

--------[ 2022-01-10 22:30:00 ]
## Minimum energy for a cluster center
#sbs.hcal.emin_clSeed = 0.027

sbs.hcal.emin_clSeed = 0.015
sbs.hcal.emin = 0.002
sbs.hcal.emin_clTotal = 0.03
sbs.hcal.tdc.tw = 0.48 0.50
sbs.hcal.tmax = 10.0

#sbs.hcal.adc.timeoffset =
#-68.2256 -67.2991 -68.4379 -68.5535 -52.4194 -55.2333 -55.8728 -52.8176 -65.3611 -67.8073 -72.4824 -67.439
#-67.7109 -69.282 -48.9074 -50.1513 -53.3618 -55.4055 -53.5844 -51.7774 -48.9873 -48.0925 -61.4952 -66.1225
#-62.5238 -46.958 -48.5321 -52.3569 -33.2623 -35.9757 -31.9567 -32.6878 -48.5353 -47.7877 -47.0731 -48.3174
#-50.8282 -49.0192 -50.407 -48.4744 -35.3331 -36.3091 -35.5706 -35.586 -48.1399 -49.3478 -48.1704 -47.8676
#-48.0339 -49.3615 -46.4089 -48.1377 -55.7828 -55.0934 -33.9547 -32.8763 -46.6575 -47.6737 -66.423 -67.4348
#-50.1542 -50.1022 -49.3172 -48.2264 -53.3051 -56.6829 -36.9306 -33.9066 -48.3432 -46.9081 -67.7444 -68.5068
#-45.1348 -45.3271 -44.8311 -43.2062 -33.2074 -30.035 -34.3566 -32.1131 -47.7788 -46.0238 -48.1693 -49.8541
#-67.6945 -67.1703 -66.2707 -66.1588 -52.8648 -53.9217 -53.3477 -52.0453 -62.7336 -64.2978 -63.8872 -65.9718
#-46.4452 -48.3303 -45.87 -46.8762 -51.9618 -54.1775 -31.456 -31.2436 -45.542 -45.597 -64.8495 -66.3502
#-45.5176 -46.8355 -66.2052 -65.5324 -54.4273 -54.0303 -34.9843 -33.7399 -65.0401 -63.6181 -66.3341 -66.3894
#-51.3797 -49.4687 -48.297 -48.5204 -56.9524 -55.066 -36.7561 -36.5314 -48.5551 -48.5565 -66.0632 -67.463
#-69.4793 -70.8957 -67.9288 -66.5328 -37.2279 -37.0664 -55.2561 -54.0791 -67.4197 -67.0581 -50.3556 -50.5411
#-46.599 -46.3136 -45.3524 -43.6277 -31.1099 -35.5942 -32.4503 -30.9563 -46.3862 -45.259 -49.8564 -50.6488
#-51.1147 -48.0736 -48.6972 -47.1177 -37.7274 -35.1926 -39.3314 -35.6571 -48.5059 -46.8414 -50.2316 -49.597
#-68.7208 -69.5503 -68.2567 -66.6458 -38.3055 -39.7963 -55.2288 -54.5398 -67.6286 -64.2677 -50.9066 -51.6233
#-53.7363 -50.8069 -50.842 -50.4618 -37.8742 -37.6533 -39.419 -37.5039 -48.8566 -49.7894 -50.0025 -52.1624
#-50.7406 -50.4821 -48.6699 -48.7868 -33.787 -40.2627 -34.1895 -32.5361 -48.9607 -46.4757 -49.7576 -49.3718
#-51.6254 -48.7815 -55.342 -48.3513 -38.8508 -39.8851 -38.9393 -36.0965 -50.0517 -49.1369 -51.6708 -49.4081
#-47.6491 -44.6512 -48.553 -45.3322 -35.3786 -34.0423 -34.3148 -35.2675 -46.8111 -45.9606 -49.2921 -46.8095
#-49.5323 -50.751 -49.4679 -48.9904 -34.0142 -35.2112 -36.5815 -32.9734 -48.4326 -49.8964 -47.2314 -47.3373
#-48.9873 -47.8582 -49.8555 -47.7443 -51.6633 -56.6754 -35.2625 -34.2915 -48.1677 -46.4532 -66.3648 -65.3815
#-49.0877 -49.0785 -52.0911 -50.604 -57.2041 -59.9973 -39.828 -37.6911 -49.5626 -49.8387 -68.3821 -70.7734
#243.765 -51.7932 -51.2015 -50.9181 -56.6243 -59.1612 -35.5862 -36.9118 -50.9728 -50.0591 -67.9686 -71.0274
#-67.6117 -66.5699 -68.3511 -68.8564 -56.914 -57.7404 -54.6183 -51.582 -69.2034 -68.2558 -67.1923 -68.138

# new SBS-8 ADC time calibration AJRP 10/9/2025, using as baseline/default for recalibrating other GMN kinematics:
##sbs.hcal.adc.timeoffset =
#-63.110313	-63.602676	-64.38781	-65.154936	-49.193542	-52.316182	-53.16323	-50.284024	-63.013591	-64.033242	-67.611715	-62.7652653
#-64.4510754	-65.196389	-44.744204	-46.743181	-51.187867	-52.57327	-50.998984	-49.779778	-46.393947	-45.293861	-62.261484	-62.135841
#-45.920665	-39.589472	-44.940937	-49.764994	-30.798608	-33.836141	-30.051184	-30.497785	-45.874452	-45.075282	-43.140555	-44.303125
#-46.602853	-45.422635	-47.129534	-45.695797	-32.922775	-34.087335	-33.294506	-33.124603	-45.158785	-45.965328	-44.674382	-43.614699
#-44.963784	-45.518196	-43.4991219	-45.711621	-53.9526308	-53.281354	-32.499309	-31.343342	-44.388175	-44.693659	-63.488544	-63.070156
#-44.18824	-46.056504	-46.019779	-45.7571823	-51.126908	-54.559923	-34.975625	-32.2924875	-46.533943	-44.56174	-64.775185	-64.908218
#-40.853741	-41.979681	-41.973847	-41.3156174	-32.3684089	-29.468495	-33.243978	-31.121653	-46.615782	-44.375345	-45.736794	-45.681875
#-64.885907	-64.783438	-64.8427221	-65.027457	-52.273026	-53.504326	-53.005479	-51.597666	-62.195065	-63.221362	-62.341395	-63.514345
#-44.416471	-45.70699	-44.3684729	-45.731716	-51.451951	-53.663003	-31.7215974	-30.937143	-45.119209	-44.771748	-63.82821	-64.818825
#-42.980813	-44.67201	-64.413226	-64.157896	-53.632148	-52.54488	-33.823897	-33.147735	-64.297595	-62.340318	-64.935076	-64.108859
#-46.891382	-45.356317	-44.867023	-45.67354	-54.465234	-53.008571	-34.60257	-34.629404	-46.428096	-45.908551	-62.370052	-63.614881
#-63.795785	-65.88647	-63.737481	-62.980231	-33.979152	-33.85549	-51.795459	-51.24551	-64.258472	-63.490373	-45.679737	-45.353917
#-40.171778	-41.8448964	-42.006423	-41.353295	-28.676055	-33.702155	-28.995081	-28.64228	-43.977332	-42.297374	-46.128459	-46.850217
#-46.432416	-44.589811	-45.553419	-44.653722	-35.27724	-32.941593	-35.693103	-33.213042	-46.130205	-43.71738	-47.150695	-45.703167
#-61.922294	-64.482691	-64.105532	-62.94921	-34.156338	-36.017342	-51.768109	-51.160865	-64.155715	-59.992056	-46.618204	-46.606967
#-47.697991	-45.570341	-46.240382	-45.946107	-33.837869	-33.583714	-35.394342	-33.352462	-44.669642	-45.573306	-45.886621	-47.46139
#-44.999936	-45.469788	-44.086847	-44.555221	-29.591343	-36.179655	-30.334351	-28.498759	-44.895076	-42.315385	-45.611646	-43.575516
#-46.083623	-44.36699	-50.854335	-44.444093	-34.971613	-36.121292	-34.996118	-32.261659	-46.822609	-45.671463	-48.02212	-46.097525
#-44.263941	-42.332034	-46.544097	-43.524702	-33.870992	-32.748626	-32.893293	-33.89482	-45.258897	-44.286251	-46.920042	-46.012139
#-45.716		-47.226194	-46.408837	-46.62971	-32.342433	-33.120197	-34.332753	-30.801477	-46.269809	-47.379689	-44.590025	-45.318427
#-43.714028	-43.322021	-44.569381	-44.437765	-51.6007172	-53.284348	-31.836853	-30.622636	-44.570998	-42.700565	-62.621634	-63.108435
#-43.632946	-44.701667	-47.843049	-46.967973	-53.488287	-55.899778	-35.864661	-33.931391	-45.998658	-46.488558	-64.891874	-66.201594
#-60		-47.443461	-46.964379	-46.839703	-52.309202	-55.118039	-31.681652	-33.041162	-47.326462	-46.354202	-64.42577	-66.667674
#-62.873136	-61.531995	-64.337625	-65.104521	-53.215266	-53.829361	-50.457503	-47.380487	-65.487877	-65.127283	-63.60501	-63.497017

# New HCal ADC time calibration SBS-14 part-1: updated 2025/12/19 (EPAF)
sbs.hcal.adc.timeoffset =
   -66.81744    -66.15201    -67.08975       -69.65    -53.33275    -56.48652    -57.63516    -53.95435    -67.29964     -67.8136    -71.69772    -67.04187
   -67.58796    -67.91724    -48.57474    -51.32359    -55.02314    -56.91731    -55.82064     -54.0418    -51.31311    -49.79459    -67.36345    -66.12005
   -48.88931     -46.1278    -49.33058    -54.23978    -34.82256    -36.73171    -33.46474    -33.99377    -50.74435    -49.25955    -47.85915    -48.35315
    -50.2825    -49.10521    -51.39666    -49.78044    -37.09129    -38.09759    -36.95854    -35.80585    -48.94865    -48.94553    -48.52975    -47.35784
   -48.54703    -48.63329    -46.30948    -49.84428    -57.28496    -56.52027    -36.09899     -35.3344    -48.24811    -48.65427    -67.43828    -66.01964
   -48.07677    -49.48518    -49.26703    -49.36444    -54.58555    -57.97545    -38.31204     -35.8444    -50.32129     -48.2927    -68.67066    -68.86973
   -44.99987    -44.98056     -45.6222     -45.1499    -35.86045    -32.86065    -36.75202    -34.76555    -50.36447    -47.73802    -49.32448    -48.63489
   -67.44463     -67.5848    -68.58481    -68.62293    -55.76799     -56.8181    -56.31144    -55.57011    -66.12513    -67.06516    -65.71141    -68.45846
   -47.64909    -49.28774    -47.88078     -48.7164    -54.78721    -56.82606    -35.17209    -34.36733    -48.61113    -48.04633    -67.16901    -67.88929
   -45.87514    -47.90145    -67.81913    -67.45245     -56.9004     -55.6766    -37.01953    -36.35749    -67.84865    -66.01153    -68.29522    -67.49325
   -49.98854    -48.86847    -48.21409    -48.93778     -57.7062    -56.21124    -37.57444    -37.95344    -49.78527    -49.45883    -66.53918    -66.31771
    -67.2666    -69.62911     -67.3623      -66.089    -37.22182    -36.93543    -55.16669    -54.33607    -67.67114    -67.07087    -49.55051    -49.20187
    -42.6715    -45.89096    -45.44168    -44.85053    -31.99521    -36.96775    -31.99835    -31.58639    -47.17456    -45.76357    -49.70577    -50.57569
   -49.51154    -48.11632    -48.94288    -47.61295    -38.40628     -35.9983    -38.79798    -36.38004    -49.48411    -47.08319    -50.67969    -49.19089
     -65.166    -68.06373    -67.72697    -66.03627    -37.19369    -39.25636    -54.63758     -54.3305    -66.73681    -63.81285    -49.98062    -50.00957
   -51.01568    -49.15709    -49.49402    -49.05178    -36.87287    -36.70181    -38.09145    -36.35662    -48.11153    -48.79311    -49.21877    -50.54618
   -48.53125    -49.08724    -48.14182    -47.53928    -32.70563    -39.03286    -33.38986    -31.43354    -48.13989    -45.45895    -49.09403    -46.45603
   -49.78573    -47.85367     -54.4926    -47.29315    -38.12868    -39.01444    -38.04093    -35.20886     -50.1364    -49.02443    -51.46238    -49.23743
   -48.03708    -46.01513    -49.76911    -46.25233    -37.08232    -35.93753    -35.97104    -36.86769     -48.0985    -47.27738      -49.942    -48.21966
   -49.90786    -49.85644    -48.41745    -49.17652    -35.61745    -36.51723    -37.37245    -34.04677    -49.50347    -50.57339     -47.9977    -48.80337
   -46.81055    -47.19732    -47.98259    -47.73918    -54.40183    -56.03366    -35.05617    -33.54843    -47.48504    -45.92384    -66.03598    -66.23237
   -47.18225    -48.44809    -50.94495    -50.00947    -56.85617    -58.64647    -38.95482    -37.45992    -49.25922    -49.17121    -68.14223    -69.43403
   -63.10259    -50.57235    -50.20542    -49.90197    -54.99023    -58.55117    -34.51643    -35.68838    -50.51775    -48.81842    -67.67444    -69.24848
   -66.77281    -64.25855    -67.46801    -68.48241     -55.6987    -56.72877    -53.24205    -50.14213    -68.25798    -69.28343    -66.68515     -67.0131

sbs.hcal.tdc.offset =
-592.326 -598.35 -586.266 -588.11 -724.104 -695.42 -681.187 -704.96 -596.505 -591.917 -560.825 -600.95
-581.307 -589.931 -593.472 -578.407 -701.195 -686.079 -708.896 -743.831 -575.626 -576.319 -604.11 -603.977
-582.817 -626.801 -597.894 -580.019 -705.817 -697.829 -717.957 -718.741 -574.409 -580.584 -608.113 -600.538
-561.744 -559.592 -559.029 -577.177 -682.54 -683.514 -667.3 -671.001 -564.11 -552.54 -571.811 -582.926
-562.467 -564.926 -569.704 -561.574 -638.397 -667.215 -666.54 -672.015 -558.752 -549.677 -559.448 -557.697
-586.066 -587.986 -581.851 -589.645 -672.869 -650.428 -687.092 -698.424 -572.397 -571.955 -550.847 -548.558
-633.09 -633.834 -639.407 -643.075 -734.691 -739.365 -704.151 -722.296 -578.676 -587.469 -590.824 -595.305
-594.049 -609.25 -609.43 -612.757 -713.295 -720.651 -722.901 -729.921 -613.465 -597.588 -608.727 -608.574
-592.521 -598.838 -606.733 -600.573 -713.505 -708.528 -724.499 -720.637 -588.177 -583.804 -596.717 -584.036
-613.821 -605.384 -604.213 -612.143 -699.957 -701.933 -714.645 -707.21 -589.691 -613.975 -597.867 -581.016
-571.406 -605.686 -592.372 -601.793 -673.902 -694.459 -695.023 -695.595 -590.378 -590.915 -603.888 -605.012
-586.219 -589.013 -597.305 -601.113 -689.672 -693.891 -699.07 -708.624 -586.641 -586.922 -578.435 -581.247
-597.948 -591.066 -587.76 -589.131 -716.713 -692.988 -693.612 -687.857 -556.52 -567.019 -564.449 -559.743
-555.778 -571.501 -557.022 -578.862 -650.375 -677.846 -658.114 -677.546 -566.622 -568.15 -537.825 -555.798
-592.055 -573.968 -570.772 -581.446 -668.11 -659.33 -675.351 -680.419 -569.345 -608.884 -571.412 -560.351
-546.451 -569.446 -547.561 -548.632 -674.797 -682.999 -654.131 -662.838 -563.438 -546.397 -573.805 -568.064
-560.218 -583.676 -575.775 -578.485 -695.971 -660.507 -684.67 -708.448 -570.467 -585.69 -557.78 -592.713
-746.023 -755.666 -713.918 -749.36 -650.398 -653.124 -820.659 -836.284 -719.734 -741.463 -541.716 -554.181
-562.095 -592.816 -548 -578.06 -828.093 -817.851 -664.633 -661.688 -559.823 -558.849 -711.805 -729.821
-562.404 -557.885 -561.447 -561.603 -833.466 -835.612 -659.971 -685.735 -557.82 -542.426 -734.456 -719.736
-580.341 -570.098 -166.269 -565.279 -820.83 -816.381 -677.875 -680.192 -569.451 -568.683 -731.675 -717.977
-591.3 -595.248 -560.276 -565.515 -670.562 -653.328 -643.306 -685.645 -566.147 -574.777 -566.811 -571.36
-577.217 -549.416 -549.136 -557.305 -661.445 -642.942 -673.762 -673.812 -543.615 -554.073 -558.475 -547.12
-724.1 -728.472 -570.833 -583.269 -661.028 -645.855 -823.687 -846.336 -558.397 -570.912 -563.022 -560

-------[ 2022-01-12 16:00:00 ]
#sbs.hcal.adc.timeoffset =
#-77.2602 -76.5582 -76.1441 -77.0591 -61.7918 -65.3436 -64.9688 -62.8916 -75.3273 -76.0389 -80.5926 -76.4736
#-76.6821 -76.9096 -57.2743 -59.0214 -63.5994 -64.534 -62.033 -60.7486 -57.9585 -57.2559 -74.874 -75.0937
#-57.9104 -56.2416 -57.8158 -61.5437 -41.9782 -46.5154 -41.2403 -41.7599 -58.5174 -57.4622 -55.7392 -57.601
#-59.3205 -57.5114 -58.8992 -56.9666 -44.2581 -45.5467 -44.0628 -44.0782 -57.5485 -57.84 -56.6626 -56.3598
#-57.1637 -58.4913 -56.0908 -56.8066 -65.6094 -64.0644 -43.1498 -42.8036 -55.4718 -55.1721 -75.5528 -76.5646
#-59.1994 -59.1474 -57.0257 -56.4968 -62.2428 -65.9581 -46.2015 -43.1858 -57.7188 -56.3451 -76.7896 -77.552
#-54.4051 -54.5974 -53.2011 -51.1657 -42.2255 -39.0851 -44.0172 -41.9014 -57.744 -55.0617 -57.4397 -59.1244
#-77.2137 -75.7034 -75.3035 -75.2239 -62.1487 -63.3506 -63.0685 -61.8372 -72.4869 -73.5562 -73.4064 -75.491
#-56.1643 -58.0493 -55.156 -56.1161 -61.6398 -63.871 -41.4634 -41.0174 -55.5217 -55.3999 -74.5686 -76.0693
#-55.4034 -54.9798 -75.4925 -75.1737 -64.1773 -63.1491 -44.308 -43.7451 -75.2569 -73.6686 -74.0291 -76.2753
#-59.7681 -58.3424 -57.1816 -57.5458 -66.1745 -64.6265 -46.0941 -45.9933 -57.8867 -57.0222 -75.4047 -76.8045
#-77.2331 -77.9769 -75.9737 -74.9066 -46.1239 -46.079 -63.7126 -63.0418 -76.0219 -75.0269 -58.285 -58.8057
#-55.6923 -55.4069 -53.969 -52.8041 -39.9521 -44.8199 -40.6414 -40.2566 -55.5692 -54.0451 -58.1683 -59.7421
#-58.9424 -56.5299 -57.1031 -56.3676 -46.6249 -44.5767 -47.2585 -44.8422 -57.8335 -55.885 -59.9644 -58.732
#-77.4027 -77.5467 -76.0656 -75.061 -46.3678 -48.2233 -63.8513 -63.3768 -76.6875 -74.0093 -59.3069 -61.2691
#-62.4564 -58.2016 -59.3613 -58.6577 -46.3335 -46.2834 -48.3888 -46.4361 -57.7209 -58.5154 -59.352 -59.0875
#-59.7156 -58.828 -57.1154 -57.5803 -42.6789 -49.4311 -43.5314 -41.4329 -57.8761 -55.2561 -58.2476 -56.7057
#-60.4141 -57.5702 -63.2487 -56.5416 -47.6025 -48.6999 -47.6255 -44.4411 -58.9194 -57.7314 -60.3261 -58.251
#-57.8735 -55.7476 -59.1801 -55.4819 -45.8988 -44.6316 -44.4508 -45.2448 -56.5548 -55.7015 -58.9232 -57.0339
#-59.2901 -60.5087 -58.8197 -58.8193 -44.6199 -45.0328 -46.1199 -42.4041 -58.459 -58.9652 -56.9891 -57.0951
#-58.5124 -57.3832 -58.2868 -57.3326 -64.4311 -65.9098 -44.2129 -43.3104 -56.9754 -55.4644 -75.8899 -74.9066
#-58.5042 -58.495 -61.7679 -61.0017 -67.1364 -69.3045 -49.365 -46.7719 -58.9243 -59.5865 -77.9546 -79.4773
#243.765 -60.9661 -67.9391 -59.6386 -65.8509 -68.459 -44.3288 -45.2969 -59.4437 -57.4542 -76.2767 -79.83
#-76.1017 -75.0599 -78.881 -78.1836 -66.2596 -66.4289 -62.562 -58.9655 -76.9667 -76.563 -75.2894 -76.628

# new SBS-8 ADC time calibration AJRP 10/9/2025, using as baseline/default for recalibrating other GMN kinematics:
##sbs.hcal.adc.timeoffset =
#-63.110313	-63.602676	-64.38781	-65.154936	-49.193542	-52.316182	-53.16323	-50.284024	-63.013591	-64.033242	-67.611715	-62.7652653
#-64.4510754	-65.196389	-44.744204	-46.743181	-51.187867	-52.57327	-50.998984	-49.779778	-46.393947	-45.293861	-62.261484	-62.135841
#-45.920665	-39.589472	-44.940937	-49.764994	-30.798608	-33.836141	-30.051184	-30.497785	-45.874452	-45.075282	-43.140555	-44.303125
#-46.602853	-45.422635	-47.129534	-45.695797	-32.922775	-34.087335	-33.294506	-33.124603	-45.158785	-45.965328	-44.674382	-43.614699
#-44.963784	-45.518196	-43.4991219	-45.711621	-53.9526308	-53.281354	-32.499309	-31.343342	-44.388175	-44.693659	-63.488544	-63.070156
#-44.18824	-46.056504	-46.019779	-45.7571823	-51.126908	-54.559923	-34.975625	-32.2924875	-46.533943	-44.56174	-64.775185	-64.908218
#-40.853741	-41.979681	-41.973847	-41.3156174	-32.3684089	-29.468495	-33.243978	-31.121653	-46.615782	-44.375345	-45.736794	-45.681875
#-64.885907	-64.783438	-64.8427221	-65.027457	-52.273026	-53.504326	-53.005479	-51.597666	-62.195065	-63.221362	-62.341395	-63.514345
#-44.416471	-45.70699	-44.3684729	-45.731716	-51.451951	-53.663003	-31.7215974	-30.937143	-45.119209	-44.771748	-63.82821	-64.818825
#-42.980813	-44.67201	-64.413226	-64.157896	-53.632148	-52.54488	-33.823897	-33.147735	-64.297595	-62.340318	-64.935076	-64.108859
#-46.891382	-45.356317	-44.867023	-45.67354	-54.465234	-53.008571	-34.60257	-34.629404	-46.428096	-45.908551	-62.370052	-63.614881
#-63.795785	-65.88647	-63.737481	-62.980231	-33.979152	-33.85549	-51.795459	-51.24551	-64.258472	-63.490373	-45.679737	-45.353917
#-40.171778	-41.8448964	-42.006423	-41.353295	-28.676055	-33.702155	-28.995081	-28.64228	-43.977332	-42.297374	-46.128459	-46.850217
#-46.432416	-44.589811	-45.553419	-44.653722	-35.27724	-32.941593	-35.693103	-33.213042	-46.130205	-43.71738	-47.150695	-45.703167
#-61.922294	-64.482691	-64.105532	-62.94921	-34.156338	-36.017342	-51.768109	-51.160865	-64.155715	-59.992056	-46.618204	-46.606967
#-47.697991	-45.570341	-46.240382	-45.946107	-33.837869	-33.583714	-35.394342	-33.352462	-44.669642	-45.573306	-45.886621	-47.46139
#-44.999936	-45.469788	-44.086847	-44.555221	-29.591343	-36.179655	-30.334351	-28.498759	-44.895076	-42.315385	-45.611646	-43.575516
#-46.083623	-44.36699	-50.854335	-44.444093	-34.971613	-36.121292	-34.996118	-32.261659	-46.822609	-45.671463	-48.02212	-46.097525
#-44.263941	-42.332034	-46.544097	-43.524702	-33.870992	-32.748626	-32.893293	-33.89482	-45.258897	-44.286251	-46.920042	-46.012139
#-45.716		-47.226194	-46.408837	-46.62971	-32.342433	-33.120197	-34.332753	-30.801477	-46.269809	-47.379689	-44.590025	-45.318427
#-43.714028	-43.322021	-44.569381	-44.437765	-51.6007172	-53.284348	-31.836853	-30.622636	-44.570998	-42.700565	-62.621634	-63.108435
#-43.632946	-44.701667	-47.843049	-46.967973	-53.488287	-55.899778	-35.864661	-33.931391	-45.998658	-46.488558	-64.891874	-66.201594
#-60		-47.443461	-46.964379	-46.839703	-52.309202	-55.118039	-31.681652	-33.041162	-47.326462	-46.354202	-64.42577	-66.667674
#-62.873136	-61.531995	-64.337625	-65.104521	-53.215266	-53.829361	-50.457503	-47.380487	-65.487877	-65.127283	-63.60501	-63.497017

# New HCal ADC time calibration SBS-14 part-2: updated 2025/12/19 (EPAF)
sbs.hcal.adc.timeoffset =
   -77.01434    -77.32634    -78.32217    -79.11588    -63.13059    -66.14645    -67.07515    -64.33252    -76.85152     -78.1765    -81.78724    -76.75481
   -78.24747    -78.87967    -58.59223    -60.63644    -65.04602    -66.37817    -64.78352    -63.57184     -60.2461    -59.28155    -76.66311    -75.93499
   -59.81912    -56.63149     -58.6888    -63.43668    -44.51958     -47.5114    -43.73673    -44.15589     -59.7004    -58.94032    -57.19944    -58.28628
   -60.31344    -59.27319    -60.84341     -59.4005    -46.52437    -47.61557     -46.8506    -46.81348    -58.80746    -59.64995    -58.26655    -57.16662
   -58.75045    -59.14421    -57.14563    -59.15371    -67.29238    -66.67252    -45.80616    -44.80806    -58.01922    -58.36644    -77.16306    -76.58416
   -58.63316    -59.61596    -59.30443    -59.02428    -64.32388    -67.67583    -48.02992    -45.54485    -59.83959    -58.03412    -78.38905    -78.61584
   -54.54461     -55.7903    -55.48332    -54.58025    -45.53878    -42.55871    -46.34877    -44.35826    -60.00317    -57.80716    -59.38683    -59.00211
   -78.39032    -78.14713    -78.12944    -78.15001    -65.33746    -66.52534    -65.99529    -64.74499    -75.45788    -76.52294    -75.70225    -76.67891
   -57.57622    -59.04314    -57.63162     -58.7812    -64.45085    -66.62268    -44.71301    -44.07179    -58.38809     -58.0494    -76.92366    -77.57021
   -56.21345    -58.00625      -77.572    -77.23515    -66.58627    -65.45102     -46.7501    -46.13281    -77.51646    -75.61354    -78.06833    -77.19188
   -60.08146    -58.66494    -58.03139    -58.57365    -67.41163    -65.86013    -47.47851    -47.56721    -59.56902    -59.18489    -75.89058    -76.22259
   -76.83856     -79.1348    -76.89204    -75.98351    -46.82586    -46.63318    -64.60807    -64.21247    -77.37028    -76.72355    -59.39808    -58.91758
   -52.89824    -55.18746    -54.99118    -54.39155    -41.45407     -46.4926    -41.77608    -41.56331    -57.00154    -55.50307     -59.1878    -59.87547
   -59.40411    -57.74663    -58.58639    -57.54565    -48.03682     -45.6707    -48.44467    -45.98221    -59.03275    -56.72056    -60.16382    -58.71555
   -75.15703    -77.64119    -77.20615    -75.84299    -46.89117     -48.7636    -64.52888    -63.96277    -77.09951    -73.17412    -59.68343    -59.65692
   -60.70626    -58.79765    -59.29308    -58.87749    -46.56534    -46.29983    -48.10077    -46.11315    -57.60282    -58.66255    -58.95697     -60.3572
   -58.05287    -58.64733    -57.10806    -57.41307    -42.32451    -48.80888    -43.01454     -41.1946    -57.75435    -55.29252    -58.49905    -56.13883
   -59.34518    -57.48657     -63.9557    -57.33039    -47.77984    -48.78231    -47.62834      -44.913    -59.60612    -58.59295    -60.99574    -59.04136
   -57.33195    -55.35784    -59.51882    -56.41423    -46.69129    -45.54478    -45.51945    -46.57125    -58.02378    -57.18323    -59.90463    -57.42049
   -59.33038    -60.20755    -59.41592     -59.6256    -45.21887    -45.91778    -47.07252    -43.57374     -59.0504    -60.27014    -57.50084    -58.40255
   -56.75319    -56.37478    -57.39515    -57.51882    -64.56053    -66.10999    -44.65971    -43.42135    -57.36704    -55.61545     -75.6595    -75.71023
   -56.76157    -57.99229    -60.86281    -59.97086    -66.42859     -68.7794    -48.67849    -46.73489    -58.92847    -59.47132    -77.85338    -78.80412
   -71.05792    -60.26814     -60.0417    -59.76168    -65.35616    -67.96618     -44.6684     -46.0288     -60.2556    -59.37834    -77.41113     -79.3266
   -75.71296    -74.62433    -77.43997    -78.13537    -66.25108    -66.81683     -63.3161    -60.38431    -78.45482    -78.17526      -76.799    -76.71969

-------[ 2022-01-18 19:00:00 ] SBS-14 part-3 (SBS 0%): updated 2025/12/19 (EPAF)
sbs.hcal.adc.timeoffset =
   -77.36431    -76.21792    -77.05976    -77.91865    -62.36776    -66.91924    -68.78362     -63.2335    -75.96489    -77.79507    -81.53049    -76.78168
   -75.79122    -77.80996    -57.89512    -59.83979    -64.16801    -66.51306    -66.08505    -63.30858     -59.6405    -59.00552     -77.0374    -74.97299
    -57.5325    -55.03978    -58.57829    -63.29542    -43.31924    -46.81302    -43.17496    -43.20301    -58.23545    -57.99236    -57.22324    -57.80144
    -58.1996     -57.6798    -60.60209    -59.16062    -45.84607    -47.35536    -46.61257    -46.51792    -58.29536    -58.55181    -57.80194    -57.24254
   -57.67733    -58.24194    -56.16284    -58.65488    -66.72271    -66.16257    -45.83749    -44.71429    -57.71062       -58.17    -77.01034    -75.94099
    -58.0184    -60.32204    -60.20551    -59.25202    -64.19681    -67.67918    -47.90555    -45.65118    -59.97842    -57.61543    -78.00933    -77.98531
   -53.75779    -56.22471    -56.66713    -54.80785    -45.44868    -43.10659    -46.12262    -44.45298    -59.83047    -57.64154    -58.94753    -58.56331
   -77.50172    -77.46662    -78.01274    -77.98688    -65.18587    -66.44111    -66.08446     -64.7199    -75.67888    -76.26209    -75.39456    -76.40614
   -56.88366     -58.5653    -57.60268    -58.81051    -64.35994    -66.48406    -44.99779     -44.0836    -58.17468    -57.64126    -76.84691    -77.56435
   -56.10937    -57.93776    -77.44423    -77.20792    -66.20743    -65.43588    -46.60456    -45.91124    -77.35321    -75.65457    -77.79359    -76.80969
   -60.11666    -58.60041    -58.03541    -58.93385    -67.27774    -65.65044    -47.41495    -47.37307    -59.41617    -59.04648    -76.22825    -76.19322
   -76.38752    -78.86858    -76.79511    -75.98644    -46.63323    -46.54729    -64.57585     -64.1561    -77.37787    -76.68746    -59.04701    -58.82344
   -53.70473    -55.58381    -55.03681    -54.02887     -41.2286    -46.54628    -41.64322    -41.39094    -56.90188     -55.2065    -58.81316    -59.58961
    -58.9958    -57.27105    -58.48576     -57.3853    -48.01352    -45.65161    -48.26893    -45.76878    -58.94445    -56.91608    -60.30125      -58.532
   -75.11669    -77.58174    -77.03081     -75.6967     -46.7959    -48.62314    -64.48209    -64.00138    -76.92921    -74.00771    -59.71627    -59.52938
   -60.79923    -58.40621     -59.1394    -58.59795    -46.52698    -46.28588    -48.03603    -45.97755    -57.55546    -58.78846    -59.05263    -60.36861
   -58.09253    -58.51799    -56.94841    -57.40837    -42.33433    -48.71541    -42.95347    -40.96248    -57.80023    -55.16574    -58.37341    -55.39562
   -58.48387    -57.21801    -63.54095    -56.95616    -47.61845    -48.65151    -47.43545    -45.08767    -59.71281    -58.58233    -61.15131    -59.04894
   -57.45596     -55.1763    -59.40694    -56.16608    -46.50122    -45.35418    -45.46391    -46.55417    -58.10262    -57.03557    -59.67957    -57.04752
   -58.99874    -60.07934    -59.42936    -59.47158    -45.05728    -45.78676    -46.98008     -43.5278      -59.079    -60.23888    -57.66818    -58.42227
   -56.70078    -56.10431    -57.33404    -57.32877    -64.43386    -65.76879    -44.36459    -43.25056    -57.31189     -55.4471    -75.86363    -75.60411
   -56.39269     -57.5617    -60.61346    -59.64725    -66.23592    -68.56641    -48.40679    -46.37138    -58.84051    -59.52228    -77.99514    -78.63525
   -73.03423     -59.9915     -59.7331    -59.50699    -65.12561    -67.76094    -44.33511    -45.59427    -60.04489    -59.12549    -77.24346    -79.36055
   -74.75703    -73.93227    -77.12736     -77.7981    -65.86325    -66.76931     -63.2035    -60.15272    -78.35863    -78.01417    -76.69245    -76.18551

-------[ 2022-01-18 23:20:00 ] SBS-14 part-2' (SBS 70%): updated 2025/12/19 (EPAF)
sbs.hcal.adc.timeoffset =
   -77.01434    -77.32634    -78.32217    -79.11588    -63.13059    -66.14645    -67.07515    -64.33252    -76.85152     -78.1765    -81.78724    -76.75481
   -78.24747    -78.87967    -58.59223    -60.63644    -65.04602    -66.37817    -64.78352    -63.57184     -60.2461    -59.28155    -76.66311    -75.93499
   -59.81912    -56.63149     -58.6888    -63.43668    -44.51958     -47.5114    -43.73673    -44.15589     -59.7004    -58.94032    -57.19944    -58.28628
   -60.31344    -59.27319    -60.84341     -59.4005    -46.52437    -47.61557     -46.8506    -46.81348    -58.80746    -59.64995    -58.26655    -57.16662
   -58.75045    -59.14421    -57.14563    -59.15371    -67.29238    -66.67252    -45.80616    -44.80806    -58.01922    -58.36644    -77.16306    -76.58416
   -58.63316    -59.61596    -59.30443    -59.02428    -64.32388    -67.67583    -48.02992    -45.54485    -59.83959    -58.03412    -78.38905    -78.61584
   -54.54461     -55.7903    -55.48332    -54.58025    -45.53878    -42.55871    -46.34877    -44.35826    -60.00317    -57.80716    -59.38683    -59.00211
   -78.39032    -78.14713    -78.12944    -78.15001    -65.33746    -66.52534    -65.99529    -64.74499    -75.45788    -76.52294    -75.70225    -76.67891
   -57.57622    -59.04314    -57.63162     -58.7812    -64.45085    -66.62268    -44.71301    -44.07179    -58.38809     -58.0494    -76.92366    -77.57021
   -56.21345    -58.00625      -77.572    -77.23515    -66.58627    -65.45102     -46.7501    -46.13281    -77.51646    -75.61354    -78.06833    -77.19188
   -60.08146    -58.66494    -58.03139    -58.57365    -67.41163    -65.86013    -47.47851    -47.56721    -59.56902    -59.18489    -75.89058    -76.22259
   -76.83856     -79.1348    -76.89204    -75.98351    -46.82586    -46.63318    -64.60807    -64.21247    -77.37028    -76.72355    -59.39808    -58.91758
   -52.89824    -55.18746    -54.99118    -54.39155    -41.45407     -46.4926    -41.77608    -41.56331    -57.00154    -55.50307     -59.1878    -59.87547
   -59.40411    -57.74663    -58.58639    -57.54565    -48.03682     -45.6707    -48.44467    -45.98221    -59.03275    -56.72056    -60.16382    -58.71555
   -75.15703    -77.64119    -77.20615    -75.84299    -46.89117     -48.7636    -64.52888    -63.96277    -77.09951    -73.17412    -59.68343    -59.65692
   -60.70626    -58.79765    -59.29308    -58.87749    -46.56534    -46.29983    -48.10077    -46.11315    -57.60282    -58.66255    -58.95697     -60.3572
   -58.05287    -58.64733    -57.10806    -57.41307    -42.32451    -48.80888    -43.01454     -41.1946    -57.75435    -55.29252    -58.49905    -56.13883
   -59.34518    -57.48657     -63.9557    -57.33039    -47.77984    -48.78231    -47.62834      -44.913    -59.60612    -58.59295    -60.99574    -59.04136
   -57.33195    -55.35784    -59.51882    -56.41423    -46.69129    -45.54478    -45.51945    -46.57125    -58.02378    -57.18323    -59.90463    -57.42049
   -59.33038    -60.20755    -59.41592     -59.6256    -45.21887    -45.91778    -47.07252    -43.57374     -59.0504    -60.27014    -57.50084    -58.40255
   -56.75319    -56.37478    -57.39515    -57.51882    -64.56053    -66.10999    -44.65971    -43.42135    -57.36704    -55.61545     -75.6595    -75.71023
   -56.76157    -57.99229    -60.86281    -59.97086    -66.42859     -68.7794    -48.67849    -46.73489    -58.92847    -59.47132    -77.85338    -78.80412
   -71.05792    -60.26814     -60.0417    -59.76168    -65.35616    -67.96618     -44.6684     -46.0288     -60.2556    -59.37834    -77.41113     -79.3266
   -75.71296    -74.62433    -77.43997    -78.13537    -66.25108    -66.81683     -63.3161    -60.38431    -78.45482    -78.17526      -76.799    -76.71969


#####################################
## Starting SBS-8 kinematics for GMN:

--------[ 2022-01-20 07:30:00 ]
## Minimum energy for a cluster center: we use the same threshold for SBS-8/9 since they have pretty much the same nucleon energy:
#sbs.hcal.emin_clSeed = 0.016
sbs.hcal.emin_clSeed = 0.0025
sbs.hcal.emin = 0.001
sbs.hcal.emin_clTotal = 0.005
sbs.hcal.tdc.tw = 0.46 0.50
sbs.hcal.tmax = 12.0

#sbs.hcal.adc.timeoffset =
#-67.907 -66.3337 -67.9856 -67.682 -52.4109 -55.5936 -55.9848 -52.4832 -64.7587 -66.823 -70.0358 -63.6871
#-64.9132 -68.8163 -47.4235 -48.4878 -52.8065 -56.3313 -53.9339 -51.986 -49.4063 -47.6163 -60.269 -68.0389
#-55.6417 -32.8353 -46.4744 -50.6051 -32.9143 -35.865 -32.4727 -33.1092 -48.8576 -47.7627 -46.5516 -46.4402
#-49.1698 -46.9624 -48.7998 -46.9315 -34.2262 -35.66 -35.1825 -35.3365 -47.7775 -48.3791 -46.9442 -46.5131
#-46.4487 -48.2406 -44.1989 -46.7774 -54.8218 -54.6554 -33.57 -32.6601 -46.4476 -46.9342 -65.131 -66.0177
#-46.9372 -47.4341 -47.0545 -46.3558 -52.2781 -55.8398 -36.0854 -33.0785 -47.795 -46.2029 -66.7855 -66.8653
#-44.4478 -43.2333 -43.3565 -42.1317 -32.8838 -30.5625 -34.8261 -32.3666 -47.9982 -46.0739 -47.6323 -48.661
#-66.2795 -66.8113 -65.7728 -66.6006 -53.5068 -55.095 -54.4927 -53.2122 -63.7064 -65.2625 -64.3675 -65.6937
#-46.2062 -48.423 -45.2146 -47.1203 -52.5732 -55.2202 -32.6836 -32.8504 -46.6897 -46.7306 -65.7439 -66.7123
#-45.3392 -46.5337 -66.1896 -65.7542 -54.8487 -53.8663 -35.3483 -34.9166 -66.0303 -64.4713 -66.8005 -66.4795
#-49.8012 -47.5013 -46.5267 -47.2455 -55.957 -54.576 -36.2098 -36.1363 -48.2153 -47.9949 -65.1324 -65.5707
#-66.8106 -68.006 -65.6626 -64.9804 -35.8838 -35.8654 -53.7237 -53.2419 -66.4363 -65.6754 -48.5179 -48.1824
#-45.1055 -42.7372 -43.8472 -43.1657 -31.4101 -35.6404 -31.6714 -31.0846 -46.3443 -44.9939 -48.914 -48.9239
#-50.0795 -46.3409 -48.0669 -46.9578 -38.0991 -35.5534 -38.2242 -35.7851 -48.4664 -46.706 -49.4341 -48.9985
#-67.2112 -65.7004 -65.9751 -65.3591 -36.7308 -38.5392 -54.3265 -53.5511 -66.6808 -63.2596 -49.6211 -49.6844
#-51.1675 -47.4718 -48.4049 -48.6578 -35.9431 -36.1537 -37.7661 -35.9332 -47.1721 -48.0405 -48.4018 -50.73
#-49.9073 -47.8926 -46.4871 -47.0323 -32.29 -38.6424 -32.729 -31.2024 -47.3703 -45.0404 -48.4155 -47.8767
#-49.6474 -46.6781 -54.0996 -46.8934 -37.8543 -38.9167 -37.7683 -35.0814 -49.5037 -48.907 -51.3812 -49.0415
#-50.5326 -45.1942 -50.0494 -46.791 -36.8935 -35.7754 -36.278 -37.283 -48.8981 -48.069 -51.1963 -48.1048
#-51.1496 -51.5377 -49.7273 -49.7828 -35.3797 -37.222 -38.1966 -34.4388 -49.864 -51.3271 -48.4275 -48.6909
#-49.9996 -46.6361 -49.2167 -46.4706 -52.0516 -60.4093 -35.6385 -34.4363 -48.2182 -46.6865 -66.7967 -65.9147
#-51.2093 -47.6285 -51.3971 -49.9424 -57.0958 -59.8538 -39.4118 -37.565 -49.7855 -50.4912 -69.4938 -71.7265
#253.499 -51.8175 -50.2982 -50.046 -55.8936 -58.3865 -35.4449 -37.0529 -51.3599 -50.793 -68.7457 -71.865
#-68.4574 -65.472 -67.0509 -68.1989 -56.5122 -57.5297 -54.8892 -52.0298 -69.7489 -69.1629 -68.5569 -69.252

# new SBS-8 ADC time calibration AJRP 10/9/2025
#sbs.hcal.adc.timeoffset =
#-63.110313	-63.602676	-64.38781	-65.154936	-49.193542	-52.316182	-53.16323	-50.284024	-63.013591	-64.033242	-67.611715	-62.7652653
#-64.4510754	-65.196389	-44.744204	-46.743181	-51.187867	-52.57327	-50.998984	-49.779778	-46.393947	-45.293861	-62.261484	-62.135841
#-45.920665	-39.589472	-44.940937	-49.764994	-30.798608	-33.836141	-30.051184	-30.497785	-45.874452	-45.075282	-43.140555	-44.303125
#-46.602853	-45.422635	-47.129534	-45.695797	-32.922775	-34.087335	-33.294506	-33.124603	-45.158785	-45.965328	-44.674382	-43.614699
#-44.963784	-45.518196	-43.4991219	-45.711621	-53.9526308	-53.281354	-32.499309	-31.343342	-44.388175	-44.693659	-63.488544	-63.070156
#-44.18824	-46.056504	-46.019779	-45.7571823	-51.126908	-54.559923	-34.975625	-32.2924875	-46.533943	-44.56174	-64.775185	-64.908218
#-40.853741	-41.979681	-41.973847	-41.3156174	-32.3684089	-29.468495	-33.243978	-31.121653	-46.615782	-44.375345	-45.736794	-45.681875
#-64.885907	-64.783438	-64.8427221	-65.027457	-52.273026	-53.504326	-53.005479	-51.597666	-62.195065	-63.221362	-62.341395	-63.514345
#-44.416471	-45.70699	-44.3684729	-45.731716	-51.451951	-53.663003	-31.7215974	-30.937143	-45.119209	-44.771748	-63.82821	-64.818825
#-42.980813	-44.67201	-64.413226	-64.157896	-53.632148	-52.54488	-33.823897	-33.147735	-64.297595	-62.340318	-64.935076	-64.108859
#-46.891382	-45.356317	-44.867023	-45.67354	-54.465234	-53.008571	-34.60257	-34.629404	-46.428096	-45.908551	-62.370052	-63.614881
#-63.795785	-65.88647	-63.737481	-62.980231	-33.979152	-33.85549	-51.795459	-51.24551	-64.258472	-63.490373	-45.679737	-45.353917
#-40.171778	-41.8448964	-42.006423	-41.353295	-28.676055	-33.702155	-28.995081	-28.64228	-43.977332	-42.297374	-46.128459	-46.850217
#-46.432416	-44.589811	-45.553419	-44.653722	-35.27724	-32.941593	-35.693103	-33.213042	-46.130205	-43.71738	-47.150695	-45.703167
#-61.922294	-64.482691	-64.105532	-62.94921	-34.156338	-36.017342	-51.768109	-51.160865	-64.155715	-59.992056	-46.618204	-46.606967
#-47.697991	-45.570341	-46.240382	-45.946107	-33.837869	-33.583714	-35.394342	-33.352462	-44.669642	-45.573306	-45.886621	-47.46139
#-44.999936	-45.469788	-44.086847	-44.555221	-29.591343	-36.179655	-30.334351	-28.498759	-44.895076	-42.315385	-45.611646	-43.575516
#-46.083623	-44.36699	-50.854335	-44.444093	-34.971613	-36.121292	-34.996118	-32.261659	-46.822609	-45.671463	-48.02212	-46.097525
#-44.263941	-42.332034	-46.544097	-43.524702	-33.870992	-32.748626	-32.893293	-33.89482	-45.258897	-44.286251	-46.920042	-46.012139
#-45.716		-47.226194	-46.408837	-46.62971	-32.342433	-33.120197	-34.332753	-30.801477	-46.269809	-47.379689	-44.590025	-45.318427
#-43.714028	-43.322021	-44.569381	-44.437765	-51.6007172	-53.284348	-31.836853	-30.622636	-44.570998	-42.700565	-62.621634	-63.108435
#-43.632946	-44.701667	-47.843049	-46.967973	-53.488287	-55.899778	-35.864661	-33.931391	-45.998658	-46.488558	-64.891874	-66.201594
#-60		-47.443461	-46.964379	-46.839703	-52.309202	-55.118039	-31.681652	-33.041162	-47.326462	-46.354202	-64.42577	-66.667674
#-62.873136	-61.531995	-64.337625	-65.104521	-53.215266	-53.829361	-50.457503	-47.380487	-65.487877	-65.127283	-63.60501	-63.497017

# new SBS-8 ADC time calibration AJRP 12/27/2025:

sbs.hcal.adc.timeoffset =
   -62.87657    -63.44574    -64.53226    -65.26323    -49.27995    -52.30499    -53.16905    -50.23303    -62.90481     -64.3113    -67.62997    -62.88194
   -64.52268     -65.3843    -44.94675    -46.82614    -51.21576    -52.67446     -51.0761     -49.7826     -46.4481    -45.31822    -62.36497    -61.68546
   -46.65567    -42.69598    -44.99697    -49.80747    -30.82403    -33.86138    -30.05601    -30.48213    -45.82878     -45.0835    -43.58381    -44.47185
   -46.96371    -45.58557    -47.15926    -45.76059    -32.95055    -34.11513    -33.33712    -33.10244    -45.22717    -45.99312    -44.56409    -43.44493
   -45.39423    -45.65915    -43.56889    -45.75636    -53.96678    -53.26848    -32.49787    -31.36814    -44.40514    -44.75298    -63.55033    -63.10604
   -45.03853     -46.1633    -46.09226    -45.83726    -51.14528    -54.52726     -34.9111    -32.29948    -46.49017    -44.67335    -64.86843    -65.19257
   -41.14213    -42.10667    -41.99447    -41.41266    -32.38446    -29.45727    -33.28333     -31.0895    -46.64783    -44.39448    -45.94542    -46.27529
   -65.01671    -64.84902    -64.90665    -65.09819    -52.34341    -53.50273    -52.94929     -51.5989    -62.22278    -63.17866    -62.18847    -63.71377
   -44.28746    -45.70939    -44.42693    -45.78209    -51.45036    -53.61986    -31.71889    -30.89609    -45.10208    -44.64989    -63.64753     -64.7724
   -43.26079    -44.75464    -64.42806    -64.18964    -53.68145    -52.54942     -33.7676      -33.152    -64.37082    -62.28016    -64.44795     -63.6983
   -46.85809    -45.49404    -44.90936    -45.69599     -54.4542    -52.99606    -34.60713    -34.61886     -46.4454    -45.97276    -62.83435    -63.29945
   -63.87266    -65.96632    -63.82347    -63.02085    -34.02163    -33.86114    -51.76794    -51.24028    -64.26362    -63.46912    -46.17676    -45.86716
   -40.33614    -42.02928    -42.00611    -41.37631    -28.70773    -33.69993    -28.99303    -28.70602    -43.98779    -42.44489    -46.19334    -47.00238
   -46.45505     -44.7205    -45.61987    -44.73138    -35.29599    -33.02943    -35.74051     -33.2374    -46.16694    -43.70129    -47.08964    -45.65279
   -62.48237    -64.62744    -64.21553    -62.96851    -34.22477    -36.10635    -51.78566    -51.19563    -64.20705    -60.12092    -46.88927    -46.86944
   -47.46503    -45.63944    -46.27779    -45.99392    -33.91796    -33.66639    -35.44427    -33.39105    -44.73793     -45.6206    -45.96903    -47.49157
   -45.08577    -45.54837     -44.1589    -44.60345    -29.65435    -36.19518    -30.39191    -28.55696    -44.96617    -42.36832    -45.47537    -43.59296
   -46.23193    -44.45067    -50.88735    -44.46225    -34.97014    -36.12141    -35.00746    -32.26434    -46.88825    -45.71912    -48.12365    -46.57777
   -44.20078    -42.46453    -46.64982    -43.59773    -33.93694    -32.81616     -32.9445    -33.93951    -45.33265    -44.34377    -46.80009    -44.66887
   -46.29916    -47.25022    -46.47489    -46.64415     -32.3846    -33.21342    -34.39376    -30.81346    -46.24574      -47.329    -44.63248    -45.71311
   -43.38607    -43.43182    -44.67928    -44.50678    -51.71924    -53.37122    -31.91766    -30.64419    -44.55665    -42.69685    -62.53802    -63.22753
   -43.82333    -44.78084    -47.93528     -47.0493    -53.57275    -55.97928    -35.92158    -34.01501    -46.03548    -46.55383    -64.87953    -66.21226
   -44.1        -47.40646    -47.01108     -46.8749    -52.41577    -55.19772    -31.74475    -33.12274    -47.37593    -46.44618    -64.49176    -66.21358
   -62.86652    -61.50101    -64.39271    -65.16446    -53.22828    -53.88949    -50.54408     -47.4738     -65.5425    -65.15433    -63.68321    -63.95072



sbs.hcal.tdc.offset =
-680.559 -685.549 -672.991 -676.819 -804.193 -783.85 -768.687 -789.835 -683.179 -675.139 -643.157 -672.567
-667.66 -674.615 -679.78 -663.007 -787.087 -773.052 -795.441 -813.484 -662.952 -662.56 -689.464 -676.982
-669.138 -709.683 -685.63 -669.724 -796.427 -786.508 -808.938 -806.941 -660.028 -666.218 -693.627 -670.212
-644.238 -650.724 -651.399 -666.921 -772.289 -772.526 -755.889 -756.141 -648.326 -638.374 -654.965 -654.045
-645.299 -652.497 -660.356 -654.18 -730.499 -755.069 -757.847 -763.128 -646.116 -637.082 -642.269 -635.48
-669.732 -674.724 -671.167 -677.537 -762.848 -739.412 -777.123 -786.991 -661.373 -660.65 -635.505 -619.31
-714.656 -724.585 -727.901 -724.567 -817.23 -811.086 -788.55 -808.177 -667.501 -673.817 -675.918 -667.641
-676.598 -694.165 -693.419 -693.921 -789.377 -792.548 -796.64 -807.145 -699.897 -685.086 -694.39 -675.565
-677.611 -685.062 -691.089 -673.832 -788.749 -784.531 -800.557 -802.092 -676.637 -671.878 -684.951 -658.199
-699.722 -693.62 -692.504 -696.307 -779.137 -782.541 -792.44 -790.529 -677.444 -700.867 -684.291 -656.853
-654.627 -691.497 -681.452 -688.952 -760.834 -781.804 -780.383 -781.855 -680.413 -678.042 -692.555 -680.644
-667.532 -673.942 -683.208 -688.203 -777.897 -782.862 -787.207 -796.747 -673.706 -674.948 -664.775 -651.781
-683.613 -671.971 -669.043 -672.327 -798.599 -775.032 -779.072 -772.894 -643.926 -655.184 -647.495 -632.837
-636.513 -655.745 -640.683 -661.574 -730.91 -761.028 -742.554 -762.268 -654.696 -656.993 -622.557 -626.465
-675.543 -658.879 -656.666 -667.508 -755.641 -746.91 -762.637 -769.033 -657.319 -698.7 -655.748 -633.952
-633.428 -658.423 -637.977 -637.302 -765.483 -773.526 -746.85 -756.821 -654.622 -638.903 -660.902 -636.268
-647.797 -673.047 -666.972 -669.335 -789.669 -755.711 -779.951 -801.307 -661.311 -676.263 -645.043 -669.694
-830.12 -843.492 -801.764 -836.214 -738.716 -743.152 -911.759 -925.882 -808.693 -830.86 -628.893 -626.289
-642.667 -671.225 -632.969 -662.483 -912.542 -903.646 -750.336 -748.998 -647.981 -649.551 -800.165 -805.547
-645.001 -643.456 -648.246 -646.754 -918.608 -921.846 -747.596 -774.021 -646.891 -632.584 -821.447 -792.96
-659.447 -657.483 -662.98 -652.856 -908.82 -906.133 -767.77 -771.931 -660.561 -659.931 -821.016 -791.527
-679.324 -685.37 -649.768 -655.623 -762.959 -747.061 -736.959 -778.925 -658.252 -664.131 -656.33 -643.315
-666.026 -638.544 -640.756 -651.285 -755.759 -738.799 -767.813 -763.901 -634.988 -646.597 -646.046 -619.155
-804.523 -810.503 -662.442 -674.583 -754.228 -737.946 -917.154 -936.05 -648.665 -660.958 -650.416 -630.489

#####################################
## Starting SBS-9 kinematics for GMN:

--------[ 2022-02-01 17:42:00 ]

sbs.hcal.emin_clTotal = 0.005
sbs.hcal.emin = 0.001
sbs.hcal.emin_clSeed = 0.0025

sbs.hcal.tdc.tw = 0.55 0.50
sbs.hcal.tmax = 12.0

#sbs.hcal.adc.timeoffset =
#-69.0483 -78.1737 -69.1026 -67.9794 -52.1825 -55.8397 -56.6511 -53.6463 -67.3054 -68.7863 -53.6202 4.29729
#-68.0464 -69.9283 -48.3148 -49.9807 -54.1918 -55.8309 -54.1777 -52.1129 -49.729 -48.8004 -2.49732 -46.6678
#-63.0244 -46.6403 -47.7912 -53.137 -33.6724 -36.4612 -32.3766 -33.371 -48.889 -48.8431 -46.9703 -49.7745
#-50.1971 -48.4268 -50.2472 -48.406 -36.1755 -37.1905 -36.1984 -35.9531 -48.2871 -49.2864 -48.0428 -50.4289
#-48.1343 -48.0742 -46.0466 -48.1917 -56.6049 -56.1599 -35.403 -34.1404 -47.2508 -47.9551 -66.7016 -17.0698
#-48.3572 -48.6616 -48.0664 -47.878 -52.9234 -56.5728 -37.1226 -34.7745 -49.3186 -47.5535 -67.8692 -13.5578
#-43.6427 -44.5239 -44.472 -43.1475 -34.0463 -30.7484 -35.0452 -33.209 -49.0891 -47.0854 -48.4699 -16.2237
#-68.709 -67.9833 -67.6134 -67.4617 -54.4888 -55.5227 -55.0403 -53.7467 -64.7301 -66.0791 -64.9479 -9.25008
#-48.7376 -49.3928 -47.5538 -48.776 -54.2632 -56.2768 -33.9883 -33.3836 -48.0304 -48.0359 -66.8748 -67.8948
#-47.7886 -48.8689 -68.418 -68.1759 -57.429 -56.1737 -37.2348 -36.5586 -67.6994 -66.3811 -68.8936 -61.8627
#-51.7161 -49.6394 -48.7153 -49.5872 -58.3199 -56.7327 -38.272 -38.2572 -50.2151 -49.6349 -66.7012 -68.3616
#-68.1579 -69.8689 -67.7042 -66.6273 -37.4474 -37.2273 -55.1165 -54.6083 -67.7377 -67.3819 -49.9639 -48.7165
#-44.2553 -45.9286 -45.6369 -44.7558 -31.9715 -36.847 -32.4629 -32.1913 -47.7385 -46.0085 -50.3516 -52.4529
#-51.2916 -48.8609 -49.7018 -48.7785 -39.2535 -36.8351 -39.6355 -37.2365 -50.2256 -48.1507 -52.0326 -51.4366
#-67.0367 -69.1747 -68.5788 -67.3659 -38.6506 -40.5571 -56.4547 -55.8181 -68.7269 -65.4083 -51.2383 -47.7893
#-52.5135 -50.4583 -50.9989 -50.6322 -38.6541 -38.3057 -40.2122 -37.9781 -49.0786 -49.8933 -50.5958 -53.7366
#-49.7023 -49.9838 -48.6013 -48.986 -33.8973 -40.5094 -34.2558 -32.0796 -48.7576 -46.1344 -49.2718 -55.9333
#-51.2364 -48.5802 -55.0782 -48.2658 -38.8193 -39.4865 -38.1136 -35.4053 -50.154 -49.3136 -51.2047 -39.3842
#-49.0808 -46.6879 -50.7702 -47.4121 -37.3488 -35.7516 -35.9736 -37.102 -48.7344 -48.0666 -51.1652 -48.2389
#-51.5953 -51.7598 -50.9765 -50.8913 -36.4565 -36.9101 -38.1663 -34.5848 -50.3964 -51.8684 -50.0467 -78.1636
#-49.442 -48.3038 -49.4465 -49.0781 -56.2301 -57.8787 -36.207 -35.0853 -49.1558 -47.4155 -68.0902 -60.217
#-49.8051 -50.462 -52.9785 -52.0942 -58.3907 -60.7771 -40.5182 -38.2604 -50.461 -51.1607 -69.6684 -60.0809
#250.951 -52.8214 -52.0301 -51.7523 -56.9431 -59.4439 -35.3383 -36.5447 -50.9399 -50.0793 -67.4507 -67.9866
#-47.0872 -67.1394 -69.2043 -69.6563 -57.0928 -57.5765 -53.5968 -50.3574 -68.6848 -68.1975 -67.258 4.13524

# NEW SBS-9 HCAL ADC time calibration, 10/9/2025:
#sbs.hcal.adc.timeoffset =
#-67.814441	-67.27177	-66.592398	-67.2947111	-51.6945986	-54.534402	-55.635978	-52.7770765	-65.451694	-66.686782	-52.714867	5.202623
#-67.028902	-67.512261	-47.123267	-49.1419865	-51.658947	-53.520019	-54.0707809	-52.9907669	-49.4486885	-48.1906644	-1.591987	-45.762467
#-61.790541	-45.325708	-47.5306121	-51.864713	-33.4906781	-36.7685237	-32.2141084	-31.683151	-49.0374135	-48.1498088	-46.4323279	-47.968126
#-48.559968	-48.1020171	-49.7281385	-48.5958833	-35.9112521	-36.9692779	-36.1828121	-36.2394203	-48.397186	-49.19436244	-47.0524777	-46.519908
#-47.348574	-48.12335757	-45.2460961	-48.5396495	-56.7886365	-56.1905385	-35.32906588	-34.21226253	-46.3026361	-47.4931909	-66.0313206	-15.484463
#-47.8417029	-49.008847	-48.8764044	-48.6885795	-54.032418	-57.4604481	-37.832075	-35.124214	-49.41258754	-47.53602839	-67.6653158	-11.972463
#-44.623214	-45.4588648	-44.976528	-44.310805	-35.30086	-32.369382	-36.185235	-34.0718217	-49.5989662	-47.3204393	-48.7392555	-17.849925
#-67.9230584	-67.7981213	-67.9521869	-68.026238	-55.2413806	-56.4921857	-55.9036066	-54.5594923	-64.4595856	-66.3086497	-65.2744966	-7.666161
#-47.377685	-48.501863	-47.3612511	-48.73364239	-54.4874175	-56.6609771	-34.5582926	-33.8768574	-48.4152841	-47.8404767	-66.7524863	-67.6025259
#-46.468784	-47.9219373	-67.5645606	-67.2256806	-56.700606	-55.5234968	-36.7954162	-36.321205	-67.6893334	-65.9292619	-68.2173815	-67.11836
#-49.649144	-48.487295	-47.9711722	-48.7082064	-57.5353557	-55.9676601	-37.6180532	-37.612612	-49.5005931	-49.0281244	-66.2840044	-66.711237
#-66.826524	-69.0156795	-66.9491476	-65.9856683	-36.9571105	-36.8124307	-54.7495764	-54.3985777	-67.5198503	-66.7133126	-49.2106452	-48.8185948
#-43.3139828	-45.2742153	-44.9144392	-44.1968121	-31.5213873	-36.5417234	-31.9327787	-31.6053461	-46.942039	-45.4582796	-48.81837	-49.411353
#-49.82721	-47.743089	-48.644872	-47.604658	-38.197299	-35.8655545	-38.630129	-36.128668	-49.6471862	-46.605691	-50.049619	-48.662554
#-65.022915	-67.478666	-67.174285	-65.929156	-37.171371	-38.969248	-54.702126	-54.086556	-67.060146	-63.539094	-49.64343	-49.419521
#-50.505503	-48.757071	-49.244339	-49.042663	-36.799883	-36.552974	-38.311986	-36.288899	-47.705843	-48.711094	-49.013151	-51.004535
#-48.252416	-48.529458	-47.115077	-47.497161	-32.57869	-39.179315	-33.2801032	-31.3312192	-47.676395	-45.1651665	-48.4445573	-48.001243
#-49.028297	-47.094519	-53.627489	-47.19442	-38.0177652	-39.1016364	-38.05643704	-35.2785606	-49.6508679	-48.6247357	-50.8661066	-44.839634
#-46.714508	-45.174871	-49.195174	-46.375272	-36.893713	-35.73703972	-35.8468113	-36.8672391	-48.0424289	-47.1134423	-49.828917	-47.3949016
#-48.926744	-49.799422	-49.221755	-49.682933	-35.307676	-36.1169975	-37.3577161	-33.6199206	-49.051404	-50.278131	-47.650414	-75.342698
#-46.310507	-46.127066	-47.161126	-47.504744	-54.640214	-56.098678	-34.876509	-33.48683	-47.263234	-45.467298	-65.364253	-64.51573
#-46.408429	-47.897065	-50.729058	-49.867852	-56.403054	-58.747914	-38.662703	-36.507225	-48.574179	-48.980812	-67.480241	-66.829293
#-45.0		-50.000522	-49.693272	-49.650805	-55.28477	-57.933603	-34.650876	-35.7511004	-49.771448	-48.688864	-66.6340486	-68.6586891
#-44.538272	-64.313329	-67.221293	-67.86397	-56.073938	-56.6087649	-53.3596086	-50.29315228	-68.028459	-67.4853314	-65.782177	-66.0

# new SBS-9 ADC time calibration AJRP 1/8/2026 (with elastic cuts, LH2 and LD2 combined):
# NOTE: the offsets below have been manually tweaked for otherwise uncalibrated SBS-9 channels near the edges of the acceptance, by adding to SBS-8 the average time shift occurring between SBS-8 and 9 HCAL calibrations. We should have also now found the good timing peak for "problem" channel 265
sbs.hcal.adc.timeoffset =
-65.71691288	-66.28608288	-67.37260288	-68.10357288	-52.12029288	-55.14533288	-56.00939288	-53.07337288	-65.74515288	-67.15164288	-70.47031288	-65.72228288
-67.36302288	-68.22464288	-48.23869	-49.87718	-54.13527	-55.55195	-54.59254	-52.62294288	-49.28844288	-48.15856288	-65.20531288	-64.52580288
-49.49601288	-45.53632288	-48.01688	-52.77505	-33.66509	-36.62144	-32.99741	-33.91272	-48.58955	-47.92384288	-43.58381	-44.47185
-49.80405288	-48.85148	-50.1087	-48.63938	-35.81969	-36.94017	-36.19207	-36.03281	-47.92777	-48.09832	-47.40443288	-46.28527288
-48.23457288	-48.68429	-46.55082	-48.60377	-56.8281	-56.13097	-35.20603	-34.05068	-47.07705	-47.5236	-66.39067288	-65.94638288
-47.87887288	-49.15387	-48.98482	-48.71473	-53.99934	-57.42861	-37.73206	-35.05029	-49.35131	-47.58153	-67.70877288	-68.03291288
-43.73493	-45.11593	-45.04021	-44.20758	-35.21578	-32.32653	-36.11118	-34.00996	-49.58461	-47.47257	-48.78576288	-49.11563288
-68.41062	-67.77763	-67.84591	-67.97499	-55.17843	-56.40041	-55.84218	-54.4717	-65.04482	-66.29669	-65.02881288	-66.55411288
-47.65515	-48.87004	-47.40216	-48.70325	-54.37365	-56.57747	-34.53353	-33.77706	-48.09458	-48.19264	-66.48787288	-67.61274288
-46.34172	-47.75707	-67.49666	-67.19742	-56.69109	-55.49771	-36.74948	-36.0559	-67.24376	-65.66835	-67.28829288	-66.53864288
-50.10252	-48.61304	-47.96269	-48.70852	-57.48426	-55.96785	-37.56649	-37.6003	-49.46214	-48.94763	-65.67469288	-66.13979288
-67.06015	-69.08109	-66.90783	-65.90291	-36.91156	-36.7453	-54.68751	-54.11455	-67.18217	-66.47965	-49.01710288	-48.70750288
-43.17648288	-45.09892	-44.99494	-44.21892	-31.48522	-36.50875	-31.83857	-31.55507	-46.79107	-45.53415	-49.03368288	-49.84272288
-49.51256	-47.74894	-48.56754	-47.59436	-38.18705	-35.82928	-38.55612	-36.07888	-49.02989	-46.39407	-49.92998288	-48.49313288
-65.1034	-67.52853	-67.12092	-65.87525	-37.11537	-38.92667	-54.66846	-54.09152	-67.16168	-63.14923	-49.72961288	-49.70978288
-50.67143	-48.66447	-49.35308	-48.91159	-36.78852	-36.51751	-38.25245	-36.25687	-47.62458	-48.56373	-48.80937288	-50.33191288
-48.16373	-48.54092	-47.12362	-47.47371	-32.50739	-39.06646	-33.22128	-31.30294	-47.72287	-45.3101	-48.31571288	-46.43330288
-48.58289	-47.34235	-53.89468	-47.44596	-37.91193	-39.02394	-37.9103	-35.13878	-49.653	        -48.64626	-50.82679	-49.41811288
-47.04112288	-45.23328	-49.52412	-46.45851	-36.75761	-35.59928	-35.79732	-36.7541	-48.02331	-47.29321	-49.64043288	-47.50921288
-48.36428	-50.1119	-49.36065	-49.46597	-35.21658	-35.91754	-37.21488	-33.64622	-49.13865	-50.24838	-47.47282288	-48.55345288
-46.22641288	-46.37312	-47.15049	-47.18327	-54.49894	-56.09237	-34.56642	-33.52143	-47.31987	-45.39068	-65.37836288	-66.06787288
-46.66367288	-47.58696	-50.59313	-49.88341	-56.41986	-58.72599	-38.58672	-36.7238	-48.83871	-48.97813	-67.71987288	-69.05260288
-46.95	        -50.21639	-49.68465	-49.76344	-55.04298	-57.9838	-34.43871	-35.65427	-50.12294	-48.86211	-67.33210288	-69.05392288
-65.70686288	-64.34135288	-67.06968	-67.90805	-56.07511	-56.65218	-53.36999	-50.01305	-68.29051	-67.99467288	-66.52355288	-66.79106288


sbs.hcal.tdc.offset =
-659.493 -663.212 -648.051 -653.564 -783.262 -762.3 -746.447 -766.429 -660.852 -657.281 -620.412 -650.405
-645.825 -650.528 -655.033 -639.488 -764.781 -750.987 -773.177 -791 -638.745 -640.968 -669.863 -1034.5
-646.969 -691.523 -661.395 -644.759 -774.825 -763.809 -785.602 -788.364 -639.504 -643.773 -671.735 -649.687
-630.432 -634.767 -631.624 -647.815 -751.016 -751.268 -733.724 -732.477 -625.811 -619.262 -630.914 -634.777
-630.554 -637.397 -646.55 -644.449 -720.335 -742.068 -736.406 -740.212 -621.36 -615.078 -619.589 -618.558
-656.401 -659.544 -660.425 -672.047 -760.968 -736.527 -769.676 -767.199 -637.077 -638.147 -613.103 -592.364
-702.295 -708.342 -717.267 -721.86 -816.293 -814.052 -786.132 -799.003 -647.288 -651.568 -655.565 -656.428
-657.832 -676.738 -680.4 -687.199 -784.897 -790.224 -793.141 -799.306 -682.867 -664.378 -674.497 -654.955
-656.685 -665.077 -673.646 -666.753 -778.797 -775.79 -791.501 -790.943 -658.393 -651.513 -663.458 -640.862
-680.166 -674.638 -673.224 -676.034 -758.305 -763.976 -776.207 -774.726 -658.229 -680.688 -665.865 -640.367
-638.052 -672.828 -663.389 -670.67 -741.891 -762.834 -762.963 -764.075 -661.36 -657.696 -677.928 -663.176
-653.136 -657.465 -668.051 -675.036 -764.525 -769.761 -773.852 -781.514 -656.859 -656.339 -646.565 -635.502
-666.298 -656.217 -656.172 -660.611 -786.65 -762.795 -765.541 -757.562 -626.744 -637.944 -629.343 -617.016
-621.257 -639.068 -623.959 -646.426 -714.337 -744.299 -725.959 -745.807 -633.049 -637.488 -602.18 -607.523
-657.919 -639.385 -638.309 -647.713 -734.477 -724.746 -739.737 -747.315 -637.452 -679.2 -637.624 -612.464
-613.474 -637.626 -615.383 -615.042 -740.606 -749.595 -722.475 -733.738 -634.021 -618.269 -642.237 -619.441
-630.38 -654.259 -645.965 -648.838 -767.36 -733.309 -758.21 -782.61 -641.716 -655.601 -628.075 -644.075
-815.885 -824.3 -784.574 -820.475 -723.322 -727.491 -895.585 -908.702 -788.474 -810.93 -608.715 -608.455
-623.517 -650.588 -617.393 -648.485 -897.781 -888.131 -734.626 -729.821 -627.758 -628.272 -778.901 -788.492
-625.992 -626.2 -631.364 -630.724 -901.089 -903.682 -728.546 -754.277 -626.496 -611.235 -799.066 -773.814
-639.778 -638.312 -679.083 -633.425 -888.204 -884.305 -744.543 -749.088 -639.039 -638.33 -800.223 -774.051
-661.628 -663.74 -627.99 -633.69 -738.217 -723.505 -713.284 -755.265 -634.056 -643.532 -635.699 -625.053
-639.428 -616.269 -619.465 -626.681 -730.818 -714.733 -744.262 -741.96 -611.644 -621.628 -627.378 -597.688
-781.402 -788.582 -638.322 -651.895 -730.938 -717.288 -895.491 -914.01 -627.514 -640.756 -629.796 -613.191

--------[ 2022-02-03 05:05:00 ]
sbs.hcal.tdc.offset =
-389.889 -389.889 -385.335 -394.575 -521.277 -498.9 -478.228 -498.837 -390.674 -387.195 -355.788 -424.042
-378.237 -378.237 -385.711 -378.608 -510.11 -495.231 -514.359 -535.184 -376.162 -375.774 -411.465 -364.536
-389.889 -419.763 -394.157 -382.316 -513.384 -508.404 -530.299 -532.777 -383.656 -389.443 -414.221 -398.933
-389.889 -350.816 -361.88 -378.822 -485.136 -488.752 -477.454 -478.253 -372.906 -359.179 -371.97 -398.594
-97.0635 -97.0635 -94.4892 -91.2251 -171.186 -195.873 -201.719 -210.745 -95.5245 -83.9179 -83.0425 -68.0578
-370.354 -433.124 -368.042 -382.688 -199.942 -179.952 -488.254 -501.294 -376.043 -377.457 -77.2887 -42.8016
-431.353 -466.046 -421.785 -425.07 -521.529 -511.366 -496.696 -519.611 -379.193 -389.348 -386.782 -317.932
-372.203 -426.762 -386.892 -388.644 -485.02 -493.761 -499.479 -512.847 -408.472 -385.561 -399.784 -461.699
-363.03 -377.276 -382.433 -371.877 -481.657 -478.1 -495.246 -500.801 -380.943 -375.731 -390.293 -367.2
-399.292 -385.683 -385.003 -387.999 -471.827 -478.767 -488.894 -490.22 -379.027 -403.162 -392.463 -379.368
-379.269 -394.483 -383.362 -389.517 -457.773 -480.416 -480.48 -484.016 -381.273 -386.42 -427.196 -382.93
-414.11 -377.896 -388.165 -389.868 -481.745 -486.276 -492.04 -503.33 -379.566 -382.007 -374.269 -411.568
-88.9821 -105.79 -108.09 -110.751 -238.078 -214.969 -217.161 -212.871 -83.9235 -93.0697 -90.3854 -74.6023
-297.626 -360.844 -342.993 -364.478 -435.726 -462.728 -446.105 -465.108 -353.091 -354.986 -329.845 -350.964
-419.053 -368.903 -340.31 -363.136 -452.608 -443.413 -459.44 -468.198 -359.326 -402.166 -356.134 -350.966
-62.8958 -80.8365 -339.16 -334.025 -461.602 -471.015 -175.526 -183.896 -351.147 -335.025 -350.376 -375.988
-308.274 -343.801 -360.115 -361.687 -481.935 -444.868 -468.126 -491.996 -349.726 -362.834 -345.751 -360.517
-513.423 -547.426 -490.96 -532.036 -426.838 -430.276 -598.796 -615.503 -498.158 -522.709 -321.127 -345.772
-366.097 -359.788 -297.929 -353.729 -604.419 -592.881 -439.336 -441.194 -340.624 -347.088 -496.322 -545.584
-327.377 -359.969 -354.027 -339.031 -613.247 -616.44 -440.874 -468.019 -345.431 -334.526 -518.286 -494.22
-349.8 -383.878 46.6256 -354.389 -134.8 -602.897 -466.177 -472.113 -362.782 -366.455 -519.586 -521.974
-418.494 -379.219 -342.456 -348.574 -455.207 -442.871 -440.931 -486.203 -366.359 -372.883 -369.077 -345.367
-311.925 -311.925 -328.366 -344.382 -455.289 -435.479 -468.685 -471.491 -350.671 -353.992 -350.007 -304.468
-396.616 -497.158 -378.31 -400.964 -436.44 -464.934 -607.225 -632.367 -342.227 -351.348 -366.961 -347.778

--------[ 2022-02-03 05:15:00 ]
sbs.hcal.tdc.offset =
-659.493 -663.212 -648.051 -653.564 -783.262 -762.3 -746.447 -766.429 -660.852 -657.281 -620.412 -650.405
-645.825 -650.528 -655.033 -639.488 -764.781 -750.987 -773.177 -791 -638.745 -640.968 -669.863 -1034.5
-646.969 -691.523 -661.395 -644.759 -774.825 -763.809 -785.602 -788.364 -639.504 -643.773 -671.735 -649.687
-630.432 -634.767 -631.624 -647.815 -751.016 -751.268 -733.724 -732.477 -625.811 -619.262 -630.914 -634.777
-630.554 -637.397 -646.55 -644.449 -720.335 -742.068 -736.406 -740.212 -621.36 -615.078 -619.589 -618.558
-656.401 -659.544 -660.425 -672.047 -760.968 -736.527 -769.676 -767.199 -637.077 -638.147 -613.103 -592.364
-702.295 -708.342 -717.267 -721.86 -816.293 -814.052 -786.132 -799.003 -647.288 -651.568 -655.565 -656.428
-657.832 -676.738 -680.4 -687.199 -784.897 -790.224 -793.141 -799.306 -682.867 -664.378 -674.497 -654.955
-656.685 -665.077 -673.646 -666.753 -778.797 -775.79 -791.501 -790.943 -658.393 -651.513 -663.458 -640.862
-680.166 -674.638 -673.224 -676.034 -758.305 -763.976 -776.207 -774.726 -658.229 -680.688 -665.865 -640.367
-638.052 -672.828 -663.389 -670.67 -741.891 -762.834 -762.963 -764.075 -661.36 -657.696 -677.928 -663.176
-653.136 -657.465 -668.051 -675.036 -764.525 -769.761 -773.852 -781.514 -656.859 -656.339 -646.565 -635.502
-666.298 -656.217 -656.172 -660.611 -786.65 -762.795 -765.541 -757.562 -626.744 -637.944 -629.343 -617.016
-621.257 -639.068 -623.959 -646.426 -714.337 -744.299 -725.959 -745.807 -633.049 -637.488 -602.18 -607.523
-657.919 -639.385 -638.309 -647.713 -734.477 -724.746 -739.737 -747.315 -637.452 -679.2 -637.624 -612.464
-613.474 -637.626 -615.383 -615.042 -740.606 -749.595 -722.475 -733.738 -634.021 -618.269 -642.237 -619.441
-630.38 -654.259 -645.965 -648.838 -767.36 -733.309 -758.21 -782.61 -641.716 -655.601 -628.075 -644.075
-815.885 -824.3 -784.574 -820.475 -723.322 -727.491 -895.585 -908.702 -788.474 -810.93 -608.715 -608.455
-623.517 -650.588 -617.393 -648.485 -897.781 -888.131 -734.626 -729.821 -627.758 -628.272 -778.901 -788.492
-625.992 -626.2 -631.364 -630.724 -901.089 -903.682 -728.546 -754.277 -626.496 -611.235 -799.066 -773.814
-639.778 -638.312 -679.083 -633.425 -888.204 -884.305 -744.543 -749.088 -639.039 -638.33 -800.223 -774.051
-661.628 -663.74 -627.99 -633.69 -738.217 -723.505 -713.284 -755.265 -634.056 -643.532 -635.699 -625.053
-639.428 -616.269 -619.465 -626.681 -730.818 -714.733 -744.262 -741.96 -611.644 -621.628 -627.378 -597.688
-781.402 -788.582 -638.322 -651.895 -730.938 -717.288 -895.491 -914.01 -627.514 -640.756 -629.796 -613.191

##########
## END GMN

--------[ 2022-07-26 00:00:00 ] ## Switch to HCAL VTP

#Reset parameters for GEN
sbs.hcal.tdc.tw = 0.46 0.50
sbs.hcal.tmax = 15.0
sbs.hcal.emin_clSeed = 0.0025
sbs.hcal.emin = 0.001
sbs.hcal.emin_clTotal = 0.005


## crate slot start_channel end_channel ref_channel(0:HCal cosmic, 2:Beam)
sbs.hcal.detmap =
  28   3      0     15 2
  28   4      0     15 2
  28   5      0     15 2
  28   6      0     15 2
  28   7      0     15 2
  28   8      0     15 2
  28   9      0     15 2
  28   10     0     15 2
  28   13     0     15 2
  28   14     0     15 2
  28   15     0     15 2
  28   16     0     15 2
  28   17     0     15 2
  28   18     0     15 2
  28   19     0     15 2
  28   20     0     15 2
  29   19     0     15 2
  29   20     0     15 2
  17    4     0    31 2 # 32 channels
  17    4     32   63 2 # 32 channels
  17    5     0    31 2 # 32 channels
  17    5     32   63 2 # 32 channels
  17    6     0    31 2 # 32 channels
  17    6     32   63 2 # 32 channels
  17    7     0    31 2 # 32 channels
  17    7     32   63 2 # 32 channels
  17    8     0    31 2 # 32 channels
  17    8     32   32 2 # 1 channel. Sum module trigger copy (logical). sbs.hcal.Ref.tdc[0]
  17    8     34   34 2 # 1 channel. Copy of DVCS pulser EDTM signal (logical). sbs.hcal.Ref.tdc[1]
  17    8     35   35 2 # 1 channel. Copy of BB trigger (logical). TDC reference channel. sbs.hcal.Ref.tdc[2]
  17    8     36   36 2 # 1 channel. RF (logical). sbs.hcal.Ref.tdc[3]
sbs.hcal.tdc.offset =
-255.089 -416.532 -393.487 -402.913 -535.913 -530.18 -521.514 -543.425 -432.352 -420.028 -406.365 -289.242
-243.437 -383.583 -393.023 -379.848 -514.825 -371.881 -529.954 -400.384 -241.362 -403.64 -435.75 -629.603
-255.089 -410.515 -372.995 -375.809 -515.888 -516.408 -526.897 -535.411 -402.644 -399.003 -425.688 -428.222
-255.089 -349.941 -361.187 -375.357 -480.367 -482.35 -480.101 -489.967 -384.275 -374.554 -399.135 -386.155
37.7369 37.7369 -368.109 -360.472 -441.668 -467.429 -477 -486.783 -370.315 -366.594 -376.323 -385.58
-235.554 -386.344 -373.5 -388.779 -473.803 -462.507 -353.454 -510.313 -389.731 -385.8 -363.532 -616.12
-399.71 -426.92 -426.97 -435.672 -536.185 -376.566 -508.749 -523.64 -391.067 -396.66 -412.292 -398.105
-237.403 -384.463 -411.263 -411.832 -517.25 -515.87 -527.031 -543.161 -427.954 -410.88 -498.628 -326.899
-228.23 -242.476 -399.39 -415.13 -524.294 -510.961 -568.526 -534.513 -406.229 -407.837 -409.682 -394.965
-264.492 -406.385 -410.625 -432.64 -506.842 -501.633 -523.12 -522.128 -405.181 -404.577 -414.42 -580.003
-244.469 -988.767 -388.691 -387.282 -473.998 -502.161 -492.577 -494.096 -403.091 -408.475 -411.136 -402.801
-279.31 -368.531 -380.236 -374.214 -496.431 -485.945 -497.301 -517.318 -393.592 -397.87 -413.25 -412.55
-962.787 -388.285 -359.717 -371.256 -502.619 -492.473 -485.914 -501.683 -359.892 -390.609 -322.524 -352.157
-162.826 -366.922 -208.193 -374.38 -436.81 -479.18 -461.975 -486.766 -385.606 -391.376 -439.896 -1003.73
-284.253 -371.905 -358.464 -367.958 -462.544 -464.326 -479.82 -481.063 -380.956 -404.697 -386.012 -380.578
71.9046 53.9639 -204.36 -169.394 -470.444 -474.81 -460.765 -474.784 -363.892 -357.033 -377.781 -389.638
-173.474 -376.831 -225.315 -357.786 -494.467 -464.163 -488.387 -510.513 -371.77 -383.251 -363.163 -381.859
-378.623 -412.626 -356.16 -397.236 -441.701 -446.567 -615.823 -638.497 -509.665 -540.093 -359.464 -364.498
-231.297 -224.988 -342.389 -377.188 -602.853 -616.045 -460.001 -469.285 -365.927 -379.683 -533.427 -552.228
-192.577 -225.169 -361.716 -359.929 -618.082 -640.699 -467.281 -502.313 -386.676 -366.239 -561.882 -580.323
-215 -249.078 181.426 -362.799 0 -624.867 -490.073 -501.826 -391.695 -379.706 -558.066 -554.61
-283.694 -244.419 -207.656 -361.887 -494.705 -472.02 -473.179 -563.496 -408.067 -410.907 -412.161 -410.228
-177.125 -177.125 -193.566 -209.582 -320.489 -300.679 -333.885 -336.691 -397.13 -399.489 -410.341 -397.343
-261.816 -362.358 -243.51 -395.149 -495.528 -489.251 -472.425 -685.298 -395.039 -408.429 -588.32 -212.978

########################################################

############              GEN2              ############

########################################################
--------[ 2022-10-14 00:00:00 ] #GEN2 ## Moved noisy channel idx 63 to edge of acceptance (63->61, 61->63) (gain)
-------[ 2022-10-14 20:00:00 ] # Beginning of GEN2 -> set 1: 2033 - 2085
sbs.hcal.adc.timeoffset = 
   -87.14185     -87.0692    -88.20583    -88.36037    -72.57274    -75.54806    -76.60343    -73.59427    -85.86451     -87.3117    -90.77649    -87.93846 
   -87.91638    -88.18342    -67.87773    -70.08823    -74.47529    -75.91999    -74.36021    -72.76298    -69.30489    -68.47907    -85.85248    -91.55437 
   -98.55822    -66.16267    -68.33076     -72.9359    -53.94553    -56.89944    -52.83833    -53.25185    -68.90182    -67.93724    -66.31872    -67.24117 
   -70.12026    -68.76643    -70.39485    -69.03888     -56.2307    -56.89514    -56.16389    -56.01604    -68.16146    -68.90402    -67.50806    -66.84064 
   -68.77694    -68.95659    -66.94329    -69.12978    -77.27947     -76.6405    -55.44555    -54.56464    -67.29397    -68.02951    -86.67661    -86.11588 
    -69.1044    -69.64309    -69.47301    -68.89689    -74.21353    -77.47107    -58.01692    -55.10032    -69.64422    -67.78851     -87.7921    -87.96856 
   -65.40364    -66.38358    -65.86587    -64.50565    -55.33506    -52.49491    -56.33423    -54.32591    -69.68821    -67.49282    -68.98626    -69.12297 
   -88.00113    -87.76428    -87.80453    -88.20502    -75.36566    -76.70752     -76.2281    -74.58961    -85.27104    -86.06252    -85.24311    -88.49854 
   -67.24039    -68.80653    -67.61758    -68.80472    -74.66382    -76.90459    -54.98654    -53.86885    -67.99376    -67.51565    -86.31282    -87.11388 
   -66.84253    -67.98045    -87.63885    -87.43329    -76.90913    -75.78509     -56.8826    -56.32753    -87.58817    -85.91056    -87.55292    -87.02848 
   -69.85594    -68.54255    -68.10391    -68.87196     -77.8534    -76.40782    -57.83334     -57.8304    -69.48497    -69.07395    -85.97725    -86.22228 
   -86.76134    -89.21233    -86.98588    -86.19615    -57.03575    -57.12708    -75.10357    -74.22043     -87.4433    -86.46937    -69.15234    -68.69105 
   -64.21176    -65.96885    -65.43754    -65.63322    -52.11915    -56.89941    -52.21785    -51.39279    -67.01934    -65.42127    -69.04258    -69.76349 
   -70.83677    -68.76794    -69.84893    -67.76057    -58.42062     -56.0615    -58.54328    -56.09045    -69.28733    -66.64161    -70.45931    -68.72775 
   -85.28723     -88.0082     -87.7134    -86.32204    -57.38716    -59.27458    -75.07819    -74.35952    -87.46255    -83.46196    -69.52324    -69.66713 
   -71.84932    -69.53645    -70.26592    -69.72019    -57.07771    -56.48617    -58.70331    -56.50926    -67.92906    -68.62404    -68.63153      -70.195 
   -69.31127    -69.76483    -68.11346    -68.47704    -52.92462    -59.35942    -53.31023    -51.44135    -67.94844    -65.59778    -68.66939    -66.21463 
   -70.50738    -68.94538    -75.98433    -68.60794    -58.64287    -59.29319    -57.95912    -55.07378    -69.95555    -69.02424    -71.41979     -69.4201 
   -68.40483    -67.19278    -70.53532    -67.55006    -57.24873    -56.21866    -55.92605    -56.89139    -68.05136    -67.31511    -70.05794    -67.65132 
   -70.70237    -71.48907    -70.52949    -70.45879    -56.19907    -56.52245    -56.05274    -52.50313    -67.75664    -70.17658    -67.50446    -68.74475 
   -68.29152    -68.29622    -70.76326    -68.47418    -73.64113    -75.22195    -53.71862    -52.31606     -66.2231    -65.76063    -85.69348    -86.13413 
   -68.91625    -68.97541    -69.97513    -68.87665    -75.55254    -77.95609    -57.82022    -56.30922    -68.28349    -68.89923    -87.49714    -88.52092 
    -132.697    -69.60878    -69.43896    -69.13602     -74.7436    -77.92694    -54.43154     -55.8057      -69.665    -68.62795    -87.00225    -89.27171 
   -85.89727     -84.7391    -87.39965    -88.57166    -76.69005    -77.46996    -74.30604    -70.70227     -88.4304    -87.76484    -86.54546    -86.42565 

# TDC calibrations
sbs.hcal.tdc.calib = 0.11186
sbs.hcal.reftdc.calib = 0.11186

#sbs.hcal.tdc.calib = 0.112

sbs.hcal.adc.gain =
0.0039889  0.00128798  0.00351214  0.00304626  0.00178882  0.00321967  0.00370097  0.00538299  0.00562417  0.00373941  0.00378799  0.000633862
0.00520895  0.00338083  0.0030498  0.00317888  0.00340223  0.00366155  0.00193201  0.00120488  0.00261594  0.00191047  0.00220593  0.00150784
0.00441658  0.000461582  0.00208881  0.0029775  0.00312377  0.00318154  0.00172035  0.00135676  0.00185802  0.00231655  0.000455306  0.00330544
0.00436244  0.00328013  0.00247223  0.00262148  0.00223438  0.00241157  0.00358388  0.00382255  0.00332765  0.00308228  0.00283086  0.00274235
0.00506454  0.00258675  0.0035962  0.00371409  0.00277337  0.00221793  0.00324089  0.00354378  0.00341344  0.00318377  0.00251804  0.00464735
0.00460318  0.00399507  0.00320026  0.00340855  0.00341407  0.00393455  0.00280911  0.00354402  0.00312763  0.00196297  0.00314434  0.00228746
0.00116751  0.000503237  0.000643808  0.00114133  0.00203091  0.00195993  0.00425265  0.00289978  0.00330762  0.00360454  0.00257031  0.00195038
0.00406648  0.00352459  0.00283006  0.00378484  0.00337725  0.00295633  0.00372527  0.00387856  0.00399679  0.00305219  0.00350666  0.0105246
0.0032085  0.0037154  0.00257967  0.00314446  0.00415051  0.00356416  0.00313692  0.00374954  0.00329459  0.00342744  0.0038239  0.00250488
0.00267758  0.0032176  0.00323574  0.0042899  0.00338817  0.00320914  0.00418408  0.00375483  0.0031688  0.00379163  0.00240424  0.00569117
0.00274208  0.00363218  0.00270794  0.00440605  0.00376085  0.00409377  0.00416324  0.00387202  0.00381735  0.00399151  0.00237928  0.00179629
0.00306014  0.00367268  0.00317762  0.00331898  0.00457409  0.00423316  0.00336439  0.00377546  0.00332551  0.00414234  0.00419546  0.00317911
0.000805846  0.00102166  0.00142418  0.00123716  0.000931054  0.00255416  0.00295893  0.0040587  0.00395652  0.00236093  0.0026808  0.00193539
0.00487595  0.00288794  0.0081895  0.00237829  0.00130864  0.00408995  0.00294904  0.00417412  0.00294119  0.00367078  0.00338025  0.00407252
0.00117499  0.00402459  0.00274081  0.00340036  0.00373784  0.00352249  0.00377277  0.00365362  0.00342565  0.000296487  0.00361878  0.0036668
0.0053297  0.00269585  0.00617006  0.00373156  0.00338132  0.00256071  0.00370952  0.00440677  0.00343897  0.00376186  0.00284975  0.00432076
0.00279033  0.0017532  0.00456931  0.00339772  0.00273703  0.00381077  0.00379556  0.00142082  0.00252452  0.00289813  0.00341657  0.00185868
0.00248728  0.00323249  0.00589091  0.00431098  0.00370276  0.00347915  0.00349444  0.00509363  0.00352787  0.00332383  0.00407056  0.00317162
0.00119569  0.00985387  0.00364226  0.0033701  0.00385245  0.00306143  0.0032876  0.00434218  0.0027088  0.00318454  0.00366108  0.00448647
0.0011466  0.00339084  0.00258963  0.00289689  0.00460523  0.00234246  0.00312448  0.00265205  0.00326769  0.00316551  0.00353991  0.00416476
0.00213936  0.0033153  0.00343437  0.00236769  0.00257756  0.00242262  0.00359525  0.00356079  0.00311673  0.00284726  0.0026382  0.00474062
0.00472944  0.00113063  0.00418324  0.00272031  0.00311871  0.00382863  0.0034593  0.0031926  0.0030355  0.00209083  0.00319271  0.00122774
0.00211308  0.00241254  0.00175832  0.0025008  0.00240643  0.00144068  0.0022085  0.00226098  0.00212041  0.00236081  0.00290083  0.00564024
0.00731553  0.00503688  0.00690018  0.00507492  0.00473701  0.00515717  0.00838759  0.00304382  0.00345946  0.0020107  0.0030928  0.00208196

sbs.hcal.tdc.offset =
-468.602 -480.413 -460.666 -463.216 -599.934 -570.151 -555.733 -580.574 -474.458 -468.996 -448.016 -492.204
-454.851 -456.442 -458.228 -443.921 -571.557 -559.782 -584.339 -594.457 -450.178 -455.171 -482.058 -502.654
-452.762 -491.849 -466.624 -446.454 -576.061 -569.666 -592.834 -602.355 -457.19 -457.027 -503.931 -493.858
-435.905 -430.477 -425.544 -447.108 -554.623 -553.823 -543.9 -543.204 -439.544 -439.814 -460.386 -478.601
-429.22 -430.361 -435.06 -433.308 -506.704 -539.935 -540.986 -555.92 -439.751 -439.88 -449.729 -448.084
-461.392 -456.132 -445.911 -452.946 -540.176 -519.325 -560.799 -569.588 -447.04 -459.5 -441.881 -448.997
-509.104 -494.054 -507.673 -506.049 -602.321 -607.923 -571.288 -594.528 -462.069 -467.995 -483.508 -488.063
-471.52 -478.381 -475.626 -475.523 -571.478 -575.791 -581.95 -594.263 -489.027 -485.849 -492.143 -471.779
-489.231 -478.469 -476.787 -467.032 -576.452 -568.905 -599.653 -590.211 -471.311 -466.66 -486.604 -480.432
-513.739 -485.985 -479.14 -483.749 -565.799 -569.408 -579.32 -579.375 -468.253 -484.836 -490.031 -468.128
-451.968 -491.658 -470.477 -479.242 -551.069 -567.825 -569.174 -570.887 -469.936 -468.896 -486.663 -496.796
-470.336 -463.544 -477.125 -479.511 -567.538 -571.207 -586.871 -586.853 -463.292 -466.959 -463.123 -469.813
-481.866 -476.62 -477.546 -468.525 -598.605 -574.593 -571.796 -566.034 -435.476 -451.238 -442.327 -444.296
-433.508 -458.145 -411.467 -449.979 -522.575 -552.225 -533.764 -554.731 -449.031 -448.876 -417.484 -439.317
-465.175 -452.153 -444.439 -462.377 -555.627 -536.788 -555.365 -562.627 -447.107 -499.819 -449.81 -450.057
-430.738 -447.683 -419.6 -426.271 -552.742 -569.145 -537.887 -547.837 -446.126 -430.31 -453.853 -457.736
-437.706 -478.238 -460.915 -456.077 -580.014 -543.548 -570.615 -598.805 -450.183 -466.92 -437.854 -482.645
-616.248 -636.845 -580.48 -612.485 -529.121 -535.711 -698.794 -716.263 -597.231 -620.625 -421.505 -439.451
-445.957 -457.081 -418.991 -447.909 -701.289 -693.981 -540.879 -538.506 -439.215 -440.964 -594.326 -616.598
-434.788 -447.829 -432.764 -433.973 -707.958 -708.962 -537.945 -560.822 -443.196 -426.77 -615.626 -603.881
-455.333 -446.375 85.6939 -443.408 -691.401 -694.388 -553.712 -560.125 -452.685 -447.345 -622.116 -607.324
-468.932 -478.302 -439.775 -451.642 -551.364 -534.927 -521.95 -573.76 -450.34 -471.031 -455.979 -463.832
-458.336 -419.851 -429.116 -434.81 -550.646 -536.144 -554.91 -563.769 -435.664 -444.5 -452.173 -449.867
-603.818 -610.448 -464.781 -472.051 -556.096 -533.099 -699.243 -737.89 -449.623 -465.017 -453.213 -459.424 

sbs.hcal.meantime_offset =
      0.0101059        0.873268         1.41673         1.35659         1.93569         2.20453         1.33883        0.789478         1.31952         1.20562         1.47303        0.472109
      -0.611643       0.0102343        0.455196        0.732004        0.699982         1.45059        0.918126        0.320574      -0.0475906        0.302507         1.20635        -1.46204
      -0.431076       -0.277409        0.761299        0.221315         1.08639         1.45843         1.27622         2.19076         1.56059        0.640642          2.2052         3.80246
        -1.4123        0.702807        0.716067         1.48124         2.03011         1.89784         1.79293         1.25233        0.428452         1.79361          2.7561         2.46721
     -0.0169366          1.0679        -1.39165       0.0730617         1.20789         2.33873          2.2923         1.59189         1.00612         2.54536          2.9423         1.86116
         3.3821        0.155593        0.316961        0.310455        0.612399         1.26807         1.85591         1.62091         1.11162         2.69264         2.21556         3.42411
       -0.82259        -2.71947        0.377668        0.756647         1.41427        -12.8246         1.28126         2.10499       -0.300033        0.876951         2.84047         1.77171
       0.654569         1.80703         1.93402         1.61378         2.88874         2.56808         2.17586          2.1792          1.9704         2.80708          2.6548       -0.648008
       -0.17857          1.0903         1.38958         2.29048         1.39845         1.18882         2.99604         2.05389         1.00905        0.659481         1.23278         2.94484
      -0.842262         1.58391         2.52178        0.775445         2.75562         3.43918         1.51369        0.999095         1.56985         1.31671         3.46276         2.29055
       -2.29284         2.09235         1.48565        0.309351         2.82262         1.42963         1.68899         2.01917         1.20444          1.2214         1.21845         1.29216
       0.561018       -0.140511         2.00129         1.83782         1.55137          1.7558         4.06672          1.9985        0.951861        0.677588         1.51311         1.95355
       -2.80851        -1.03651         3.32359         2.84606         1.97188         2.54624         2.56555         1.52716         1.25037         1.28748        0.774777         1.26132
      -0.179855         2.64848         0.27726         2.27262         0.85399         2.47928          2.0527         1.47849         2.11618        0.776769         1.22765           1.516
       -3.05104       0.0965706     0.000446877         1.99499         2.61602         2.47857         1.77765         2.09237        0.791937         4.41554          0.8082         3.34027
       0.232449       -0.258647        -1.97492       -0.619977         1.32056         2.48295         1.55988         1.85052        0.715294         1.36222         2.09789         3.69831
       0.641756         1.02658         2.75627         1.21991          2.3908         1.02731         1.32356         1.29855         2.28096         1.60847         1.78056       -0.482494
        1.32774        0.753494         -3.9926       -0.815115          1.8416         2.45758        0.819658         1.16804        0.442987         2.54819        0.585481         3.11744
        6.44553         1.08588       -0.463772        -1.10453         1.60314         0.98055         1.25682        0.159273         1.85042         1.73368        0.959784         1.91939
       -1.05644        0.832187        0.801348       -0.224269       -0.329922        0.375899        0.451422        0.773092        0.331731         1.29782         1.26858        0.504097
        -1.1813         2.55922         1524.83         3.29742          8.7096         1.33841         1.84602         2.28031          1.0842        0.856217         1.49142         2.16965
       -1.86567       -0.510015        -1.70708       -0.866629         1.19139      -0.0981564        0.551742         1.26787        0.488528         1.53629         1.70082        0.270215
       -1.96443        -2.38001        0.835232         2.60769         3.45166         2.80769         3.03506         3.71731         4.16871         5.12281         1.55469         2.35049
       0.823605         1.44634         3.03041        0.195037          2.0577         4.15242         3.08777        0.202344         1.62073         2.74898         1.72696         3.77522

sbs.hcal.tw0 =
     0.00760106       -0.937183         -4.7031        -5.68342        -2.13474        -6.55657        -2.70406        -1.10135        -2.56062        -2.71541        -1.51571        -11.4296
        1.83729        -3.03992        -4.95119        -4.57763        -1.91069        -4.48296        -1.24766         0.73415        -1.49778        -3.49724         -4.4968         12.5017
       -2.36801         2.10577        -1.48685        -2.77331        -3.08501        -4.06973        -2.45668        -4.64666        -3.79802        -3.42442        -2.48943        -1.74745
        3.24261        -4.51125        -4.75158        -4.56115        -4.75183        -4.92512        -3.31355        -3.65428        -2.29887        -3.54421        -5.74284        -1.34713
       -1.36348        -5.74384         0.40324        -1.48992         -3.9796        -4.00627         -5.7428        -1.89513        -1.97841        -6.09531        -3.71079        -1.77523
       -9.86084        -1.41985        -2.62605        -1.30584        -2.60979        -3.27694        -3.34838         -4.3352        -3.98755        -4.11749        -2.76192       -0.240817
        3.63145         7.38014         1.87036         1.02904        -1.91023         19.8831        -1.88559        -4.03959         1.93505        -2.80652        -1.95525         4.45811
      -0.854272        -2.95719        -6.53851        -3.55373        -5.30774        -3.80403        -3.38482        -3.35049        -5.63748        -4.22638        -4.74028         1.55342
        5.55737        -1.95857        -4.43566        -4.85984       -0.449327       -0.996947        -2.79953        -4.11067       -0.659247        -1.17467        0.591558        -2.46676
        8.47984        -3.53269        -6.87808        0.394292         -4.9338        -6.59446        -2.32887      -0.0686886       -0.922648        -1.71624        -3.40595        -2.01813
        5.11053        -4.02582        -4.03679         1.66357        -3.72123       -0.766066        -1.08449        -2.69409        -1.76481        -3.66608       -0.678929         5.16958
       -2.06781        0.866459         -3.5133        -3.69754       -0.278015        -2.07684        -5.37775        -2.56717        -1.87977       -0.455429        -2.41115        -0.30828
        14.0657         10.6673       -0.531004        -3.61923        -1.17601        -1.29049        -5.17142        -1.21903        -2.13604        -1.34527        -2.96132        -3.44718
       0.549763        -2.10275        -6.60732        -5.57936       -0.110706        -4.24022        -2.43712       -0.707636        -2.97126       -0.902263        -1.89392         -2.0651
        10.4831        0.900299        0.178939        -6.15319        -2.79494        -4.38154       -0.354459        -1.64563       -0.715078        -4.56239        -0.94692        -4.26844
        -2.7871          1.0214         3.42726       -0.444637        -3.41345        -5.02913        -2.41989        -2.74217        -1.99258         -1.8255        -4.64296        -2.40075
       -2.09748         5.41161        -11.7876        -4.59143         -4.2234        -2.38363        -2.10964       -0.981249         -5.2812        -2.68467        -3.72197         6.94606
       -10.3359         0.75662         7.52857        -3.16042        -7.34026        -5.88842        -2.81507        -1.21811        -1.25412        -3.71733        -1.19196        -4.94246
       -53.8495        -4.20955         -2.0362        0.333308        -11.1355        -2.52527        -5.41419       -0.531793        -5.08288        -4.89492        -1.62248        -1.74443
       -18.4569        0.381582        -7.14781        -2.73967        -2.74996       -0.355056        -1.08572       -0.376555         -1.1758        -3.92617        -1.84957        -1.07081
        2.75429        -10.0476        -14532.9        -15.2476        -40.1694        -6.89708        -7.61208        -8.34119        -4.53006        -2.75339        0.200993        -3.04646
        2.78681       -0.453155         1.50213         0.57339        -9.44604        0.699163        -6.01403        -4.60006         -6.0778         2.43651        -5.57805         2.58925
        6.28784        -3.25594        -9.75551        -19.8915        -10.2396        -19.4311        -12.8202        -10.5989        -16.6853        -28.9267        -5.15518       -0.367088
      -0.585991        -3.22279       -0.170831         3.12107         1.55662        -7.12536         -6.1751         1.12959        -5.54791        -11.0136        -4.39641        -8.70538

sbs.hcal.tw1 =
         1.1736        0.702842        0.863313         0.81688        0.610347        0.529053        0.724787        0.959356         1.13707        0.925176         1.02084        0.639736
        1.42941        0.973094        0.865961        0.861585        0.814276        0.678492        0.721869        0.791339          1.0344        0.781989        0.777939         1.34921
        1.28561        0.689339        0.995811        0.929239        0.725117        0.636154        0.642015        0.513606        0.801202        0.789793        0.646845         0.49698
        1.72749        0.907291        0.819994        0.831001          0.6385        0.589924         0.74936        0.788753        0.995948        0.898481          0.7437        0.899433
        1.30783        0.781389          1.4067         1.24875        0.760445        0.668623        0.655849        0.937051         1.06598        0.901008        0.799383          1.1341
       0.474443         1.04202        0.942588         1.02828        0.957961        0.883884        0.663449        0.729037         0.89849        0.688094         1.00157        0.819764
       0.874144         1.07847        0.875559        0.822712        0.779274         5.26299        0.906252        0.700189         1.48173         1.13109        0.888021         1.14413
        1.11913        0.653012        0.712188        0.814536        0.550901        0.566255        0.685871        0.656839        0.821554        0.779614        0.703117         1.86748
        1.34696          1.1536        0.903228        0.849035         1.01944         1.00221        0.896813        0.824629         1.20739         1.24266         1.24226        0.842689
        1.70768         0.97348        0.702133         1.22939        0.748787        0.576071         1.01491         1.07641        0.910328         0.94206        0.785154          1.1709
         1.4339         1.11801        0.917575         1.42418        0.814643         1.01754         1.00077        0.893725         1.13299          1.1367         1.00682        0.956155
        1.01295         1.23109        0.980303        0.994626         1.03687        0.986834        0.742614        0.913308         1.16778         1.27476          1.1707         1.07114
        1.41108         1.41762        0.757587        0.721409        0.745359        0.910777        0.740074         1.10443         1.22352         1.05496         1.05333         0.81613
        1.38894        0.792508         1.39056        0.637329        0.780287        0.802837        0.809395         1.02964        0.975369         1.15381          1.0395         1.12352
        1.16983         1.11688         1.05681        0.948379        0.893232        0.691083        0.955582        0.878044         1.13714        0.288907         1.12979        0.801349
        1.34482         1.10069         1.70582         1.42268        0.777157        0.760648        0.950256        0.983229         1.30941          1.0274        0.783367        0.740468
        0.74981         1.18727        0.993296        0.821366         0.59377        0.961947        0.966299        0.922038        0.827512        0.996482        0.960444         1.30378
       0.706107         1.03588         2.02292         1.39501        0.843048        0.822501        0.921121         1.00495         1.18237        0.834513         1.26034        0.672145
    -0.00778798         1.21899         1.20612         1.34898        0.946604         0.87102        0.927003         1.17102        0.905075        0.967671          1.1613         1.00358
       0.973994         1.27731        0.855813         1.05375         1.21781        0.760948         1.05695        0.774746         1.28971         1.04527         1.06807         1.26859
        1.09684        0.565051        -184.995        0.396658       -0.741159        0.809927        0.767191        0.641705         1.01581         1.03044         1.02389        0.941278
          1.763          1.0328         1.83415         1.49994        0.940603         1.13673         1.10563         1.05643         1.31281         1.26165         1.18183          0.9909
        1.26835        0.922763        0.948149        0.647437        0.571174        0.577934        0.338211        0.469092        0.506031        0.501969         1.08504         1.45783
        1.13698        0.942172         1.32327         1.73931         1.13145        0.555231        0.644608         1.41212         1.35713        0.898323         1.03288        0.568663

-------[ 2022-10-21 03:50:00 ] # GEN2 -> set 2: 2125 - 2149
sbs.hcal.adc.timeoffset = 
   -84.03407    -84.12728    -85.33698    -86.01827    -70.04928    -73.09028    -74.15031    -71.12145    -83.79633    -84.77175    -88.51902    -82.83519 
   -84.58159    -85.64607    -65.53387    -67.56646     -71.8096    -73.37081    -71.17445    -70.94649    -67.25619    -65.83246    -83.26575    -83.42135 
   -101.7865    -63.31128     -65.7589    -70.46982    -51.42952    -54.39938    -50.66311    -50.90083    -66.43826    -65.71018    -63.87218    -65.10043 
   -67.51205     -66.1891     -67.7872    -66.47719    -53.75653    -54.86243    -53.41672    -53.81228    -65.90779    -66.52183    -65.31313    -64.60319 
   -66.54699    -66.76851    -64.68526     -66.6186    -74.92002    -74.37569    -53.16375    -51.85456    -65.13866    -65.55542    -84.23586    -83.77077 
    -66.9951    -66.85423    -66.82053    -66.55652    -71.77463    -75.26217     -55.5168    -52.94078    -67.13901    -65.50044    -85.50923     -85.5395 
   -62.38347    -63.60039    -63.81431    -62.19163    -52.86834    -49.89706    -54.08004    -51.78456    -67.44104     -65.2611    -66.54539    -66.63988 
   -85.44857    -85.38488    -85.45887    -85.70273    -73.06211    -74.31159    -73.79344    -72.45518    -83.09283    -83.61185    -83.02752    -85.19474 
   -64.78523    -66.19811    -65.19092    -66.52855    -71.91334    -74.36168    -52.31792    -51.71477    -65.70027    -65.07853    -84.10633     -84.7661 
   -64.37338    -65.71235    -85.51888    -85.31579    -74.24797    -73.07469    -54.64716    -53.88391    -85.22436    -83.62956    -85.43121    -84.50719 
   -67.55523    -66.15211    -65.68612     -66.5273    -75.21457    -73.75108    -55.48724    -55.52193    -67.02633    -66.68755    -83.80876    -83.69169 
   -84.63487    -87.12658    -85.03921     -83.7979    -54.52154    -54.79332    -72.56984    -71.91547    -84.97162    -84.28277    -66.98605    -66.72958 
   -61.82556    -64.04278    -63.54955    -62.90275    -49.59431    -54.32962    -49.96534    -49.42424    -64.74505    -63.06323    -66.74546    -67.42876 
   -68.74662    -66.69563      -67.679    -65.16496    -55.77933    -53.62142     -56.5574    -53.97145    -66.94821    -64.40006    -67.87197    -66.28865 
   -84.39568    -85.77932    -85.52943    -84.18073    -55.46684    -57.27515    -72.50842    -71.95716    -85.50648    -80.71532    -67.33857    -67.33977 
   -69.47861     -67.3175    -68.19199    -67.74217    -55.31456     -54.7997    -56.30213    -54.24089    -65.40154    -66.44833    -66.51246    -67.94697 
   -67.08968    -67.59454    -66.05804    -66.53708    -51.60845    -57.49429    -51.70557     -49.4878    -65.64581    -63.20863    -66.46289    -64.22451 
   -68.42534    -66.82709    -74.00085    -67.35593    -56.73201    -57.75947    -56.42818    -52.80167    -67.29422    -66.69518     -68.7471    -66.91124 
   -66.50344    -65.16798    -69.23531    -65.49172    -55.69769    -53.68284    -53.71577    -54.70972    -66.05408    -65.10206     -68.1309    -64.98238 
   -68.69193    -70.05478    -68.46013     -68.8018    -53.69314    -54.36109    -55.58767    -52.10213    -67.18618    -68.35097    -65.25538    -66.02552 
   -66.70877    -66.20877    -67.68557    -66.03069    -73.33337    -74.75046      -53.419    -52.05602     -65.6268    -63.92798    -83.47677    -83.44035 
   -67.11161    -66.54383    -69.70107    -68.71039    -75.26203     -77.6782    -57.50336    -55.26993    -66.42152     -66.8618    -85.31592     -86.3421 
   -135.5822    -69.42601    -68.96876    -68.92847    -74.50264    -77.09161    -52.86094    -54.10834    -67.71832    -66.49818    -84.76826    -86.99476 
   -85.29576    -84.34014    -87.05727    -87.58868    -74.89653    -75.66368    -72.60657    -69.09739    -86.43247    -85.65693    -84.33874    -84.14088 

-------[ 2022-10-22 00:50:00 ] # GEN2 -> set 3: 2164 - 2176
sbs.hcal.adc.timeoffset = 
   -84.62732    -84.56721     -85.7736    -86.03497    -70.21793    -73.11145    -73.86339    -70.87732    -83.46712    -85.04755    -88.45354    -82.33674 
   -85.59399    -85.84685    -65.74359     -67.7226    -72.04394    -73.23428    -71.71779    -71.27505    -66.90773    -66.09722    -83.54286    -82.81381 
   -102.7618    -65.19593    -67.25587    -70.65267    -51.22761    -54.15228    -50.67529    -50.89067    -66.33406    -65.56838    -63.64856    -65.19369 
   -67.62347    -66.19131    -67.81865    -66.53649    -53.74003    -54.81458    -54.06566    -53.57884    -65.90757    -66.66141     -65.2447    -64.33113 
   -66.04823    -66.25311    -64.27892    -66.63006    -74.47731    -74.23012    -53.02449    -52.08042    -65.28887    -65.72723    -84.01896    -83.73237 
   -89.97726    -66.75761    -66.72714    -66.68961    -71.87743    -75.23971    -55.56256    -52.95021    -67.25548    -65.60632    -85.16828    -85.76666 
   -86.12675    -87.40057    -62.62339    -60.13775     -53.5414    -50.17372    -53.88855    -51.87715    -67.46222    -65.23444    -66.45463     -67.1336 
   -110.3173    -85.70119    -85.77614     -85.6895    -73.29168    -74.03182    -73.40262    -72.46271    -83.15337    -84.01834    -83.03924    -85.03433 
   -89.84808    -66.82261    -65.38162    -66.44546    -72.80149      -74.243    -52.49025    -51.68706    -65.86296    -65.49009    -84.18686    -84.43585 
     -64.856    -65.82291    -85.58191    -85.39933     -74.6811    -73.34866     -54.4939     -53.6481    -85.16529    -83.69174    -85.55511    -84.93744 
   -68.03844     -66.6521    -66.29174    -67.03803     -76.1195    -73.97886    -55.54865    -55.59007     -67.4046    -66.89251    -83.81536     -83.8346 
   -84.02026    -86.42379    -84.32974    -83.63269    -54.76025    -54.77975    -72.58903    -72.18743    -85.20436    -84.34554    -66.78284    -66.45668 
    -61.5944    -63.45938    -62.91161    -62.68512    -51.12279    -55.27717    -49.68891    -49.14297    -64.55827     -63.1733    -66.65112    -66.99058 
    -67.4222    -65.44341    -67.41626    -65.44568    -59.80552    -56.73665    -56.72756     -53.9452    -66.92521    -64.42172    -67.88664    -66.41042 
   -82.95236    -85.60732    -85.38941    -83.98327    -55.09052    -56.78525    -71.93626    -71.99382    -85.00589     -80.7377    -67.29551     -67.6232 
   -69.30226     -67.1882    -68.18244    -67.43182    -55.00649    -54.78663    -55.96725    -54.20373     -65.2861    -66.37982    -66.59055    -67.78763 
   -66.88956    -67.46334    -65.74219    -64.34599    -49.50459    -56.08746    -43.50969    -49.29012    -66.06356       -63.35    -66.36243     -63.8006 
   -68.12452    -64.64778    -71.79053    -65.28215    -55.26644    -56.72594    -55.80184    -53.38506    -67.67413    -66.42206    -69.21501    -66.87266 
   -64.13515    -62.94552    -67.03826    -64.06844    -54.28944    -53.96888    -52.82605    -52.70583    -66.44209    -65.04036    -67.59525    -65.64509 
   -66.65186    -67.91141    -67.01043    -67.39844    -53.85197       -54.57    -53.54898    -50.66083    -66.57046    -67.94437    -65.21504    -66.03462 
   -64.49087    -64.64664    -66.64683     -66.2342    -73.42584    -72.60931    -55.45259    -54.04115    -67.81603    -64.60113     -83.6003    -83.52564 
   -65.43412    -65.80768    -69.74348    -68.78219    -77.10225     -79.4769    -59.46025     -57.3925    -66.66178    -64.50461    -85.39246    -86.14158 
   -134.5434    -69.20166    -70.71129    -70.59434    -76.14467    -78.82704      -55.459    -56.77836    -65.27963    -64.24728    -84.84855    -86.99518 
   -85.05392    -85.94906    -88.64997    -89.31063     -77.4009    -78.13217    -75.08384    -66.33584    -83.96048    -83.38498    -84.42799    -83.99493 

-------[ 2022-10-24 07:38:00 ] # GEN2 -> set 4: 2199 - 2249
sbs.hcal.adc.timeoffset = 
   -84.51724    -84.40151    -85.37778     -86.1109    -69.95172    -73.18048    -73.98544    -70.94111    -83.78297    -84.87745    -88.52392    -83.44881 
   -86.03947    -85.98837    -65.68908    -67.55561    -71.99958    -73.41581    -71.81563    -70.84504    -66.88106    -65.89497    -83.31411    -82.83252 
   -95.13516    -63.69611    -65.79192    -70.58462    -51.41587    -54.44214    -50.73458    -50.86139    -66.56832    -65.57009    -63.88625    -64.87665 
   -67.99111    -66.45521     -68.0215    -66.54362    -53.68487    -54.97223    -54.16341    -53.87659    -65.76341    -66.50853    -65.12402    -64.46481 
   -66.65997    -66.44579    -64.41194    -66.55611    -74.89847    -74.23017    -53.16962    -52.17848    -65.13815    -65.58013    -84.28748    -83.91212 
   -66.58876    -66.55093    -66.75315    -66.45937    -71.78233    -75.29255     -55.5452    -52.91674    -67.33962    -65.39806    -85.61143    -85.77896 
   -61.25208    -64.34357    -63.14391    -62.22746    -52.95102    -50.01244    -54.02662    -51.82243    -67.38913    -65.15481    -66.49996    -67.23693 
   -85.96741    -86.11876    -85.78833    -85.89267     -72.9779     -74.2528    -73.66941    -72.40854    -82.96784     -83.9812    -82.96023    -85.45829 
   -65.28527    -66.51549    -64.91397     -66.3545    -72.09098    -74.43521    -52.44897    -51.63008    -65.68478    -65.28868    -84.11443    -84.85861 
   -64.59901    -65.97308    -85.44205    -85.05838    -74.34637    -73.44152    -54.50735    -53.89594    -85.14615    -83.53528     -85.4913    -84.69598 
    -68.2773    -66.94724    -65.70102    -66.30859    -75.29178    -73.86838    -55.36273    -55.50682    -67.34869    -66.70779    -83.77931    -83.69775 
   -85.39967    -87.00282    -84.45953    -83.71655    -54.88214    -54.54975    -72.63074    -72.09904     -85.1276    -84.34812    -66.90303    -66.59587 
   -63.67571    -63.85465    -62.91563    -62.46141    -49.48195    -54.54409    -49.65725    -49.36949    -64.67719    -63.22643    -66.69171    -67.26492 
   -68.99804    -65.70117    -67.12368    -65.21032    -55.95524    -53.82115    -56.48329    -54.04671    -66.89188    -64.39297     -67.8234    -66.20219 
   -81.94942    -84.58267    -85.09325     -83.7171    -54.83092    -56.82323     -72.6512    -71.91793    -85.01427    -80.92291    -67.30165    -67.42104 
   -68.01744    -65.78725    -66.55575    -66.61348    -54.10565     -54.3353    -56.02664    -54.03034    -65.40272    -66.28493    -66.51628    -67.94971 
    -65.8914    -66.33139    -63.88182     -64.4674     -49.9499     -56.3867    -51.13065     -49.0593    -65.69534    -63.21379    -66.34189    -63.96414 
    -67.1473    -64.74324    -71.12882    -66.24271    -54.96181    -56.14038    -55.21598     -52.8397    -67.54395    -66.55224    -68.99237    -66.88559 
   -63.91069    -62.74885    -66.69154    -63.19922    -53.30971    -52.74718     -53.1781    -53.93858    -66.01413    -64.85467    -67.65301    -65.33434 
   -65.40851    -66.85426    -65.88192    -66.31938    -51.97004    -52.78972    -54.26532    -50.90245    -66.79041    -68.05887     -65.2642     -66.0081 
   -63.45788    -63.55798    -67.80687    -66.65311    -70.87215    -73.24052     -51.5133    -50.65309    -64.74226    -63.48731    -83.43868    -83.61282 
   -65.02786    -65.44007    -68.55763    -66.02668    -73.04239    -76.10878    -55.58082    -53.83626    -65.78008    -66.82572    -85.53516    -86.76369 
   -127.5293    -67.71554    -67.37859    -66.19132    -72.06615    -74.57247    -51.31168    -55.50157    -67.59752    -66.51199    -84.72197    -86.93591 
   -83.10053    -82.10876    -84.78381    -86.13394    -74.41424    -73.68131    -71.11183    -67.10605    -84.97704    -84.93425     -84.2057    -83.42466 

-------[ 2022-10-26 16:20:00 ] # GEN2 -> set 5: 2250 - 2276
sbs.hcal.adc.timeoffset = 
   -84.15054    -84.22895    -85.39306    -86.14314    -70.48329    -73.38183     -74.1003    -71.20525    -83.98576    -84.96711    -88.64467    -83.05071 
   -85.78571    -86.20626    -66.03253    -67.95901    -72.21515     -73.4497    -72.09914    -71.10477    -66.93044    -66.19338    -83.68779    -83.52594 
   -102.0276    -64.13999    -66.24035    -70.76465    -51.69284    -54.63525    -50.98483     -51.1381    -66.58653    -65.82947    -64.48096    -65.42872 
   -67.79173    -66.36356      -67.999     -66.6379    -53.90273    -55.01194    -54.20906    -53.80534    -65.85413    -66.82041    -65.47539    -65.34593 
    -64.5805    -64.73845    -62.78179    -66.80524    -75.11675    -74.05111    -53.25752    -52.29267    -65.37932    -65.61154    -84.42785    -83.92444 
   -64.67535    -66.76411    -66.71679    -66.76048    -71.95947    -75.39244    -57.24361    -53.05695    -67.41238    -65.41409     -85.6115    -85.75032 
   -60.73017    -61.92247    -63.93258    -62.82939    -53.16947    -50.47311    -54.12071      -51.902    -67.55505    -65.30428    -66.66438    -67.28791 
   -84.74866    -86.77756    -86.85526    -86.23743    -73.13101    -74.39289    -73.74845    -72.52015    -82.89851    -84.11199    -83.03227    -85.91429 
   -64.30659    -67.83788    -65.73603    -66.81097    -72.51524    -74.55548    -52.77656    -51.84622    -65.84614    -65.07674    -84.21948    -85.07379 
   -64.44404    -65.78029    -85.43489    -85.38466    -74.73325    -73.59514    -54.70964    -54.03883      -85.425    -83.83652    -85.55315    -85.15557 
   -68.07845    -66.72102    -65.93464    -66.70983    -75.49339     -74.0123    -55.66871    -56.13476    -67.47398    -67.00892    -83.06825    -84.11092 
   -85.14157    -88.32891    -86.11786    -85.47135    -55.30963    -54.93779    -72.92252    -72.29423    -85.35428    -84.67325    -67.22049    -67.11352 
   -63.65366    -65.25344    -64.76358    -63.62408    -49.71135    -54.78115    -49.85987    -49.56837      -64.728    -63.15402    -66.88884    -67.61614 
   -68.73395    -66.44227    -68.26884    -66.28096    -56.21108    -53.96611    -56.77015    -53.93825    -67.15067    -64.67874    -68.23017    -66.37079 
   -83.58644     -86.1588    -85.86407    -84.41267    -55.32534     -57.2873    -72.53951     -72.0894    -85.04179    -81.45024    -67.63907    -67.52234 
   -69.75038     -67.6896    -68.45792    -67.87306    -54.88128    -54.28827    -56.57802    -54.21112    -65.47498    -66.28392    -66.75315    -68.16612 
   -67.50218    -67.74611     -66.3134    -66.69722     -50.5371     -57.0506    -51.20399    -46.76532    -65.91885    -63.27424    -66.31253    -63.77831 
   -68.59287    -67.04284      -74.217    -66.38229    -56.24766    -56.93058     -55.2843    -53.27977    -68.15824    -66.85414    -69.02823    -67.18627 
   -66.41282    -65.31924    -68.13703    -65.07417    -55.30219    -53.39428    -54.02322    -55.65028    -66.10171    -65.26414    -67.54701    -65.28158 
   -68.93292    -69.02767    -68.12588    -68.39108    -53.40365    -54.06901     -56.4572     -52.2454    -66.84402    -68.73527    -65.72125    -66.38371 
   -65.51713    -65.57562    -68.67325    -65.73439    -72.96861    -75.52697    -53.29008    -51.89096     -65.6607    -64.20308    -83.35037    -83.88119 
   -66.44138    -66.75577    -69.15358    -68.23145     -74.9351    -77.33409    -57.23897    -55.13568    -66.75805    -66.97832    -85.18773    -86.17286 
   -136.5698    -68.80966    -68.67255    -68.57148    -74.12136    -76.68809    -53.23927    -54.57511    -67.62192    -66.72543    -84.97556    -87.39955 
   -84.73084    -83.87964    -86.60968    -87.28222    -75.37647     -76.1354    -73.02557    -68.79015    -86.39792    -85.79195    -84.74031    -84.36489 

-------[ 2022-10-29 01:12:00 ] # GEN2 -> set 6: 2302 - 2323
sbs.hcal.adc.timeoffset = 
   -82.29283    -82.36587    -83.56466    -83.95828    -68.30137    -70.97295    -72.14426    -68.96204    -81.65866    -82.97952    -86.47354    -79.85199 
   -83.50427    -83.89082    -63.87116    -65.52578    -69.75314    -71.37444    -69.87006    -68.94404      -64.688    -64.05666    -81.15478    -79.84699 
   -99.62134    -61.91002    -64.09939    -68.76575    -49.63364      -52.499    -48.77998    -49.36374    -64.53494    -63.66566    -37.65868    -62.73538 
   -66.33705    -64.84617    -66.33466    -64.61225    -51.83006    -52.75466    -52.08329    -52.00715    -63.72263    -64.55028    -63.13644    -62.43585 
   -65.24452    -65.00495    -62.58872    -64.57351    -72.88889    -72.15847    -51.11888    -49.99617    -63.16458    -63.71874    -82.42488    -81.92765 
   -59.86018    -65.26014    -65.20164    -64.62869    -69.89943    -73.25501    -53.31137    -51.06419    -65.02919    -63.44532    -83.42795    -83.44423 
   -55.95833    -59.45954    -61.79127    -60.04739    -51.04102    -48.23739    -52.07901    -50.09528    -65.48092    -63.28969    -64.59628    -65.15815 
    -79.9323    -84.11388    -84.22518    -84.08318    -71.36501    -72.30539    -71.61112    -70.24482    -80.74698    -81.99345    -80.84215    -83.91053 
   -59.44344    -63.95357    -62.80152    -64.96501    -70.26162    -72.28426    -50.46142    -49.82729    -63.91172    -63.33975    -82.12734    -82.74991 
    -62.4769    -63.94701    -83.52516    -83.45735    -72.48306     -71.4795    -52.69393    -52.12943    -83.17718    -81.45609    -83.50587    -82.45322 
   -65.59604    -64.43787    -63.89013    -65.38193    -73.31586      -72.096    -53.59779    -53.50754    -65.43182    -64.99167    -81.38579    -82.02202 
   -82.93562    -85.44414    -83.36157    -81.77611    -52.85581    -52.87792    -70.91458    -70.20856    -83.20023    -82.39861    -64.94606    -64.53543 
   -60.63971    -62.37124    -61.88076    -61.00712    -48.07011    -52.66782    -47.94553    -47.37593    -62.74101    -61.24795    -64.77739    -65.31173 
   -67.12801    -63.61984    -65.55112    -63.47995    -54.40161    -51.89499    -54.60835    -51.95809    -65.03301    -62.45284    -65.81131    -64.39221 
   -80.74181    -83.37934    -83.13041    -81.73149    -52.96237    -54.88105    -70.43999    -69.94101    -83.01758    -78.81593    -65.42177    -65.43973 
   -67.09494    -65.02098    -65.90256    -65.10853    -52.58699    -52.34197     -53.7966    -52.09105    -63.83266    -64.51633    -64.41872    -65.99659 
   -64.73989    -65.17336    -63.71632    -63.79719    -48.84758    -55.19884    -49.04825     -47.0491    -63.77723    -61.23927    -64.38057    -61.90257 
   -65.92271    -64.37918    -71.18129    -64.07607     -53.9234    -55.01269    -53.10974    -50.91515    -65.74935    -64.75879    -67.05622    -65.15096 
   -64.07777    -60.69214    -64.59511    -61.66786    -51.86247    -50.74012    -52.22198    -52.81413    -63.72967    -62.94841    -65.65795    -63.40851 
   -64.44021    -65.52924    -64.67966      -64.947    -50.70403    -51.58884    -53.14833    -48.84425    -64.57666    -65.97653    -63.39529    -64.31969 
   -62.18114    -62.23089    -64.36403     -63.0628    -70.28734    -72.19095    -51.73407    -49.14378    -63.24937    -61.44962    -81.28391    -82.10588 
   -63.02818    -63.51387    -68.63113    -67.62197    -74.15319    -76.53425    -56.44359    -53.56217    -64.67869    -65.04186    -84.29879    -85.80676 
     -134.29    -68.27566    -68.05749    -67.83603    -73.29235    -75.92186    -52.56148    -53.79112    -66.03097    -65.18405    -83.77601    -85.21689 
   -84.31412    -83.23315     -85.9142    -86.40095    -74.51351    -75.24035    -72.21537    -68.73231    -84.66429    -84.75898    -83.31859    -82.31674 

########################################################
########################################################

############               GEN3             ############

########################################################
########################################################
-------[ 2022-11-10 00:00:00 ] # Beginning of GEN3 -> set1: 2506 - 2587
sbs.hcal.adc.timeoffset = 
     -80.791    -80.95494    -81.50609    -82.17719    -66.75068    -69.91675    -70.90219    -67.99216    -81.03619    -81.79145     -85.6749    -80.12133 
   -82.48458    -82.69769    -62.48709     -64.2611    -68.42902    -70.34867    -69.04848    -68.22757    -64.31517    -63.44223    -80.15935    -79.55101 
   -90.18385    -60.76456    -63.15812    -67.78851    -48.90084    -51.58166    -48.17026    -48.45883    -63.63632    -63.03707    -61.10947    -61.78768 
   -64.38758     -63.1757    -64.86173    -63.61872     -50.7403    -51.73064    -51.03555    -50.71757      -62.888    -63.61597     -62.3411    -61.71108 
   -63.19891    -63.43444    -61.50626    -63.56631    -71.87673    -71.12783     -50.3261    -49.20009    -62.35414    -62.66705    -81.56998     -81.5825 
    -62.9518    -63.08884    -63.11536    -62.81496    -68.87574    -72.22658    -52.66852    -49.79632    -64.84558     -62.4738    -82.68151    -82.95346 
   -58.90364    -60.09492    -60.30367    -59.19532    -49.97368    -47.30435    -51.03777    -48.89653    -64.70627    -62.27901    -63.72413    -64.13041 
   -82.95523    -82.65079    -82.85603    -83.22857    -70.24685    -71.49473    -70.90094    -69.42641    -79.86706    -80.99412    -79.96618    -82.66672 
    -62.2156    -63.64072    -62.39467    -63.89484    -68.50944     -71.4899    -49.58006    -48.77633    -62.81731    -62.68906    -81.30707    -82.56345 
   -60.98094    -62.43227    -82.17853     -82.1914    -71.56062    -70.19247    -51.37365    -50.87724    -82.22988    -80.44108    -82.28004     -82.3822 
   -64.53295    -63.32748    -62.72454     -63.3557    -72.23596    -70.76382    -52.23524     -52.3433    -64.22566    -63.80359    -81.02414    -80.27857 
   -81.60679    -83.89593    -81.79435    -81.02444    -51.61489    -51.44958    -69.45585    -68.79188    -82.02276    -81.19267    -64.32094    -63.90672 
   -58.54649    -60.55533    -60.15966     -59.8177    -46.47365    -51.52922    -46.64296    -46.42186    -61.70165    -60.19488    -63.88171    -64.55316 
   -64.41754    -62.38321    -64.22162    -62.26769    -53.07618    -50.88773    -53.41164    -51.08806    -63.85031    -61.62336    -65.23886    -63.61428 
   -80.17707    -82.73291    -82.43976    -81.14669    -51.60679    -53.67702    -69.61449    -68.77702    -82.13783    -78.06342     -64.4474    -64.67514 
   -65.78007    -63.70612    -64.64977    -64.08916    -51.59449    -51.12909    -53.16673    -51.18788    -62.59137    -63.52019    -63.42026    -65.06737 
   -63.07978    -63.64424    -62.12539    -62.56036    -47.57244     -53.9602    -47.89256    -46.18421    -62.51382    -60.12725    -63.08684    -61.27314 
   -64.08447    -62.34805    -70.42748    -64.01236    -54.05677    -53.95241    -52.65561    -49.97643    -64.39593    -63.28673    -65.74583    -64.83269 
     -61.723    -60.39302    -64.32883     -61.3755    -51.62554    -50.18652    -50.13837    -51.17407    -63.14302    -62.11749    -64.75509    -62.82281 
   -63.53182    -64.91225    -64.07271      -64.341    -50.22741    -51.04432    -51.92194    -48.38141    -63.64186    -65.06709    -63.15364     -63.4719 
   -61.09782    -61.20151    -64.14364      -63.039    -70.37337    -71.97236    -49.67501    -48.55235    -62.26741    -60.63101    -80.35689    -80.71587 
   -61.73034    -63.20009     -66.2997    -65.34217    -72.03443    -74.19679    -53.89083    -51.82885    -63.92087    -64.18389    -82.77575    -84.19435 
   -138.6402    -65.59443    -65.35915    -65.26843     -70.8556    -72.97917     -49.6823    -51.06904     -65.1277    -64.03506    -82.81883    -84.80215 
   -81.32207    -80.35933    -83.16011    -83.84685     -71.3994    -72.15745    -69.05637    -65.81931    -83.59157     -82.9243    -82.14247    -81.68228

# TDC calibrations
sbs.hcal.tdc.calib = 0.11186
sbs.hcal.reftdc.calib = 0.11186
#sbs.hcal.tdc.calib = 0.112

sbs.hcal.adc.gain =
0.0039889  0.00128798  0.00351214  0.00304626  0.00178882  0.00321967  0.00370097  0.00538299  0.00562417  0.00373941  0.00378799  0.000633862
0.00520895  0.00338083  0.0030498  0.00317888  0.00340223  0.00366155  0.00193201  0.00120488  0.00261594  0.00191047  0.00220593  0.00150784
0.00441658  0.000461582  0.00208881  0.0029775  0.00312377  0.00318154  0.00172035  0.00135676  0.00185802  0.00231655  0.000455306  0.00330544
0.00436244  0.00328013  0.00247223  0.00262148  0.00223438  0.00241157  0.00358388  0.00382255  0.00332765  0.00308228  0.00283086  0.00274235
0.00506454  0.00258675  0.0035962  0.00371409  0.00277337  0.00221793  0.00324089  0.00354378  0.00341344  0.00318377  0.00251804  0.00464735
0.00460318  0.00399507  0.00320026  0.00340855  0.00341407  0.00393455  0.00280911  0.00354402  0.00312763  0.00196297  0.00314434  0.00228746
0.00116751  0.000503237  0.000643808  0.00114133  0.00203091  0.00195993  0.00425265  0.00289978  0.00330762  0.00360454  0.00257031  0.00195038
0.00406648  0.00352459  0.00283006  0.00378484  0.00337725  0.00295633  0.00372527  0.00387856  0.00399679  0.00305219  0.00350666  0.0105246
0.0032085  0.0037154  0.00257967  0.00314446  0.00415051  0.00356416  0.00313692  0.00374954  0.00329459  0.00342744  0.0038239  0.00250488
0.00267758  0.0032176  0.00323574  0.0042899  0.00338817  0.00320914  0.00418408  0.00375483  0.0031688  0.00379163  0.00240424  0.00569117
0.00274208  0.00363218  0.00270794  0.00440605  0.00376085  0.00409377  0.00416324  0.00387202  0.00381735  0.00399151  0.00237928  0.00179629
0.00306014  0.00367268  0.00317762  0.00331898  0.00457409  0.00423316  0.00336439  0.00377546  0.00332551  0.00414234  0.00419546  0.00317911
0.000805846  0.00102166  0.00142418  0.00123716  0.000931054  0.00255416  0.00295893  0.0040587  0.00395652  0.00236093  0.0026808  0.00193539
0.00487595  0.00288794  0.0081895  0.00237829  0.00130864  0.00408995  0.00294904  0.00417412  0.00294119  0.00367078  0.00338025  0.00407252
0.00117499  0.00402459  0.00274081  0.00340036  0.00373784  0.00352249  0.00377277  0.00365362  0.00342565  0.000296487  0.00361878  0.0036668
0.0053297  0.00269585  0.00617006  0.00373156  0.00338132  0.00256071  0.00370952  0.00440677  0.00343897  0.00376186  0.00284975  0.00432076
0.00279033  0.0017532  0.00456931  0.00339772  0.00273703  0.00381077  0.00379556  0.00142082  0.00252452  0.00289813  0.00341657  0.00185868
0.00248728  0.00323249  0.00589091  0.00431098  0.00370276  0.00347915  0.00349444  0.00509363  0.00352787  0.00332383  0.00407056  0.00317162
0.00119569  0.00985387  0.00364226  0.0033701  0.00385245  0.00306143  0.0032876  0.00434218  0.0027088  0.00318454  0.00366108  0.00448647
0.0011466  0.00339084  0.00258963  0.00289689  0.00460523  0.00234246  0.00312448  0.00265205  0.00326769  0.00316551  0.00353991  0.00416476
0.00213936  0.0033153  0.00343437  0.00236769  0.00257756  0.00242262  0.00359525  0.00356079  0.00311673  0.00284726  0.0026382  0.00474062
0.00472944  0.00113063  0.00418324  0.00272031  0.00311871  0.00382863  0.0034593  0.0031926  0.0030355  0.00209083  0.00319271  0.00122774
0.00211308  0.00241254  0.00175832  0.0025008  0.00240643  0.00144068  0.0022085  0.00226098  0.00212041  0.00236081  0.00290083  0.00564024
0.00731553  0.00503688  0.00690018  0.00507492  0.00473701  0.00515717  0.00838759  0.00304382  0.00345946  0.0020107  0.0030928  0.00208196

sbs.hcal.tdc.offset =
-504.917 -531.114 -517.279 -519.003 -651.171 -625.163 -610.014 -632.598 -521.306 -517.497 -488.605 -529.087
-505.896 -519.296 -518.158 -506.749 -630.627 -617.78 -639.509 -630.438 -486.081 -507.777 -533.434 -527.964
-491.522 -546.367 -521.922 -503.116 -632.538 -626.697 -646.437 -644.693 -500.051 -507.767 -533.033 -524.13
-484.795 -488.735 -486.326 -500.302 -609.351 -607.912 -594.456 -595.616 -492.093 -486.048 -503.499 -509.973
-486.52 -486.998 -491.464 -483.498 -559.838 -586.895 -590.575 -598.946 -486.537 -480.893 -486.234 -490.219
-511.714 -508.38 -501.931 -507.577 -589.515 -569.093 -605.755 -621.838 -497.722 -493.941 -474.337 -472.275
-556.322 -556.261 -532.932 -532.296 -643.749 -650.644 -618.872 -640.302 -504.053 -509.612 -516.104 -518.725
-516.261 -529.806 -526.649 -525.869 -616.57 -620.504 -628.94 -642.114 -536.217 -521.776 -536.433 -504.954
-522.501 -522.721 -520 -514.56 -618.047 -612.997 -623.275 -635.598 -514.194 -509.779 -525.608 -510.02
-519.172 -534.667 -526.228 -528.646 -611.545 -613.088 -621.463 -626.674 -517.435 -530.748 -525.32 -509.868
-498.745 -512.29 -512.495 -529.595 -594.049 -613.167 -613.768 -614.692 -514.783 -518.202 -515.11 -538.046
-516.63 -513.67 -518.043 -524.078 -612.526 -599.873 -625.391 -630.942 -511.326 -514.668 -509.918 -505.297
-508.473 -504.884 -504.904 -501.08 -631.994 -595.128 -614.304 -608.384 -482.582 -492.944 -491.808 -489.71
-477.083 -495.424 -465.52 -496.921 -560.205 -597.287 -575.948 -600.402 -490.339 -497.926 -466.04 -485.029
-520.004 -492.915 -493.857 -502.18 -594.542 -574.945 -583.299 -605.134 -495.155 -534.284 -498.835 -490.128
-469.898 -502.69 -459.446 -464.988 -602.295 -608.416 -582.8 -586.257 -486.352 -474.276 -502.873 -504.256
-487.542 -493.285 -486.93 -486.575 -619.852 -587.535 -615.748 -620.696 -495.949 -494.682 -489.722 -517.486
-677.549 -684.048 -629.92 -648.673 -578.738 -577.028 -749.283 -763.039 -643.08 -666.53 -469.681 -479.68
-493.814 -497.649 -477.018 -501.62 -750.175 -733.776 -587.011 -586.019 -486.194 -487.269 -638.899 -662.415
-498.218 -469.395 -485.345 -491.322 -756.321 -760.016 -587.922 -612.027 -485.368 -473.92 -659.198 -645.895
-511.408 -504.338 85.6939 -477.612 -691.401 -746.371 -602.911 -594.425 -500.28 -496.014 -662.59 -632.898
-530.918 -527.365 -495.639 -494.393 -588.274 -572.961 -578.534 -617.994 -492.504 -500.18 -501.038 -502.079
-514.857 -486.111 -483.571 -490.869 -593.795 -563.464 -601.795 -586.603 -473.188 -483.569 -490.92 -478.34
-671.25 -647.279 -502.738 -517.064 -578.591 -578.471 -758.976 -763.394 -487.395 -497.445 -490.475 -484.954

sbs.hcal.meantime_offsets =
        -2.5558        -1.77282        -0.34534       -0.629617        0.046488       -0.887086         0.49663        -0.28926       -0.270209      -0.0609502       -0.102739        -3.08028
       -1.19322       -0.104453       -0.114696       -0.603439         0.34613        0.827252        0.697709       -0.219044        -1.09335         -1.5216        -1.92816         4.01891
       -3.44189        -0.40786         1.69858        -1.17398        0.249637         1.74526         1.78386       -0.685788        0.710759          1.0085        -1.08379        0.533225
       -2.06818       0.0143838          1.0989       -0.402378         -1.1132       -0.541578        0.266778       0.0521369        0.239075         1.66767        0.741108         1.26503
       -1.65451      -0.0227995      -0.0768709        0.460553       -0.504884         1.32479         3.01048         1.38871       -0.397516         1.93052        0.415555         3.55648
       0.954394          1.7126         1.00475        -1.68572        0.526181        0.693264         2.42858        -2.58834        -1.64632        -1.73227       -0.119736         0.40194
         1.6997         4.05599        0.685221         1.61806         2.60965        -6.39293         1.77406       -0.434952        -1.42675       0.0712047          1.7602        -3.39929
         0.2156          2.6027         2.12665         2.36641         2.05591         1.62742        0.959547         1.22528       -0.336202       -0.853137        0.483061        0.531806
        3.38824        0.638714         1.29501         3.10465         1.03417       -0.493189        0.353326         0.38759         1.14352         1.00009       -0.329133        0.764228
        1.73992         1.26559         1.91568        0.271714         2.51571         3.72492        -0.50419        0.302622       -0.482983         2.69464       -0.190826         6.06185
      -0.918926        -3.28708         2.97474         1.24038         1.62474        0.280937         1.34522       -0.609101          1.3451        0.562216        -3.03772        -2.35821
        1.56347         1.41335        0.704724        0.383445         1.72948        0.531267         2.74857          1.2543         1.05211         1.60904         2.39339         1.79806
        7.90888         2.85775       -0.056747         1.91503         1.85507         1.85034        0.987212         1.40581         1.15148        -1.10388        0.797001        -2.82645
       -1.49144        0.932294        -1.73667        0.631822         1.73268          1.9177        0.779216         1.48466         2.57056         3.09958        0.625539         2.23061
        2.59033        0.520785         1.21504       -0.658515        0.160105       -0.126908         1.40496         1.44465         0.90921        -0.73561        0.771515         1.90593
      -0.463325        0.334006        -3.28914        -1.75881         1.35483         1.84817        0.995811        0.489014        0.755332         2.75635        0.368287        0.781939
       -2.46492         1.81018       -0.585535        0.973494         1.67491        0.124262         1.83083        0.435909         0.31416        0.789719         4.50565        0.224364
       0.116475          0.3138       -0.895636        -2.15869        0.145803        0.429777         2.18171       -0.121871         1.41176        0.714598         0.48521        0.501647
      -0.999793        -7.96162         1.93242        0.106022         0.55575       -0.407793        0.540283         1.55472          1.7083         1.33509         1.50117         1.84556
        2.03422         1.12349        -1.27938         1.02299        0.762818         3.02295         -1.8742           1.878       0.0129921        0.615353         1.42794         5.21433
        3.28793         1.30995        0.629305        -3.42718        0.629305         1.37283         1.21109         2.09206         1.19885         0.71143         -0.7004        0.152677
        2.18825        -6.01356        0.605354         1.22762       -0.916396        -3.67125        -4.64169         1.85917         2.86102         1.76811       -0.990373        0.350434
       0.681044          1.6097         -2.1787        0.575957        -2.66718        -9.69326        -1.38396        -2.14783         2.25886        -2.30037        -2.51694        0.414602
       0.752905      -0.0929039        0.379019         3.55743      -0.0539895         2.84382          2.5424         1.09407         4.62717         2.92859        0.114383        0.527192

sbs.hcal.tw0 =
     -0.0156833     -0.00654317      -0.0489943      -0.0301468      -0.0308377      -0.0132079      -0.0244059      -0.0120473     -0.00913962     -0.00823008     -0.00603128       0.0157937
     0.00390117     -0.00207509    -0.000963313      0.00215481     -0.00155333     -0.00284041     -0.00150107      0.00268232      0.00604487      0.00763668      0.00913071        -8.14772
        3.84268       0.0123065        -4.58107       -0.109425       -0.259331        -5.04728        -4.77039       0.0199147        -3.88108        -7.43608         2.69714        -4.16593
       -1.69288       -0.100694        -2.89603       -0.909351         2.32624         2.17076       -0.595438        -1.48084        -3.74113        -5.98873        -1.86514        -1.99012
        2.71294        0.626043        -1.42478        -2.84735         1.58133        -3.29819        -8.15673        -5.15681         0.71195        -8.21184        -1.83248         -8.8731
       -2.92042        -3.74068        -1.13433         4.83076      -0.0935734        -1.65704         -4.1992         5.60966         2.27003         2.77822        -2.31502        -5.13762
       0.338347        -4.56045        -3.61005        -4.59806        -2.88975         7.73437        -2.05538         2.81359         3.55471       -0.807542        -4.41461         4.52419
      -0.156351        -1.53572        -2.09302        -2.55815        -2.57009       -0.828238       -0.784339       -0.347295        0.307136         1.97681       -0.552917        -10.3902
       -7.09008        0.628854        -2.55428        -3.17276       -0.137382         3.30501      -0.0607431         3.55199        -2.03108       -0.317413       -0.154021         2.77405
       -4.30853        0.441175        -2.66218        0.263712        -1.51244        -4.47874         2.91122         1.83691         2.44602        -4.13803         2.25359        -7.35088
        3.77556         4.55339        -7.22832        0.129173       0.0725272         1.71557          0.5147         4.77293        -1.51227         1.68562         4.12517         11.8051
       -1.01582        -0.39985        -1.58361        0.086193      -0.0741229        -1.87164        -2.36576       -0.478005        -0.96011       -0.614066        -2.83924        -3.96119
       -6.56797        -1.22085           2.053        -2.82395        -2.07124        -3.87381         2.00431        0.584982       -0.914668         2.83509         1.61483         6.70353
        1.77386        -1.03376         2.54946         2.76792        -3.83626        0.539348        0.455523          -1.026         -3.8932        -3.38686         2.80075        -3.41763
        2.29561        -1.09178       -0.320942         3.20753         5.04232         3.44708        -3.54761         -1.8894         0.46342         4.80168       -0.914784        -2.26876
      -0.826121         2.83007         7.93734         1.33979        -2.23454      0.00609021       0.0849367       -0.489071        -2.58273        -4.41527         1.69852        0.843084
        4.88174        -4.10214        -2.62631        -2.10551        -2.01332         2.25046         0.80074        -1.51138         2.82567        -2.12942         -6.3101         3.45981
        3.06514         3.44497        -0.87613         2.32914         2.05486           2.231         -1.5714         3.90668        -2.41083         2.31599         2.68354        -2.11159
        11.4418         9.59525        -1.52892          1.7375         1.38701        0.822942         1.23425       -0.780219        -0.16641        -2.66599        -1.24616        -1.47046
      -0.850291        -5.99591         5.11314       -0.378976        0.208288         -5.3837         8.72484      -0.0933037       -0.834625        -1.21014       -0.913452        -9.70419
       0.900377         2.20641       -0.378657         7.28638       -0.378657         -2.4229       0.0830346        -8.13236        -2.08505        -1.09089         2.07571         -2.9064
       -1.94669          28.395        0.421456        -6.64368       -0.768576         7.37059         10.7826        -2.22413        -8.61344        -1.90123        0.547152        -10.7368
       -2.01604        -9.76229          8.2973         2.63376         14.2209         19.6335         3.71979        -2.09481        -7.88542       0.0852451          5.0068        -1.39526
       0.505201        -1.37529          2.7335        0.633667        0.592779        -2.60056       -0.688093         -1.8279        -10.3803        -6.95358       -0.788524        -3.57429

sbs.hcal.tw1 =
        1.15589        0.877199         1.07747        0.921973        0.472003        0.923442            0.65        0.900714         1.01245        0.764717        0.669053        0.581728
        1.31981         0.92743        0.835402         1.01303        0.750889         0.58594        0.558517        0.129664        0.719395         0.85969         0.92839       -0.858148
        1.35805         0.76784        0.563409         1.00491        0.675983        0.434402        0.298628         0.76403        0.550165        0.532545        0.467859        0.327345
        1.71695        0.985335         0.61814         0.97137         1.01273        0.734781        0.748164        0.819736        0.841447        0.531581         0.65954        0.231432
        1.76156          0.9136           1.159        0.924218        0.936858        0.495341        0.344137        0.646163        0.975281        0.540182         0.71117        0.147042
       0.960477        0.624962        0.778595         1.36676        0.858588        0.840418        0.320672         1.39973         1.25176        0.991619        0.891175        0.453902
     -0.0547497      0.00916454        0.162761        0.179959        0.325316         3.02957        0.616627        0.988718         1.44234        0.987756        0.400346         1.18208
        1.22063        0.583089        0.767479        0.754645        0.536465        0.503833        0.818773        0.701949         1.15536         1.11003        0.846994         1.14219
       0.502262         1.16216        0.890147         0.67948        0.960726         1.17547        0.905518         1.05494         1.05226        0.977355         1.25816        0.452481
       0.352068        0.999264        0.841091         1.23302        0.676521        0.374133         1.17686         1.05656         1.29316        0.623045        0.982788       -0.338877
        1.08664         1.64823        0.553774         1.23906          0.7446         1.03933        0.852455         1.17339        0.870562         1.14011         1.16958        0.781205
       0.644176        0.927667         1.08043         1.15582        0.872074        0.732508        0.568418        0.829334         1.01126        0.940786        0.737103         0.44382
        -1.3298         0.17933        0.903956        0.644373        0.421072        0.546242        0.879601        0.981541         1.09709         1.32904        0.874038         1.24204
        1.63129         1.04897         2.27811        0.930906        0.430261        0.831375        0.838775        0.893667        0.662696        0.577183        0.899215        0.378087
       0.100395         1.01225         0.88066         1.34588         1.13675         1.05228        0.585067        0.829484         1.01825        0.687413        0.961749        0.325064
        1.40243         1.29396         1.99064         1.75128        0.974679        0.747269         0.98078         1.11649         1.00133        0.564485        0.988214         0.66299
        1.48745        0.329499         1.21062        0.711712          0.7264         1.13172        0.855617        0.616432        0.988205        0.648836        0.349047        0.327653
       0.850737         1.18497         1.85172         1.57607         1.25171          1.0148        0.723024         1.25115        0.893286        0.907505        0.967461        0.623416
       0.760991         3.61125        0.982028         1.21498         1.10223         1.04063        0.833822        0.862228        0.708129        0.870248        0.870534        0.302786
       0.163087        0.584013         1.16675         1.02889        0.986137        0.330523         1.31729        0.487608         1.14596         1.16145        0.754527       -0.299738
      0.0610263        0.901665        0.864194         1.38842        0.864194        0.714892         0.76331        0.370205        0.828169        0.919746        0.952213        0.485284
       0.622684         1.56008         1.17881        0.815162         1.06768         1.56561         2.12215        0.566406         0.49285        0.439759         1.30433        0.633797
       0.913104        0.838476          1.3607         1.01794         1.30958         2.19573         1.03333         1.05756        0.391556         1.44194         1.34965        0.756319
       0.580543        0.715422        0.754048      0.00430792        0.666381        0.335169        0.529523        0.454417      -0.0115061        0.141697        0.756077         0.67523

-------[ 2022-11-16 09:10:00 ] # GEN3 -> set2: 2613 - 2699
sbs.hcal.adc.timeoffset = 
   -79.80301    -79.93346     -81.0325    -81.39536    -65.66918     -68.6946    -69.22618    -66.55074    -78.87396    -80.20491    -83.81381    -78.63322 
   -81.06159    -81.31278    -61.09236    -62.89939    -67.32154    -68.58746    -67.09753    -66.27719    -62.48518    -61.24533    -79.00045     -79.6489 
   -86.20291    -59.01206    -61.48271    -65.62795    -46.88249    -50.02093    -46.32254    -46.55968    -61.88071    -61.21401    -59.57939     -60.3951 
   -62.98269    -61.71118    -63.43039    -61.84253    -48.78159       -50.13    -49.48154    -49.28791    -61.27129    -62.19801     -60.5906    -59.10988 
   -61.99532    -61.75759    -59.73981     -61.7888    -70.19973    -69.60131    -48.53692    -47.36983    -60.71939    -60.95249    -79.77151    -79.64307 
    -61.3595    -62.04076    -61.90961    -61.94758    -67.12984    -70.71235    -50.81609    -48.32071    -62.88826    -60.73015    -81.01123    -81.33576 
   -57.39636    -58.20232    -58.07756    -57.48783    -48.14969    -45.52651    -49.41373    -47.16482    -62.64989    -60.63271    -62.17929    -62.43196 
   -81.05019    -80.80958    -80.93327    -80.97115     -68.2866    -69.58755    -68.83944    -67.66443    -78.32305    -79.48287     -78.6353    -80.84184 
    -60.5319    -61.98182    -60.53817    -61.78446    -67.50953    -69.91438    -47.98458    -47.06708    -61.07681    -60.79588     -79.7977    -80.35701 
   -59.20804    -60.69325    -80.36951    -80.09629    -69.78964    -68.73853     -49.9565    -49.16191    -80.59759    -78.90354    -80.84927    -80.21587 
   -62.84766    -61.58841    -61.00596    -61.84943    -70.43658    -69.16392    -50.50222    -50.72919    -62.59332    -62.12714    -79.22382    -79.29407 
   -79.67444    -81.98777    -79.65826    -79.08111    -50.17689    -49.57605    -67.77571    -67.43457    -80.52527    -79.82324    -62.26414    -62.26515 
   -56.65718    -58.36121    -58.32904    -58.17382    -44.46848    -49.60973    -44.94255    -44.59563    -59.78385    -58.56078    -62.23239    -62.69899 
   -62.39094      -60.357    -62.58392    -60.47795    -50.92541    -48.71341    -51.82053    -49.15205    -62.19881    -59.91014    -63.38836    -61.88151 
   -77.60018    -80.29227    -80.16971    -79.05773    -50.02719    -52.09919    -68.05168    -67.27555    -80.40689    -76.26018    -62.69065    -62.65996 
   -63.84671    -61.72584    -62.81291    -62.43947    -50.02823     -49.4375    -51.47707     -49.4622    -60.87435    -61.70127    -61.77085    -63.60204 
   -61.40569    -61.94812    -60.44266    -61.65977    -45.63261    -52.27664    -46.05572    -44.42525    -61.02731    -58.53573    -61.79942    -59.15441 
   -62.22955    -60.52414    -67.71925    -60.01265    -51.12591    -51.94304    -50.89032    -47.99469    -62.66163    -61.69817    -64.31222    -62.28353 
   -60.04143    -58.83341    -62.80661    -59.96111    -49.90866     -48.7843    -48.92643    -49.85589    -61.34889    -60.44023    -63.00782    -60.72661 
   -61.95135    -63.28925    -62.48712    -62.79603    -48.25894    -49.30334    -50.30671     -46.7583    -62.22828    -63.55415    -61.04669    -61.48685 
   -59.54389    -59.62761    -62.69514    -60.47895    -67.65443    -69.37436    -47.78771    -46.24711    -60.46046    -58.96326    -78.71583    -78.78964 
   -60.04964    -60.71104     -63.1935    -62.34824    -68.97389    -71.98919    -51.62633    -49.59825    -61.96047    -62.44311    -81.02456    -81.84466 
   -136.6607    -62.57878    -62.23899    -62.20147    -67.79619    -70.96384     -47.2723    -49.17521    -63.18706    -62.05341    -80.07691    -82.45866 
   -78.24001    -77.34268    -80.07086    -81.37187    -69.46718    -70.18892     -66.6537    -63.69085    -81.60178    -80.93554    -80.53965    -79.90807 

-------[ 2022-11-20 02:38:00 ] # GEN3 -> set3: 2700 - 2770
sbs.hcal.adc.timeoffset = 
   -78.52649     -78.6904    -80.71386    -81.37687    -65.42379    -68.15316    -69.36697    -66.76152    -79.15227    -80.55565    -83.84262    -78.25227 
   -80.22247    -80.45317    -60.22447    -62.68071    -67.62255     -68.4213    -66.96415    -66.58446    -62.58427    -61.30718    -79.02121    -78.43452 
   -86.90598    -58.58716    -60.93387    -65.50692    -46.46639    -50.05844    -46.41478    -46.71905    -62.22597    -61.22538    -59.78252    -60.67108 
   -62.44073    -61.19534    -62.92354    -61.68741    -48.62821    -49.99243    -49.62979    -49.21991     -61.2454    -62.37854    -61.05377    -60.10585 
   -61.59625    -61.86202    -59.92098     -62.0155    -70.19441    -69.79433    -48.69692    -47.49843    -60.67481     -60.9963    -80.14686     -79.4278 
   -61.14362    -61.80078    -61.81107    -61.53581    -67.16602    -70.82795    -50.93298    -48.66739    -62.64712    -61.00213     -81.4456    -81.48787 
   -57.19666    -58.28682    -58.50447    -57.49919    -48.60519    -45.66058    -49.33763    -47.09476    -62.67744    -60.64971    -62.07115    -62.59584 
   -80.88851     -80.6574     -80.7973    -81.05972    -68.21027    -69.51341     -68.8704    -67.80555    -78.27469    -79.67835    -78.68192    -81.11327 
   -60.61514     -62.0948    -60.92557    -62.22405    -67.20551    -69.93121    -47.82392    -47.12902    -61.14377    -60.70426    -79.72035     -80.4698 
   -59.33884    -60.41986    -80.12888    -79.92871     -70.0391    -68.77618    -50.16215    -49.43063    -80.58528    -78.93568    -80.72221     -80.5362 
    -62.9479    -61.69394    -61.15789    -61.92745    -70.59332    -69.06387    -50.40395     -50.6745    -62.72831    -62.22392    -79.92524      -79.565 
   -79.96525    -82.28261    -80.21596    -79.22657    -49.94723     -50.0848    -68.03022    -67.60848    -80.38065    -79.90475    -62.72522    -62.25606 
   -56.97045    -58.91782    -58.66978    -58.33262    -44.81972     -50.0276    -45.15905    -44.58279    -59.53744    -58.61517    -62.27811    -63.88455 
   -63.49076    -61.29266    -63.09189    -61.13591    -50.99628    -48.97913    -51.59489    -49.25345     -62.2323    -59.99062    -62.99003    -61.77078 
   -78.70878    -81.25724    -80.98931    -79.69189    -50.27741    -52.10905    -68.05933    -67.26471    -80.37069    -76.81605    -62.79556    -62.94672 
   -64.60668    -62.51751    -63.59761    -62.72282    -50.07611    -49.92928    -51.76108    -49.31088    -60.76925    -61.76288    -62.09304    -63.36415 
   -61.94709    -62.49076     -60.7757    -61.25768    -46.37378    -52.59379    -46.75991    -44.21867     -60.9752    -58.63553    -61.89505    -59.53426 
   -62.41038    -60.70373    -67.91061    -61.52901    -51.52279    -52.85663    -50.98978     -47.8649    -62.57276    -61.83819    -64.87155    -62.70752 
   -60.20751    -59.10907     -62.9492    -60.04137    -50.05417     -48.6978    -48.83994    -49.78181    -61.33339    -60.83576    -63.00237     -61.1398 
   -62.19495    -63.54993    -62.73755    -63.06399    -48.38048    -49.34336    -50.98048    -46.87044    -62.48177    -63.30785    -60.95475    -62.00369 
   -59.81651    -59.58163    -62.66625    -60.54738      -67.842    -69.40177    -48.40351    -46.49805    -60.59123    -59.28328    -78.76267    -79.09332 
   -59.96578    -60.69655    -63.66639     -62.8753    -69.44795    -71.84967    -52.04057    -49.96847    -61.72784    -62.51722    -80.73394    -82.10911 
   -135.0116    -63.06751    -62.78638    -62.73597    -68.28611     -71.0183    -47.63762    -49.33006     -63.6159     -62.4775    -81.74169     -83.0378 
   -78.76493    -77.83462    -80.59497    -81.22285    -69.39571    -70.11919    -67.00564    -64.23344    -82.09049    -81.35343    -81.11779    -79.96312 

-------[ 2022-12-01 08:45:00 ] # GEN3 -> set4: 2959 - 3093
sbs.hcal.adc.timeoffset = 
   -81.44316    -81.53323     -82.6882    -83.22252    -67.51743    -70.41412    -71.24775     -68.3605     -80.9848    -82.25342    -86.35947    -80.39374 
   -83.10768    -83.33726    -63.10372    -64.70765     -69.0858     -70.6965    -69.14236    -68.08085    -64.60361    -63.43471    -81.26556    -80.12697 
   -88.12309    -60.43844    -62.71931    -67.82787    -48.68117    -51.97739    -47.97454    -48.56631    -63.92275    -63.02436     -61.7041     -62.7786 
   -64.43733     -63.1862    -65.09229    -63.75925    -50.95847    -51.98131    -51.49169    -51.19626    -63.22597    -63.93762    -62.71293    -62.29424 
   -63.37446    -63.62939    -61.61467    -63.72498    -72.19329    -71.46222    -50.32971    -49.38611    -62.42132    -62.87531    -81.68736    -81.17325 
   -63.61045    -64.30133    -64.23104    -63.58916    -68.96947    -72.44615    -52.92271    -50.27172    -64.65987      -62.544    -82.88116    -83.08017 
   -59.51897     -60.2486    -60.27163    -59.75601    -50.23855    -47.21927    -51.25099    -49.06588    -64.63833    -62.45981     -63.8591     -64.5586 
   -82.79325     -82.6027    -82.87718    -82.95327    -70.32194     -71.4311    -71.12479    -69.64246    -80.17028    -81.29131    -80.54932    -83.23691 
   -63.06584    -64.52551    -62.38801    -63.38279    -69.26642    -71.65046    -49.58543    -48.77177    -63.04901    -62.49715    -81.75317    -82.77714 
   -61.58418    -63.11305      -82.227    -82.24115    -71.52318     -70.6094    -51.75535    -51.23994    -82.45412    -80.91456     -82.8431    -82.02704 
   -65.23631    -63.91307    -62.83405    -63.69589    -72.43778    -70.86354    -52.49762    -52.60984    -64.41324    -64.26364    -80.96891    -81.03762 
   -81.44838    -83.82561    -81.61515    -81.09524    -51.73843    -51.66909    -69.64003    -69.30437    -82.32905    -81.66618    -64.31457    -63.72428 
   -58.31667    -60.14049    -59.71116    -59.22605    -46.48804    -51.62019    -46.67772    -46.64116    -61.83527    -60.21846    -64.06727    -64.81703 
   -64.29159    -62.36656    -64.17672    -62.37844    -52.84686    -50.84577    -53.74084    -51.14395    -64.16894    -61.59066    -65.39529    -63.53855 
   -79.52939    -82.30323    -82.06262    -80.80062     -51.9824    -53.75713     -69.8244    -69.16184     -82.2138    -77.94549     -64.7155    -64.73227 
    -65.7863    -63.81702    -64.84324    -64.22518     -51.5506    -51.35728    -53.47998    -51.30675    -62.72762    -63.83939    -63.99455    -65.50264 
   -62.74633     -63.3437    -61.88277    -62.56605    -47.57376    -54.16941    -48.33217    -46.38425    -62.97077    -60.38784    -63.78558     -61.2366 
   -64.15354    -62.48659    -69.69883    -63.02028    -52.98648    -54.05077     -52.7987    -50.14838    -64.67195    -63.77728    -65.95923    -64.30084 
    -62.0336    -60.98053    -64.63789    -61.66509    -51.73266    -50.56392    -50.69112    -51.78326     -63.1829    -62.34772    -64.94059     -62.9604 
   -63.96596    -64.93179    -64.15438    -64.46785    -50.36195    -50.89336    -52.15455     -48.6027    -64.11298    -65.36409     -62.5098    -63.28825 
   -61.22343    -61.33484    -64.10273    -62.21721    -69.40355    -71.09287    -49.45881      -48.513    -62.41289    -60.77392    -80.70644    -80.83444 
   -61.76083    -62.32857    -65.39541    -64.54081    -71.17967    -73.65393    -53.79956    -51.56254    -63.73295     -64.4664     -83.0175    -84.30126 
   -136.3456    -64.72711    -64.48406    -64.43035     -69.9662    -72.74084    -49.35707    -50.61064    -65.07709    -64.13267     -82.4815    -84.87219 
   -80.21218    -79.53278    -82.29159    -82.96446    -71.03945    -71.82288    -68.43186     -64.9849    -82.97638    -83.33317     -81.7711    -81.77356 

-------[ 2022-12-07 20:40:00 ] # GEN3 -> set5: 3108 - 3250
sbs.hcal.adc.timeoffset = 
   -81.03444    -81.18566     -82.3843    -83.14951    -67.61492     -70.3591    -71.10195    -68.31027    -81.14858    -82.33215    -85.90267    -80.23012 
    -82.6748    -82.95779    -62.97038    -64.89765    -69.35328    -70.46762    -68.95291    -68.35281    -64.53593    -63.29479    -80.85968    -80.53931 
   -89.38444    -60.95245    -63.41642     -67.8513    -48.61022    -51.71525    -48.05624    -48.27524    -63.78379     -63.1102    -61.59382    -62.24067 
    -64.6762    -63.37344    -65.28969    -63.77007     -50.6816    -52.11921    -51.52423    -51.11431    -63.26648    -63.92681    -62.74614    -61.94251 
   -63.46311    -63.72284    -61.66936    -63.70624    -72.15485     -71.3942    -50.48726    -49.52832    -62.36708    -63.03614     -81.5718     -81.1912 
   -63.24518    -63.97852    -63.99301    -63.88274    -69.14354    -72.54229    -52.72546    -50.31192    -64.51559    -62.91429    -82.95743    -83.31482 
   -59.31934    -60.42898    -60.45345    -59.20691    -50.08918    -47.51259    -51.37526    -49.03097    -64.64897    -62.51331    -64.04336    -64.45566 
    -83.3729    -83.10255    -82.77038    -83.10778    -70.19247     -71.5222    -71.13197    -69.51136    -80.37976    -81.62747    -80.44372    -82.90294 
   -62.01282    -63.45534    -62.33523    -63.58641    -69.41672    -71.69992    -49.49384    -48.88329    -63.00373    -62.62707    -81.64131    -82.50113 
   -61.08322    -62.58802    -82.44509    -81.91195    -71.48981    -70.37178     -51.7838     -51.1713    -82.40085    -80.71829    -82.72874    -82.07722 
   -64.66166    -63.40516    -63.12919    -63.52202    -72.27636     -70.9729    -52.56688    -52.78616    -64.54152    -64.08962    -80.68083    -81.17761 
   -81.46828    -83.85018    -81.76187    -80.69732     -51.7278    -51.74811    -69.56029    -69.27064    -82.30936    -81.67823    -64.32361    -64.12585 
     -57.561    -59.65218    -59.73789    -59.51035    -46.68821    -51.59666    -46.89506    -46.67879    -61.96819    -60.32652    -63.91816    -64.96916 
   -64.41209    -62.50017    -64.47025    -62.36027     -53.0961    -50.75316    -53.61103    -51.11409    -64.10257    -61.59158    -65.12132    -63.85628 
   -79.78229    -82.40563    -82.16164    -80.85571    -51.93657    -53.80099    -69.78828    -69.07498    -82.09425    -78.22697     -64.6674    -65.04901 
   -65.76037    -63.71747    -64.80015    -64.11109    -51.54358    -51.50709    -53.24124    -51.41138    -62.70666    -63.73807     -63.9062    -65.53868 
   -63.13407     -63.6445     -62.2057    -62.60427    -47.42067     -54.0096    -48.32343    -46.12129    -62.93873    -60.38136    -63.61615    -61.47149 
   -63.68337    -62.00842    -69.19156    -62.85398    -52.68705    -54.05296    -52.82923    -50.17692     -64.6095     -63.6788    -66.12078    -64.15073 
   -61.75717    -60.83271      -64.452    -61.53711    -52.07171    -50.60892    -50.79954    -51.89536    -63.15559    -62.25285    -65.17438       -62.93 
   -63.65895     -65.0847    -64.12788     -64.2322    -50.24871    -50.97267    -52.35458    -48.59901    -64.12743    -65.22405    -62.68968    -63.34873 
   -61.29278     -61.3346    -64.19953    -62.23957    -69.65061    -71.17522    -49.63984    -48.43631    -62.34679    -60.72886    -80.82393    -80.64039 
   -62.17955    -62.81686    -65.88561    -64.98838    -71.86384    -73.90597    -53.44094    -51.77515     -63.7175      -64.516    -83.02334     -84.1277 
   -141.6394    -65.24598    -64.95649    -64.62869     -69.9908    -72.82437    -49.24422    -50.73695    -65.02871     -64.2494    -82.31418    -84.57452 
   -80.74705    -80.01167    -82.74961    -82.98601    -71.10655    -71.92748    -68.37622    -65.40615    -83.22293    -83.01382    -81.65961    -82.36471 

########################################################
########################################################

############               GEN4             ############

########################################################
########################################################
-------[ 2023-01-12 00:00:00 ] # Beginning of GEN4 -> set1: 3510 - 3998
sbs.hcal.adc.timeoffset = 
   -79.88438    -80.06583    -81.07694    -81.71189    -65.81232    -68.83069    -69.78809    -66.77904    -79.48347    -80.72096    -84.17708    -79.25368 
   -81.05575    -81.45081    -61.19586    -63.14558    -67.43451    -69.05993    -67.53138    -66.30252    -62.66686    -61.62165    -79.09179    -79.23079 
   -62.18265    -59.43888    -60.81168    -66.10417    -46.95764    -49.92811    -46.14319    -46.36784    -61.89157    -61.35824    -59.36711    -60.74878 
   -63.05189    -61.61739    -63.50676     -62.0728     -49.0874    -50.22763    -49.52831    -49.39434     -61.2871    -62.11467     -60.7816    -60.25136 
   -61.73447     -62.1006    -59.93512    -61.90333     -70.2052    -69.47022    -48.64076    -47.59176    -60.62795    -61.00586    -79.84764    -79.46745 
   -61.92526    -62.42443    -61.58993     -61.8931    -67.30544    -70.71564    -50.81475    -48.31698     -62.7361    -60.82962    -81.04924    -81.30776 
    -57.4475    -57.93526    -58.48904    -57.44325    -48.46836    -45.49735    -49.28984    -47.19982    -62.72376    -60.39788    -61.96086    -61.98186 
   -81.23986    -81.17753    -81.13449    -81.24305    -68.37962    -69.53112    -68.94755    -67.62133    -78.22561    -79.25325     -78.2832     -80.8811 
   -60.26411    -61.89394      -60.473    -61.70323    -67.38567    -69.67805    -47.40886    -46.95176    -61.09291    -60.66177    -79.50012    -80.30821 
   -59.11518    -60.82323    -80.55851    -80.21498    -69.59707    -68.53072    -49.71816    -49.10571    -80.40913     -78.8347    -80.76258    -80.01019 
    -62.8436    -61.57707    -61.07428    -61.66902    -70.51832    -68.88334    -50.61733    -50.60201    -62.45728    -61.99301    -78.75506    -79.17175 
   -79.58335    -82.07221    -79.97352    -78.99378    -49.99619    -49.82662    -67.69462    -67.30171    -80.16277    -79.45695    -62.02021    -61.90884 
   -56.55723    -58.10209    -58.10878    -57.73719    -44.59986    -49.64271    -45.03754    -44.55099    -59.83463    -58.29686    -61.97586    -62.59063 
   -62.78933    -60.75449    -62.64417    -60.69792    -51.25485    -48.87135    -51.64831    -49.06808    -61.98766    -59.62261    -63.04201    -61.60392 
   -77.89959    -80.55045    -80.07581    -78.96191     -50.0283    -51.92687    -67.74224    -67.09513    -80.14533    -75.92697    -62.40564    -62.76579 
   -63.76036    -61.91052    -62.93341    -62.19291    -49.73783    -49.38167    -51.25368     -49.2465    -60.51956    -61.48461    -61.55699     -63.1458 
   -61.13221    -61.71079    -60.28061    -60.51993    -45.45056     -51.9688    -46.23124    -44.47286    -60.84632    -58.26704     -61.3428    -58.53827 
   -61.95475    -60.40288    -67.65001    -60.98476    -50.89206    -51.81455    -50.84346    -48.14072    -62.67395    -61.48631    -63.91101     -61.9432 
   -59.97399    -58.36878    -62.45561    -59.50002    -49.73225    -48.58161     -48.7519    -49.74151    -61.07027    -60.13026    -62.77513    -60.49402 
   -61.91688    -63.23677    -62.44268    -62.56456    -48.27876    -48.50186    -50.32432    -46.59357    -62.07782    -63.29116     -60.3902    -61.45668 
     -59.199    -59.44346    -61.86948    -60.18945    -65.03322    -69.03436    -47.62174     -46.5198    -60.30662    -58.63088    -78.53882     -78.7274 
   -59.57932    -60.42744    -63.64384    -62.66503     -69.3695    -71.76499    -51.64599    -49.69082    -61.70104    -62.23948    -80.77285    -81.81391 
   -58.40858    -62.93385    -62.54039    -62.45863    -68.08731    -70.79647    -47.45351    -48.81802    -62.49015    -61.76343    -80.24791     -82.3938 
   -77.84413    -77.50909    -80.25016    -80.86777    -68.99754    -69.67876    -66.51149    -63.26383    -81.26772    -80.89486    -79.48025    -79.56345 

sbs.hcal.adc.gain =
0.0039889  0.00128798  0.00351214  0.00304626  0.00178882  0.00321967  0.00370097  0.00538299  0.00562417  0.00373941  0.00378799  0.000633862
0.00520895  0.00312462  0.00326474  0.00231652  0.00132069  0.00408477  0.00201972  0.000743647  0.00261594  0.00167242  0.00220593  0.00446843
0.00441658  0.00127987  0.000671045  0.002027  0.00203798  0.0015973  0.00137448  0.000988967  0.00124575  0.00192843  0.000406735  0.00330544
0.00436244  0.00139482  0.00264619  0.00248075  0.00175406  0.0017611  0.00213778  0.0034059  0.00244809  0.00275607  0.00222416  0.00274235
0.00506454  0.00274406  0.00345664  0.00270978  0.00180002  0.00139409  0.00259386  0.00246454  0.00275486  0.00216865  0.00187774  0.0024696
0.00460318  0.00368596  0.00381164  0.00245906  0.00221515  0.00423737  0.00184468  0.00252185  0.00257111  0.00190274  0.00275051  0.00199105
0.000959043  0.000183417  0.000554229  0.0011547  0.00217456  0.0023578  0.00299926  0.00231903  0.00259755  0.00243538  0.00212526  0.000873554
0.00406648  0.00306502  0.00401182  0.00462365  0.00249972  0.00275045  0.00372655  0.00336231  0.00365279  0.0022277  0.00323397  0.0105246
0.0032085  0.00345768  0.00217805  0.00238659  0.00318807  0.00245876  0.00127272  0.0039932  0.00252786  0.00332148  0.00427151  0.00250488
0.00267758  0.00270245  0.00383346  0.00360806  0.00228789  0.00200792  0.0036058  0.00287731  0.00322878  0.00404329  0.00239377  0.00295205
0.00274208  0.00469487  0.00244843  0.00299996  0.00428832  0.00194579  0.00365153  0.00368458  0.00323287  0.00371418  0.00199785  0.00371209
0.00306014  0.00354855  0.00365134  0.00239164  0.00368935  0.00375405  0.00290637  0.0041363  0.00195765  0.00259151  0.00360376  0.00441931
0.00174085  0.000979729  0.00164824  0.00186246  0.000774548  0.00174018  0.00443803  0.00324404  0.00329376  0.00235968  0.00387931  0.00315701
0.00487595  0.00266367  0.00921119  0.0023757  0.00213869  0.00340357  0.00365596  0.00333951  0.00255309  0.00330654  0.00257381  0.0049187
0.00117499  0.00450729  0.00174997  0.00333097  0.00378687  0.00333116  0.00373635  0.00428018  0.00334318  0.000177498  0.00309834  0.00596005
0.0053297  0.00317031  0.00673334  0.00315291  0.00384167  0.00186746  0.00342502  0.00395566  0.00317985  0.00364324  0.001974  0.00425652
0.00279033  0.00182598  0.00386524  0.00317157  0.0020537  0.00306356  0.00445367  0.00252014  0.00203839  0.00278733  0.00449681  0.000493382
0.00248728  0.00338746  0.0105796  0.00393545  0.00389975  0.00145382  0.00351152  0.00407588  0.00383315  0.00299466  0.00292889  0.00317162
0.00119569  0.00985387  0.00254101  0.00232076  0.00355703  0.00276749  0.00378159  0.00341419  0.00181641  0.00345716  0.00408521  0.00462653
0.0011466  0.00271032  0.00399553  0.00327851  0.00490565  0.000552663  0.00435675  0.00209299  0.00350852  0.00321729  0.0022272  0.00842757
0.00213936  0.0033153  0.00343437  0.00158056  0.00299767  0.00158025  0.00275179  0.00369951  0.00318282  0.00225719  0.00241018  0.00474062
0.00472944  0.00113063  0.00418324  0.00286683  0.00596011  0.00398389  0.00341695  0.00293819  0.00259481  0.00214035  0.00261851  0.00178604
0.00211308  0.00241254  0.00175832  0.0025008  0.00240643  0.00144068  0.00339318  0.00277402  0.000558111  0.00102312  0.00460243  0.00564024
0.00731553  0.00503688  0.00690018  0.00507492  0.00473701  0.00515717  0.00838759  0.00304382  0.00345946  0.0020107  0.0030928  0.00208196

sbs.hcal.meantime_offset =
       -4.32117        -4.32117        -4.32117        -4.32117        -4.32117        -4.32117        -4.32117        -4.32117        -4.32117        -4.32117        -4.32117        -4.32117
       -4.32117        -4.32117        -4.32117        -4.32117        -4.32117        -4.46751        -4.32117        -4.32117        -4.32117        -4.32117        -4.32117        -4.32117
       -4.32117        -4.32117        -4.32117        -4.32117        -4.32117        -4.32117        -4.32117        -4.32117        -4.32117        -4.32117        -4.32117        -4.32117
       -4.32117        -4.32117       -0.235551         -9.5094        -7.09195        -12.9558        -3.95043        -19.5738         18.3685        -4.32117        -4.32117        -4.32117
       -4.32117        -4.32117        -22.5947        -1.43312         -16.226        -2.85942        -17.7983        -12.9637        -3.91378        -4.32117        -4.32117        -4.32117
       -4.32117        -4.32117        -8.86059        -11.9663        -3.74293        -16.0154        -21.8623         -7.6033        -6.40284        -3.43865        -4.32117        -4.32117
       -4.32117        -4.32117        -4.32117          7.8051         -5.3092        -38.1471         1.88057        -6.04751         3.72553         2.96121        -4.32117        -4.32117
       -4.32117        -18.8791        -6.52627        -11.7151        -11.5571         3.93327         13.6784        -7.71293         12.3421        -37.9349        -4.32117        -4.32117
       -4.32117         189.555        -316.812        -5.75152        -2.92576         -12.832        -5.21516        -11.4167        -6.40971        -6.54211        -15.4398        -4.32117
       -4.32117          137.46      -0.0719991        -2.51775         1.33458         2.66655        -7.36953        -9.56597        -10.8637        -5.94738        -4.32117        -4.32117
       -4.32117        -10.3117        -135.264        -2.58252        -3.52338        -21.1882         10.9802         5.02552         4.05322        -4.06866        -4.32117        -4.32117
       -4.32117        -11.6253        -103.657         11.3841        -7.82561         12.7414          7.3001        -4.41382         5.51677        -4.32117        -4.32117        -4.32117
       -4.32117        -4.32117        -10.7008        -8.01212        -4.32117         2.47962        -9.20942         27.1004        -25.0218        -4.32117        -4.32117        -4.32117
       -4.32117         27.9284        -4.47969        -2.51636         1.81682        -9.72614         8.49419         10.7319         6.06989        -4.32117        -4.32117        -4.32117
       -4.32117         8.06951        -13.5729        -7.87996        -5.17736         195.085         3.78426        -1.70017         2.88256        -4.32117        -4.32117        -4.32117
       -4.32117        -4.32117         -6.4739         3.91073        -15.2169        -10.3881         17.8578        -8.85425         23.7864        -4.32117        -4.32117        -4.32117
       -4.32117        -4.32117        -4.32117        -14.3926        -5.18959        -8.33079        -9.84001         10.8809         14.8725        -4.32117        -4.32117        -4.32117
       -4.32117        -4.32117        -4.32117        -4.32117         7.80959        -4.32117         4.70523         5.00757        -13.3222         -6.3387        -4.32117        -4.32117
       -4.32117        -4.32117        -4.32117        -4.32117         8.58645        -2.10387        -11.1798        -11.9744        -4.32117        -4.32117        -4.32117        -4.32117
       -4.32117        -4.32117        -4.32117        -4.32117        -4.32117        -4.32117        -13.2066        -4.32117        -4.32117        -4.32117        -4.32117        -4.32117
       -4.32117        -4.32117        -4.32117        -4.32117        -4.32117        -4.32117        -4.32117        -4.32117        -4.32117        -4.32117        -4.32117        -4.32117
       -4.32117        -4.32117        -4.32117        -4.32117        -4.32117        -4.32117        -4.32117        -4.32117        -4.32117        -4.32117        -4.32117        -4.32117
       -4.32117        -4.32117        -4.32117        -4.32117        -4.32117        -4.32117        -4.32117        -4.32117        -4.32117        -4.32117        -4.32117        -4.32117
       -4.32117        -4.32117        -4.32117        -4.32117        -4.32117        -4.32117        -4.32117        -4.32117        -4.32117        -4.32117        -4.32117        -4.32117

sbs.hcal.tw0 =
        2.84445         2.84445         2.84445         2.84445         2.84445         2.84445         2.84445         2.84445         2.84445         2.84445         2.84445         2.84445
        2.84445         2.84445         2.84445         2.84445         2.84445     -0.00905562         2.84445         2.84445         2.84445         2.84445         2.84445         2.84445
        2.84445         2.84445         2.84445         2.84445         2.84445         2.84445         2.84445         2.84445         2.84445         2.84445         2.84445         2.84445
        2.84445         2.84445        -18.6951        -7.49846         1.19184        -3.47993        -15.3794         9.85251        -61.9756         2.84445         2.84445         2.84445
        2.84445         2.84445         18.1733        -24.2885         14.1574        -55.7103         22.0233          7.2264        -2.67487         2.84445         2.84445         2.84445
        2.84445         2.84445         9.30015          12.276         -16.745         9.08997        -4.67398        -3.23645        0.368504         13.3263         2.84445         2.84445
        2.84445         2.84445         2.84445        -38.4821         13.1535         67.1459        -12.8857        -5.38446        -17.9375        -33.5011         2.84445         2.84445
        2.84445         29.1737         2.87459         11.5953         13.4769        -3.15925        -26.3586        -12.9575        -49.9744          29.484         2.84445         2.84445
        2.84445        -351.809         745.085         4.50781       -0.653672         11.4454        -11.3367         16.1428         18.1821         13.1895         31.6505         2.84445
        2.84445        -169.447      -0.0403982       -0.221342        -10.2147        -15.9035         20.5963        -8.56171         15.6766         -13.003         2.84445         2.84445
        2.84445         12.3982         264.891         6.56946         6.06321         63.9938        -31.0556        -9.77777         11.2845       -0.295452         2.84445         2.84445
        2.84445         20.2761         150.126        -28.3335         5.29537        -15.8913        -8.72255       -0.890662         18.7846         2.84445         2.84445         2.84445
        2.84445         2.84445         20.3631         7.32229         2.84445        -22.5358         28.1436        -56.2622         26.8023         2.84445         2.84445         2.84445
        2.84445         -93.119         1.07206         12.2854        -16.1793         4.83228        -30.4985        -14.6647        -1.89448         2.84445         2.84445         2.84445
        2.84445        -16.1366         29.8893         9.53167         20.6649         -340.43        -14.5067         3.19656         -25.568         2.84445         2.84445         2.84445
        2.84445         2.84445         1.74765        -11.7448         36.8112         68.2765        -36.0167         29.9301        -38.2543         2.84445         2.84445         2.84445
        2.84445         2.84445         2.84445         15.8626         12.1926         4.42092         3.97299        -3.25991        -26.3804         2.84445         2.84445         2.84445
        2.84445         2.84445         2.84445         2.84445        -9.43807         2.84445        -3.47448        -0.57514         23.8049         2.87466         2.84445         2.84445
        2.84445         2.84445         2.84445         2.84445        -18.0356         2.06305         11.9536         23.7487         2.84445         2.84445         2.84445         2.84445
        2.84445         2.84445         2.84445         2.84445         2.84445         2.84445         9.48114         2.84445         2.84445         2.84445         2.84445         2.84445
        2.84445         2.84445         2.84445         2.84445         2.84445         2.84445         2.84445         2.84445         2.84445         2.84445         2.84445         2.84445
        2.84445         2.84445         2.84445         2.84445         2.84445         2.84445         2.84445         2.84445         2.84445         2.84445         2.84445         2.84445
        2.84445         2.84445         2.84445         2.84445         2.84445         2.84445         2.84445         2.84445         2.84445         2.84445         2.84445         2.84445
        2.84445         2.84445         2.84445         2.84445         2.84445         2.84445         2.84445         2.84445         2.84445         2.84445         2.84445         2.84445

sbs.hcal.tw1 =
        1.42929         1.42929         1.42929         1.42929         1.42929         1.42929         1.42929         1.42929         1.42929         1.42929         1.42929         1.42929
        1.42929         1.42929         1.42929         1.42929         1.42929        0.490163         1.42929         1.42929         1.42929         1.42929         1.42929         1.42929
        1.42929         1.42929         1.42929         1.42929         1.42929         1.42929         1.42929         1.42929         1.42929         1.42929         1.42929         1.42929
        1.42929         1.42929        0.324647         2.92268         1.33861         1.94605         1.38802         4.06213        -3.48557         1.42929         1.42929         1.42929
        1.42929         1.42929          5.4809        0.533767         2.86098       -0.239692         3.32792         2.74608         1.56966         1.42929         1.42929         1.42929
        1.42929         1.42929         1.19417         2.03037        0.543722         3.27051         2.88138         1.56136         1.71857        -1.76554         1.42929         1.42929
        1.42929         1.42929         1.42929          -3.088       -0.441196         8.89964       -0.172812         2.18907       -0.277508       -0.408014         1.42929         1.42929
        1.42929         3.72093         1.57113         2.57846         2.34607        -1.63019        -3.34316         1.61309        -2.19114         7.92013         1.42929         1.42929
        1.42929        -32.8585         68.0656         1.35204         1.49231         2.60937          1.5369         3.23108          1.8055         2.02939         3.61879         1.42929
        1.42929         -24.666        -0.19854        0.728888        0.423615       -0.499619         2.50512         3.72362         2.48384         2.40043         1.42929         1.42929
        1.42929          3.4333         22.0506         1.67103         1.81185         4.75441       -0.464481       -0.169694        -1.13167         2.95809         1.42929         1.42929
        1.42929         3.20837         17.2872        -2.20451         3.09986        -3.59468       -0.923356         1.37481         -1.2281         1.42929         1.42929         1.42929
        1.42929         1.42929         3.17827          2.7216         1.42929      -0.0372643         2.18005        -3.95069         5.80027         1.42929         1.42929         1.42929
        1.42929        -2.79785         3.89167        0.142846        0.671774         2.95596       -0.509655        -0.39534       -0.549613         1.42929         1.42929         1.42929
        1.42929       -0.893511         2.77456         2.92273         2.11236        -34.1776       -0.433976         1.25399        0.276557         1.42929         1.42929         1.42929
        1.42929         1.42929         3.52308       -0.118151          3.5655         2.18616        -2.48909         2.43971        -3.13617         1.42929         1.42929         1.42929
        1.42929         1.42929         1.42929         3.90414         1.61515         3.52977         4.38219        -1.19523        -2.94366         1.42929         1.42929         1.42929
        1.42929         1.42929         1.42929         1.42929       0.0388128         1.42929       0.0680041         1.02819         4.96839         2.48901         1.42929         1.42929
        1.42929         1.42929         1.42929         1.42929       -0.824199        0.939324         3.34338         4.06524         1.42929         1.42929         1.42929         1.42929
        1.42929         1.42929         1.42929         1.42929         1.42929         1.42929         3.98204         1.42929         1.42929         1.42929         1.42929         1.42929
        1.42929         1.42929         1.42929         1.42929         1.42929         1.42929         1.42929         1.42929         1.42929         1.42929         1.42929         1.42929
        1.42929         1.42929         1.42929         1.42929         1.42929         1.42929         1.42929         1.42929         1.42929         1.42929         1.42929         1.42929
        1.42929         1.42929         1.42929         1.42929         1.42929         1.42929         1.42929         1.42929         1.42929         1.42929         1.42929         1.42929
        1.42929         1.42929         1.42929         1.42929         1.42929         1.42929         1.42929         1.42929         1.42929         1.42929         1.42929         1.42929

-------[ 2023-02-09 00:00:00 ] # GEN4 -> set2: 4023 - 4122
sbs.hcal.adc.timeoffset = 
   -77.63166    -77.71487    -78.88311    -79.73775    -63.47602    -66.87048    -67.94565    -64.98142    -77.36246    -78.54591     -82.1324     -87.2794 
   -79.08246    -79.53839    -59.14771    -61.03494    -65.39484    -67.00693    -65.31577    -64.06741    -60.72075    -59.54919    -77.06401    -77.15752 
   -60.55759     -57.8176    -58.77861    -64.16796    -45.18106    -48.16009    -44.14285    -44.33341    -60.06014    -59.03802    -57.05289    -58.78467 
   -61.05387    -59.37425    -61.42173    -60.01481    -46.92466    -48.31113    -47.45403    -47.48407    -59.34494    -60.16583    -58.76774    -58.39462 
   -59.65813    -60.02736     -58.0787    -59.97816    -68.23458     -67.3179    -46.48623    -45.64754    -58.67826    -59.11113    -77.89741    -77.36701 
   -60.03454    -60.23536    -59.81529    -59.88721    -64.97069    -68.71924    -48.89289    -46.30861    -60.82212    -58.88945    -79.15311    -79.29612 
   -54.85943    -55.62259    -56.40989    -55.37283    -46.25621    -43.67959    -47.36753    -45.23053    -60.76148    -58.50131    -60.02982    -59.87659 
   -79.01487    -78.88713    -79.07726    -79.36262    -66.36955    -67.79795    -67.11631    -65.71988    -76.40704    -77.41733    -76.43249    -78.81186 
    -58.0566    -59.65113    -58.45451     -59.8476    -65.35067    -67.48406    -45.38137    -45.15918    -59.10276    -58.66483    -77.45446    -78.18246 
   -57.09292    -58.83087    -78.55812    -78.15873    -67.67609    -66.54075    -47.80053    -46.94231    -78.24567    -76.86986    -78.70425    -78.00426 
   -60.86974    -59.65573    -59.14089     -59.7932    -68.47299    -67.00292    -48.52747    -48.75848     -60.3214     -60.0198    -76.84898    -77.22724 
   -77.61258    -79.95524    -77.93839     -77.1384    -47.99589    -47.76822    -65.84172    -65.10382    -78.07136    -77.52494    -60.04891    -59.88537 
   -53.75997     -56.0484    -55.82152    -55.77432    -42.34615    -47.63646    -43.02162    -42.54271    -57.83586     -56.2289    -60.00408     -60.5883 
   -60.93174    -58.57863     -60.7163    -58.54392     -49.0914    -46.99969    -49.71638    -46.92289    -60.05936    -57.68549    -61.01792    -59.50966 
    -76.1689    -78.60217    -78.11763    -76.85673    -48.21981    -50.00417    -65.80063    -64.97347    -78.14119    -73.78692    -60.49546    -60.89759 
   -61.71785    -59.91368     -60.9505    -60.14332    -47.72752    -47.29736    -49.18264    -47.03884    -58.57729    -59.58255    -59.66568    -61.22505 
   -59.05808    -59.57829    -57.97557    -58.18445    -43.45522    -49.74895    -44.26685    -42.37616    -58.85845    -56.20906    -59.50387    -56.17194 
   -59.94039    -58.39834     -65.5365    -58.82184    -48.86721    -49.92961    -48.87689    -46.06123    -60.50869    -59.45843    -62.02017    -59.99095 
   -57.78704    -56.44635    -60.20816    -57.51344     -47.6264    -46.52214     -46.8738    -47.76392    -59.03874    -58.09841     -60.7591    -58.35761 
   -60.10858    -61.22706    -60.34641    -60.63371    -46.33572    -46.53145    -48.40018    -44.54992    -60.16454    -61.23496    -58.43495    -59.37198 
   -57.25374    -57.58297    -60.17389    -58.36979    -63.00495    -66.84668    -45.51977    -44.45387    -58.37841    -56.57666    -76.37287    -76.50246 
   -57.39568    -58.51789     -61.7737    -60.83343    -67.37988    -69.67776    -49.67769    -47.52927    -59.68401    -60.42421    -78.66816    -79.61773 
   -123.4518     -60.8777    -60.45249    -60.56326    -66.11892    -68.65643    -45.39869    -46.65008    -60.28471    -59.87531    -78.20748    -80.15777 
   -75.91238    -75.40962    -78.10737    -78.74011    -66.96373     -67.4947    -64.43126    -61.20308    -79.10946    -78.77566    -77.59573    -77.23642 

-------[ 2023-02-15 00:00:00 ] # GEN4 -> set3: 4155 - 4379
sbs.hcal.adc.timeoffset = 
   -79.48171    -79.81018    -80.81173    -81.58911    -65.78771    -68.76452    -69.58119     -66.7916    -79.39377    -80.64095    -84.18368    -79.05754 
   -80.99039     -81.5028    -61.14785    -62.86522    -67.35113     -68.9963    -67.25866    -65.89895    -62.68961    -61.70833    -79.17213    -79.10291 
   -62.07376    -59.56208    -60.60433    -65.97235    -46.86748    -49.67554    -45.96603    -46.24471    -61.86123    -61.07099    -59.17154    -60.71625 
   -62.88282    -61.49779    -63.42201    -61.93994    -49.02011    -50.00617    -49.28101    -49.31789    -61.23378    -61.97226    -60.64657    -60.17015 
   -61.62839    -61.97698    -59.85117    -61.77897    -70.04214    -69.34211    -48.35146    -47.29683    -60.52286    -60.90648    -79.58457    -79.22795 
    -61.7165    -62.19347    -61.55662    -61.57636    -67.06598    -70.62209    -50.63152    -48.27553    -62.58895    -60.50493    -80.79351    -81.08012 
    -56.9655     -57.6011     -58.1554    -57.27676    -48.22953    -45.54248    -49.15954    -46.96889    -62.62101    -60.43752    -61.78542    -61.83054 
   -81.09454    -80.89898    -80.98256    -81.23808    -68.20947    -69.41167    -68.97528    -67.55462    -78.13375    -79.27082    -78.27477    -80.83568 
   -60.13096    -61.72855    -60.44964    -61.53754    -67.22792      -69.491     -47.3419    -46.82097    -60.95772    -60.57725    -79.40945    -80.08418 
   -59.01841    -60.71998    -80.48355    -80.10543    -69.66084    -68.31203     -49.6717    -49.01458    -80.28106    -78.70969    -80.56521    -79.77183 
   -62.65049    -61.48217    -60.89895    -61.67739    -70.36315    -68.78687     -50.4923    -50.58778    -62.30061     -61.8774    -78.77796    -79.02105 
   -79.56886       -82.02     -79.8207      -78.783    -49.70511    -49.65465    -67.60984    -67.13415    -80.09447    -79.25523    -61.95098    -61.76401 
    -56.4614    -58.15176     -57.9699    -57.75651    -44.51063    -49.39544    -45.59101    -44.52286    -59.73985    -58.20045    -61.83441    -62.54151 
    -62.6918    -60.57464    -62.56392    -60.34299    -51.25805    -48.74024    -52.10314    -48.87811    -61.98138    -59.45328    -62.85199    -61.39903 
   -77.68086    -80.40372    -79.97346    -78.86714    -50.46097    -51.73517    -68.32773    -66.93487    -80.01616    -75.92463    -62.34889    -62.56439 
   -63.36967    -61.83674    -62.71728    -61.95796    -50.02353    -49.22138    -51.65328    -49.10925    -60.39012    -61.40543    -61.45067    -63.04771 
   -60.98392    -61.53155    -60.08649    -60.32405    -45.79499    -51.86457    -46.32393    -44.30668     -60.6787    -58.06419    -61.18393     -58.3934 
   -61.88587    -60.23579    -67.70076    -60.70129    -50.92936    -51.68607    -50.77161    -47.93817    -62.53056    -61.28815    -63.69513    -61.91871 
   -59.81209    -58.47869     -62.2687    -59.40466     -49.7334    -48.44422    -48.57821      -49.495    -60.80287    -60.11181    -62.77956    -60.40272 
   -61.61611    -63.00716    -62.21703    -62.42265    -48.00117    -48.31158    -50.11115    -46.38435    -61.99215    -63.00377    -60.31345    -61.24897 
   -59.24381    -59.33812    -61.99149    -60.01886    -64.88407    -68.91815    -47.50847    -46.23787    -60.14966    -58.44662    -78.38175    -78.50804 
   -59.20627    -60.41418    -63.52768    -62.63638    -69.46043    -71.66087    -51.53148    -49.56241    -61.60368    -62.14965    -80.59555    -81.70881 
   -58.50143    -62.83352     -62.2761    -62.38702     -67.9976    -70.66856    -47.41381    -48.74987    -62.42239    -61.68119    -80.16404    -82.13172 
   -77.76943    -77.39973    -80.12483    -80.75048    -68.85454    -69.50693    -66.43173    -63.01172    -81.18232    -80.73077    -79.41515    -79.18842 

-------[ 2023-03-09 00:00:00 ] # GEN4 -> set4: 4474 - 4587
sbs.hcal.adc.timeoffset = 
   -78.85456    -78.83169    -79.91672    -80.61104    -64.66323    -67.71046     -68.7918     -65.9456    -78.21299    -79.78925    -83.39999    -86.15817 
   -78.90523    -79.84902    -60.12869    -61.98599    -66.35902    -68.10928    -66.43382    -64.95663     -61.4002    -60.59921    -78.38275    -78.19651 
   -60.63903    -58.30289    -59.78817    -65.20846    -45.93409    -48.92131    -44.90375    -45.64694    -61.11195    -60.16099     -58.7547    -59.57418 
   -61.81091    -60.50894    -62.14653    -60.85604    -48.07349    -49.33862    -48.43172    -48.36187    -60.33873     -61.1457    -59.57196    -59.10618 
   -60.86369    -61.03259    -58.74651    -60.77743    -69.05263    -68.38613    -47.69561    -46.51143    -59.78347     -60.0707    -78.68445     -78.2888 
   -60.98947    -61.55124    -60.56754    -60.95614    -66.10036    -69.59116    -50.03869    -47.09708    -61.55028    -59.76224    -79.92741    -80.17293 
   -56.04284    -57.23271    -57.65369    -56.59524     -47.4544    -44.66778    -48.22259    -45.87194    -61.65627    -59.37481    -60.96209    -60.42758 
   -80.30638    -80.11748    -80.10861    -80.20317    -67.25419    -68.41511    -68.02749    -66.66235    -77.23806    -78.24959    -77.25017    -80.04371 
   -59.26656    -60.84533    -59.43008    -60.57549    -66.36363    -68.47506    -46.27623    -45.86622    -59.88448    -59.62154    -78.45158    -79.15047 
   -57.93642    -59.51746    -79.41135    -79.09749    -68.50346    -67.38955    -48.93498    -48.09168    -79.42331    -77.97223    -79.73467    -78.76169 
    -61.9041    -60.60201    -59.54171    -60.53958     -69.5425    -67.62892    -49.64204    -49.49288     -61.4364    -61.09993    -77.85414    -78.03891 
    -78.5057    -81.04652    -78.79827    -78.08912    -48.76839    -48.60687    -66.60102    -66.19946    -79.08296    -78.28751    -60.95751    -60.59782 
   -55.07159    -57.06391    -56.87231    -56.66476    -43.02131    -48.26437    -45.22632    -43.43082    -58.81751    -57.27754    -60.96122    -61.61619 
   -61.91054    -59.44146    -61.85246    -59.39067     -50.5225    -47.81073    -51.73228    -48.13915    -61.14927    -58.61485    -62.05293    -60.55611 
    -77.0698    -79.59154    -79.19152    -77.77932    -50.14306    -50.73177    -67.92144    -66.05763     -79.1605    -74.68544    -61.37898    -61.55588 
   -62.68062    -60.81854    -61.70885    -60.75781     -49.5373    -48.36554    -51.06138    -48.15671    -59.63938    -60.33349    -60.40454    -62.02212 
   -59.77124    -60.40941    -59.15089    -59.48135    -45.61753    -50.97422    -45.70604     -43.5508    -59.79922    -57.20258    -60.39067    -57.42771 
   -60.69411    -59.35322    -66.67364    -59.67168    -50.46786    -50.79115    -49.85322    -46.93072    -61.57706     -60.2597    -62.82259    -60.80376 
   -58.92144     -57.7108     -61.3509     -58.2639    -48.67191    -47.56674    -47.65833    -48.71925    -60.07523    -59.13725    -61.70994    -59.39324 
    -60.7691    -62.24058     -61.3622     -61.4685    -47.09792     -47.5302    -49.28071    -45.65425    -61.02605    -62.42357    -59.26471    -60.20184 
   -57.81505    -58.51311    -60.64746    -59.19723    -63.92636    -67.84149     -46.6969    -45.36659    -59.29045    -57.44766    -77.54418     -77.5239 
   -58.42166     -59.3561    -62.48207    -61.56076    -68.29572    -70.74783    -50.60347     -48.6578     -60.6348    -61.39281    -79.84304    -80.57072 
   -128.1442    -61.79006    -61.60328    -61.50892    -66.97061    -69.42842    -46.21853    -47.83413    -61.63319    -60.54424    -79.29764    -81.31269 
   -75.91863    -76.31966    -79.21015     -79.8573    -68.02183    -68.39379     -65.4983    -62.19178    -80.30038      -79.861    -78.23374    -78.49556 


########################################################
########################################################

############               GEN4b            ############

########################################################
########################################################
--------[ 2023-09-01 00:00:00 ] #GEN4b
-------[ 2023-09-13 00:00:00 ] # Beginning of GEN4b -> set1: 5044 - 5416
sbs.hcal.adc.timeoffset = 
   -75.12122    -75.10206     -76.1788    -76.44722    -62.71755    -64.20994    -64.90914    -62.06756    -74.36008    -75.45239    -79.19138    -74.22141 
   -75.99255    -76.08723    -55.77257    -58.03595     -62.8768    -64.04006    -63.86046    -63.44921    -57.26879    -56.72335    -73.79451    -73.34735 
   -56.35208    -54.07078    -56.32925    -61.09785     -42.4716    -45.15116    -42.10342    -42.79537    -57.15942    -56.21204    -54.81776    -55.60043 
   -57.71623    -56.41586    -58.25514    -56.98577    -44.63314    -45.41568    -44.44933    -44.37182    -56.27811    -57.08748    -55.57821    -54.92324 
   -56.43969    -56.80128     -54.6061    -56.73174    -65.27787    -65.16472    -43.76401     -42.4292    -55.52476    -55.97585    -74.81565    -74.50392 
   -56.61018    -57.26154    -57.13956    -56.62141    -62.37535    -65.43174    -45.65251    -43.01496     -57.5965    -55.61277     -75.6915    -76.27981 
   -51.89423    -53.12767    -46.35646     -51.8333    -42.73614     -40.6554    -44.08689    -42.27488    -57.67334    -55.16082    -56.93013    -58.09591 
    -75.3509    -75.67795    -75.94407    -75.86486     -63.4274    -64.29778    -64.02064    -62.54543    -72.81171     -74.7107    -72.91561    -75.43562 
   -54.68873    -56.48569     -55.1209    -56.51275    -62.20588    -64.67903    -41.57843    -41.53875    -55.84957    -55.40626      -74.176    -75.55515 
   -53.51775    -55.69761    -75.14758    -74.75495    -64.31596    -63.44531    -44.48195    -44.12148    -75.06236    -73.66298    -75.58398    -74.70258 
   -57.45794    -56.36815    -55.78987    -56.37269    -65.37409    -63.74605    -45.20256    -45.20503    -56.94652    -56.74602    -72.68928    -73.89107 
   -74.30273     -76.6369    -74.56624    -73.96392    -44.67742    -44.50866     -62.7132     -61.7104    -74.89817     -74.0757    -56.47115    -56.91611 
   -50.96536    -53.05632     -52.9706    -51.94144    -43.25743    -44.29199    -40.79917    -39.32902    -54.58317    -53.09103    -56.62489     -57.2395 
   -56.59914    -55.66138    -56.31215     -55.5366    -46.28615    -43.61198    -46.32752    -43.92485    -56.85229    -54.50125    -57.92108    -56.32463 
   -71.95204    -75.49929    -74.98894    -73.76146     -44.9541    -46.66035    -63.27737    -61.93906    -74.87039     -70.9812    -57.12578    -57.27094 
   -58.39158    -56.46687    -57.30078    -56.67495     -44.8641    -44.35823    -45.89685    -43.95686    -55.39235    -56.36398    -56.31714    -57.85251 
   -55.57516    -56.46244    -54.87972     -55.2098    -42.56371    -46.90324    -42.29034    -39.11475    -55.52491    -52.94848    -56.00509     -53.6782 
   -56.61614    -55.14975    -61.86091    -54.80025    -45.62832    -46.59468    -45.57564    -42.76002    -57.32128    -56.18705    -58.57596    -56.61434 
   -54.73256    -57.75951    -57.41263    -54.40532    -44.46772    -43.45852    -43.64205    -44.53338    -55.93523    -54.96092    -57.44911    -55.40627 
   -56.40407     -58.1589     -57.0921    -57.37749    -43.05911    -43.63692    -44.97141    -41.28368    -56.69594    -58.13426    -55.15403    -56.15394 
   -53.99027    -54.17502    -55.37341    -54.27889    -59.90476    -63.95931    -42.21968    -41.34182    -54.98242    -53.43504    -73.26342    -73.19126 
   -54.17174    -55.38418    -58.32431    -57.53303    -64.01147     -66.5155    -46.24543    -44.33208    -56.49241    -56.99844    -75.51257    -76.70018 
   -154.9457    -57.92614    -57.25184    -57.48769    -62.91164    -65.50966    -42.06149    -43.57701    -57.58878    -56.83719    -75.02102    -77.00574 
   -73.02645    -72.08546    -74.93854    -75.55914      -63.792    -64.53228    -61.68499     -58.0742    -76.00003    -75.82652    -74.22266     -74.2079 

sbs.hcal.adc.gain =
0.0039889  0.00128798  0.00351214  0.00304626  0.00178882  0.00321967  0.00370097  0.00538299  0.00562417  0.00373941  0.00378799  0.000633862
0.00520895  0.00338083  0.0030498  0.00317888  0.00340223  0.00366155  0.00193201  0.00120488  0.00261594  0.00191047  0.00220593  0.00150784
0.00441658  0.000461582  0.00202469  0.0034859  0.00370822  0.00437324  0.00172035  0.00135676  0.002586  0.00378769  0.000455306  0.00330544
0.00436244  0.00248491  0.00382154  0.00316864  0.00367508  0.00157348  0.00333384  0.00430388  0.00335897  0.00310727  0.00208401  0.00465654
0.00506454  0.00375054  0.00354839  0.00320981  0.00199168  0.00316086  0.00332614  0.00300009  0.00327579  0.00324089  0.00241287  0.00634569
0.00460318  0.00439101  0.00391197  0.00229773  0.00418419  0.00313007  0.00268747  0.00199155  0.00324246  0.00210973  0.00271918  0.00383324
0.00129845  0.000543537  1.53016e-06  0.000662856  0.00141809  0.0011733  0.0034473  0.00261182  0.0030591  0.00328982  0.00264081  0.00195038
0.000645129  0.00325398  0.00337219  0.00331975  0.00377128  0.00360135  0.00416864  0.00365379  0.00292193  0.00446286  0.00309716  0.00502134
0.00129922  0.00354655  0.00204687  0.00266602  0.0036357  0.00230067  0.00239719  0.00353842  0.00295945  0.00363284  0.00296722  0.00242141
0.00191638  0.00274165  0.00290647  0.00298411  0.00355149  0.00338243  0.00333623  0.00317453  0.00276599  0.00353986  0.00223208  0.00627016
0.00249786  0.00303615  0.00219327  0.00313537  0.00341555  0.00322147  0.00392749  0.00427756  0.00349185  0.00339093  0.000734106  0.00154643
0.00314643  0.00334233  0.00320825  0.0026242  0.00391727  0.0038763  0.00305115  0.00313656  0.00247114  0.00299289  0.00307969  0.00506512
0.000422433  0.000481453  0.00175173  0.00102692  0.00400434  0.00220336  0.00764165  0.00396091  0.00327013  0.00216711  0.00250023  0.00347999
0.00656814  0.00266423  0.00218266  0.00203133  0.0019898  0.00184496  0.00431139  0.0037974  0.00240121  0.00320468  0.00299243  0.00418814
0.000521759  0.00441999  0.0020516  0.00365394  0.00418749  0.00338407  0.0043037  0.00453533  0.00348451  0.000377769  0.00308021  0.0065937
0.00282487  0.00237576  0.00329529  0.00259693  0.00356901  0.00326846  0.00288811  0.00336797  0.00374668  0.00429652  0.00204866  0.00593891
0.00468916  0.00143566  0.00233091  0.00330372  0.00656315  0.0035638  0.00504604  0.00180269  0.00231627  0.00296178  0.0033463  0.00195391
0.00248728  0.00359028  0.00393032  0.00246501  0.00389703  0.0028997  0.00435727  0.00450451  0.00403305  0.00281751  0.00402808  0.00261277
0.00469379  0.0033728  0.00265583  0.00302893  0.00311707  0.00311483  0.00365671  0.00439747  0.00262733  0.0034876  0.00649666  0.00575273
0.0011466  0.00393726  0.00247555  0.00350661  0.00535864  0.00214955  0.00236531  0.0015423  0.00319525  0.00355082  0.00226381  0.00304438
0.00213936  0.00228854  0.00199221  0.00140229  0.00308836  0.00416821  0.00291484  0.00570411  0.00161473  0.00239098  0.00178788  0.00116824
0.00472944  0.00113063  0.00658789  0.0042553  0.00338063  0.0044735  0.00494401  0.00375063  0.00328368  0.00162809  0.00470892  0.00283647
0.00211308  0.00241254  0.00175832  0.0025008  0.00240643  0.00144068  0.0022085  0.0035357  0.00138357  0.00285432  0.00463974  0.00564024
0.00731553  0.00503688  0.00690018  0.00507492  0.00473701  0.00515717  0.00838759  0.00304382  0.00345946  0.0048715  0.0030928  0.00208196

sbs.hcal.tdc.offset =
-254.877 -385.256 -358.549 -376.284 -491.297 -495.527 -488.996 -511.488 -396.792 -392.152 -373.049 -259.868
-217.757 -348.685 -367.465 -349.515 -487.153 -339.528 -479.18 -389.191 -235.855 -368.774 -419.842 -605.305
-246.996 -380.953 -348.322 -346.937 -490.224 -492.085 -492.696 -494.315 -372.943 -374.877 -404.066 -402.363
-236.157 -328.246 -330.946 -353.347 -446.319 -451.915 -456.511 -465.352 -354.665 -339.843 -368.974 -363.485
72.6924 67.5387 -344.053 -337.841 -418.607 -437.849 -446.476 -461.496 -342.342 -335.746 -345.777 -353.366
-217.428 -364.578 -340.726 -370.178 -457.206 -443.803 -330.921 -484.451 -367.547 -365.437 -344.153 -591.238
-383.942 -49.3446 -424.124 -442.787 -524.697 -374.585 -492.067 -499.03 -363.894 -376.558 -384.114 -355.339
-214.649 -364.298 -386.122 -387.345 -492.172 -495.366 -502.28 -519.612 -405.911 -381.95 -472.238 -309.77
-198.452 -222.972 -387.252 -392.696 -507.5 -490.131 -563.535 -517.138 -384.043 -388.854 -386.307 -365.98
-268.529 -387.3 -388.608 -410.634 -488.786 -483.389 -508.632 -497.158 -375.365 -375.993 -387.974 -557.247
-219.81 -980.264 -369.424 -360.629 -451.119 -479.539 -470.456 -472.175 -379.338 -383.357 -412.154 -368.916
-251.906 -344.476 -358.712 -346.79 -474.528 -483.325 -472.257 -494.938 -374 -372.176 -388.242 -382.927
-534.153 -384.288 -349.324 -372.385 -471.868 -493.784 -463.111 -488.319 -340.486 -380.129 -307.16 -334.14
-144.154 -347.142 -204.185 -353.407 -426.359 -460.175 -449.455 -465.95 -363.828 -363.779 -411.063 -975.376
-253.029 -357.798 -338.159 -348.876 -433.599 -448.547 -465.413 -457.765 -356.682 -379.124 -359.198 -356.432
86.0294 73.4466 -195.267 -159.62 -445.804 -453.023 -445.052 -464.807 -350.581 -330.863 -353.619 -355.571
-152.405 -371.179 -221.037 -354.111 -439.059 -447.238 -452.801 -507.193 -351.518 -378.083 -336.519 -366.463
-343.843 -384.446 -344.734 -397.017 -418.048 -426.504 -586.595 -613.698 -484.353 -510.818 -334.26 -340.8
-201.179 -177.921 -321.199 -354.391 -583.268 -598.021 -439.664 -445.5 -342.054 -352.303 -522.156 -524.882
-158.657 -221.04 -339.625 -336.362 -599.164 -622.536 -445.709 -479.273 -364.588 -341.471 -540.101 -561.596
-188.055 -222.83 -382.331 -363.058 -56.7615 -600.851 -464.886 -494.779 -367.559 -353.963 -535.518 -548.909
-254.767 -217.759 -174.824 -346.707 -492.878 -465.226 -453.095 -542.06 -386.967 -388.704 -389.437 -383.178
-149.353 -139.157 -164.683 -184.056 -300.689 -291.689 -314.603 -331.613 -379.027 -376.002 -385.212 -370.706
-234.615 -356.599 -221.526 -368.811 -485.143 -466.27 -440.473 -684.394 -373.01 -390.339 -573.058 -188.477


sbs.hcal.meantime_offset =
       -14.5222        -14.5222        -14.5222        -14.5222        -14.5222        -14.5222        -14.5222        -14.5222        -14.5222        -14.5222        -14.5222        -14.5222
       -14.5222        -14.5222        -14.5222        -14.5222        -14.5222         -141.82        -14.5222        -14.5222        -14.5222        -14.5222        -14.5222        -14.5222
       -14.5222        -14.5222        -14.5222        -241.101         309.586        -98.0491        -14.5222        -14.5222        -14.5222        -14.5222        -14.5222        -14.5222
       -14.5222        -14.5222        -89.3261         168.161         31.6447        -105.829         96.5042        -24.5246        -147.825         131.399        -14.5222        -14.5222
       -14.5222        -14.5222        -195.713         105.342        -172.966        -115.049         38.0803        -74.4928        -65.6666        -16.2599        -14.5222        -14.5222
       -14.5222        -14.5222         69.3292         221.259         111.879         -14.987         167.697         217.486        -71.9618         15.0696        -14.5222        -14.5222
       -14.5222        -14.5222        -14.5222         41.9495         46.8087         105.387        -2.67144         -237.48         494.773         24.9119        -14.5222        -14.5222
       -14.5222         -16.218         159.806        -301.112        -183.502         37.0358         5.25957        -74.2154         202.741         -213.28        -14.5222        -14.5222
       -14.5222         93.4423         46.5155         43.7629         156.314         57.4745        -286.953          106.04         -144.35        -270.676          56.264        -14.5222
       -14.5222        -97.1112        -107.389        -35.9476        -120.993        -38.2116        -32.8007        -91.5156         -89.901         25.3564         473.255        -14.5222
       -14.5222        -23.2819         303.154         39.2092        -110.285        -210.297         100.973         143.566        -35.2143         148.823        -14.5222        -14.5222
       -14.5222        -151.773         269.213        -231.293        -226.066         256.954         370.345        -67.1668        -62.3379         260.696        -135.057        -14.5222
       -14.5222        -14.5222         48.1022        -241.971        -14.5222        -138.931        -306.083        -90.4155        -62.8987        -86.5512        -14.5222        -14.5222
        11.5504        -13.9981        -68.2493        -143.804         123.279         8.11381        -87.8436        -18.3206        -229.978         -35.482        -63.4013        -14.5222
       -14.5222         -14.269        -135.527        -257.016        -420.199        -378.831         9.16054         26.1895         232.874        -37.2301        -163.466        -14.5222
       -14.5222        -14.5222        -515.914        -27.2585         61.0719        -202.954         154.163         216.825         77.5091         81.0515        -187.613        -31.4976
       -14.5222        -14.5222         26.8999         178.245        -12.1562        -227.022         59.7438        -3.54861         321.971        -185.027         56.7223        -14.5222
       -14.5222        -14.5222         148.375        -58.6759        -1.86538         156.397        -66.3284        -166.758         -84.048         81.2046         -350.65        -14.5222
       -14.5222        -14.5222        -14.5222         79.9606        -154.316        -37.1327        -245.048         29.5345        -111.715         81.8781        -508.491        -9.46726
       -14.5222        -14.5222        -14.5222        -14.5222        -150.003         103.755        -98.5439         107.304        -128.199        -18.1996         176.456        -14.5222
       -14.5222        -14.5222        -14.5222        -14.5222        -149.737         261.129         112.313        -58.9233         957.136         73.1731         94.5836        -14.5222
       -14.5222        -14.5222        -14.5222        -14.5222        -14.5222        -85.7924         181.543         -79.874        -27.0833         10.8319        -60.6909         165.638
       -14.5222        -14.5222        -14.5222        -14.5222        -14.5222        -14.5222        -14.5222        -127.102        -14.5222          300.48        -3.99635        -14.5222
       -14.5222        -14.5222        -14.5222        -14.5222        -14.5222        -14.5222        -14.5222         254.408        -14.5222         2.28998        -14.5222        -14.5222

sbs.hcal.tw0 =
        8.61222         8.61222         8.61222         8.61222         8.61222         8.61222         8.61222         8.61222         8.61222         8.61222         8.61222         8.61222
        8.61222         8.61222         8.61222         8.61222         8.61222        0.604261         8.61222         8.61222         8.61222         8.61222         8.61222         8.61222
        8.61222         8.61222         8.61222          497.81        -1263.07          142.67         8.61222         8.61222         8.61222         8.61222         8.61222         8.61222
        8.61222         8.61222         441.589         -322.49         -28.584        -131.588        -202.756         3.04716         132.503        -322.826         8.61222         8.61222
        8.61222         8.61222         724.551         17.3859         1077.88         258.403         37.8084          166.91         60.9262        -20.0039         8.61222         8.61222
        8.61222         8.61222        -194.411        -584.459        -110.294         48.7189        -241.049         -711.59         51.6513        -55.7927         8.61222         8.61222
        8.61222         8.61222         8.61222         14.9975         238.425        -263.105         43.6246         436.063        -880.732        -147.201         8.61222         8.61222
        8.61222        -5.63957        -306.784         1045.85         250.627        -90.4287        -47.2251         49.0244        -287.043         250.642         8.61222         8.61222
        8.61222        -522.576          -614.7         414.841        -278.937        -419.334         535.769        -125.791         1014.21          355.22        -46.8595         8.61222
        8.61222         175.969         183.119          62.164         118.126         208.092        -9.71093         293.786         107.635        -199.324        -717.517         8.61222
        8.61222         75.2207        -1006.29        -179.678         71.3458         392.083        -247.046        -219.812        -33.1475        -190.465         8.61222         8.61222
        8.61222         324.218        -395.574         386.935         565.304        -419.072        -617.294         206.186          33.091        -425.932         110.032         8.61222
        8.61222         8.61222         11.2764         290.625         8.61222         748.384         218.926         133.196        -139.614          170.37         8.61222         8.61222
       -50.8136         -8.0472         41.7371         295.036        -265.274        -3.53103        -22.5932         10.5553         877.328        -4.77401           121.1         8.61222
        8.61222         40.7367         201.706          294.96         729.355            1298         136.878        -62.5244        -142.677         254.987         352.395         8.61222
        8.61222         8.61222          1212.1        -134.014        -136.337         477.988        -176.781        -528.696        -119.716        -492.959         240.026         23.5191
        8.61222         8.61222        -151.239        -666.984        -4.75523         233.315        -223.489          139.43        -499.413         585.331        -570.532         8.61222
        8.61222         8.61222        -150.548         51.5302        -226.942        -274.132          58.691        -71.5331         43.4622          -749.9         462.148         8.61222
        8.61222         8.61222         8.61222        -85.5784         83.2562         49.9215         748.593        -62.9065         165.242        -173.542         1337.56        -52.2279
        8.61222         8.61222         8.61222         8.61222         284.067         153.217          119.69        -139.094          161.93          230.22         -503.16         8.61222
        8.61222         8.61222         8.61222         8.61222         169.246        -328.406        -242.816         103.578        -4403.42        -132.137        -147.198         8.61222
        8.61222         8.61222         8.61222         8.61222         8.61222         -335.41         -48.446         60.8692         28.0214         181.849         7.22273        -264.463
        8.61222         8.61222         8.61222         8.61222         8.61222         8.61222         8.61222         177.243         8.61222        -765.152        -22.3223         8.61222
        8.61222         8.61222         8.61222         8.61222         8.61222         8.61222         8.61222         -283.31         8.61222          15.838         8.61222         8.61222

sbs.hcal.tw1 =
        2.37066         2.37066         2.37066         2.37066         2.37066         2.37066         2.37066         2.37066         2.37066         2.37066         2.37066         2.37066
        2.37066         2.37066         2.37066         2.37066         2.37066         16.7894         2.37066         2.37066         2.37066         2.37066         2.37066         2.37066
        2.37066         2.37066         2.37066         34.1055        -48.9221         14.3828         2.37066         2.37066         2.37066         2.37066         2.37066         2.37066
        2.37066         2.37066         26.8372         -44.621        -23.1952         18.3173        -27.1256         3.05883         45.6558         -21.919         2.37066         2.37066
        2.37066         2.37066         31.2996        -28.8083         21.7396         10.8998         -12.175         4.62986         12.0216         1.25779         2.37066         2.37066
        2.37066         2.37066        -8.24319        -34.0738        -26.3408        -0.25907        -34.9158        -32.2198         17.2008        -7.29897         2.37066         2.37066
        2.37066         2.37066         2.37066          3.7895        -17.0723        -20.9658        -3.05618          54.587        -119.073        -4.79765         2.37066         2.37066
        2.37066        0.234835        -28.8887         46.6822         35.5242        -7.38936         2.17664         21.3827        -52.4801          41.226         2.37066         2.37066
        2.37066        -23.5307        -11.2809        -21.9131         -38.152        -5.27091         57.2813        -33.4921         12.2766          72.845        -13.2235         2.37066
        2.37066         10.1882         9.21823         8.14117         22.2215          4.1528         20.4201        0.514144         22.0717        -4.23697        -92.7266         2.37066
        2.37066         25.5658        -62.7575        -8.25692         18.4816         41.3312        -20.6588        -26.5556         6.06867        -33.1496         2.37066         2.37066
        2.37066         18.2257          -76.82         35.8713         40.0024        -52.8313        -66.6017          9.0475          18.679        -46.6018         42.5671         2.37066
        2.37066         2.37066        -20.4178         60.4358         2.37066         20.2699         82.4926         16.4619         10.9418         13.7626         2.37066         2.37066
      -0.769747           1.877         13.0154         32.4933        -16.2915         -2.0069         29.9033         17.7315         40.1248         14.5273         13.1155         2.37066
        2.37066       -0.517517         19.9977           62.32         110.465         62.6343        -2.06624         6.39546        -62.5209        -12.4325         25.4115         2.37066
        2.37066         2.37066          88.257        -3.83919        -9.29183         41.7682        -28.5979        -38.8107        -6.04062        -7.27343         32.3228         3.27578
        2.37066         2.37066        -5.74678        -32.3282        0.570994         52.2178        -13.3157       -0.302249        -58.6299         23.2327        -4.56303         2.37066
        2.37066         2.37066         -42.295         5.74368        0.925434         -31.852         30.5085         44.4825         26.4537        -8.24092         65.8757         2.37066
        2.37066         2.37066         2.37066         -33.165         29.2014         12.1207         54.4906         1.53927         15.5902        -18.0405         93.6271         4.17703
        2.37066         2.37066         2.37066         2.37066         18.3664        -19.8438         20.5264        -27.8581         26.1343        -16.0668        -27.2392         2.37066
        2.37066         2.37066         2.37066         2.37066         12.3764        -50.4608        -18.0042         9.56583         -153.78        -22.0743        -29.9093         2.37066
        2.37066         2.37066         2.37066         2.37066         2.37066         18.6164        -44.2988         16.2789        -1.16141         -4.7796          11.223        -44.5223
        2.37066         2.37066         2.37066         2.37066         2.37066         2.37066         2.37066          18.826         2.37066        -55.5002        0.166494         2.37066
        2.37066         2.37066         2.37066         2.37066         2.37066         2.37066         2.37066        -53.9976         2.37066        -17.1977         2.37066         2.37066

-------[ 2023-10-01 09:37:00 ] # GEN4b -> set2: 5461 - 5785
sbs.hcal.adc.timeoffset = 
    -78.9436     -78.9898    -80.08858    -80.49604    -66.74095    -68.14113    -69.04438    -66.10997    -78.43955    -79.40993    -83.14992    -78.08762 
   -79.93502    -80.32585    -60.01776    -62.15028    -66.86571    -68.08188    -67.95319    -67.43918    -61.36974    -60.56442    -77.49086    -77.48206 
   -60.74667    -58.03593    -60.44403    -65.21289    -46.52079    -49.23086    -46.21092    -46.94878    -61.34485    -60.15149     -58.6864    -59.71104 
   -61.56685    -60.55324    -62.42578    -61.02688    -48.70241    -49.64991    -48.54993    -48.51561    -60.22653    -61.13885    -59.57119    -59.10364 
   -60.66959    -61.03027     -58.7894    -60.76219    -69.42707    -69.30768    -47.88783    -46.60508    -59.58977    -60.15836    -78.90283    -78.55427 
   -60.39142    -61.33396    -61.21206    -60.77187    -66.43863    -69.50617    -49.77475    -47.13576    -61.61949    -59.80487    -79.85936    -80.30427 
   -56.18216    -57.21443    -51.65445    -55.73534    -46.68916    -44.62411     -48.1935    -46.26793    -61.69809    -59.15807    -60.87663    -62.24943 
   -79.37215    -79.80925    -80.07181    -79.99401    -67.50646    -68.39289    -68.06473      -66.524    -76.98922    -78.71524    -77.03275    -79.35672 
   -58.72184    -60.40679    -59.27573     -60.6303    -66.25678    -68.68957    -45.62944    -45.49399    -59.84709    -59.52175     -78.1916     -79.4928 
   -57.57703    -59.66642    -79.25841    -79.04023    -68.41481    -67.47989     -48.5144    -48.19586    -79.24401    -77.65512    -79.65738    -78.73459 
   -61.52033    -60.43088    -59.86633    -60.43818    -69.22865    -67.84126    -49.33099    -49.40316    -61.22553    -60.74467    -76.74474    -78.01439 
   -78.31102    -80.84928    -78.62164    -77.89651    -48.71495    -48.47641     -66.6316    -65.82122    -78.99639    -78.18693    -60.61119    -60.91412 
   -54.32385    -57.03934    -56.85354    -56.03586    -47.42766    -48.42765    -44.79927    -43.27841    -58.61763    -57.07254    -60.69389    -61.37202 
    -61.0426    -59.73432     -60.3265    -59.54232    -50.15441    -47.66922    -50.46333    -47.97731    -60.88317    -58.57799    -61.95189    -60.49479 
   -76.45659    -79.52097    -79.04981    -77.86406    -48.97878    -50.75684    -67.30806    -65.92954    -79.00028    -75.09914    -61.28025    -61.49134 
   -62.47259    -60.59101    -61.31094    -60.79622    -48.86885    -48.33971    -50.09372     -47.9754    -59.50692    -60.53985    -60.42497    -61.99017 
   -59.66065     -60.3842     -58.8428    -59.33766    -46.64117    -50.90462    -46.25212    -43.07953    -59.64189    -57.06136    -60.19835    -57.88963 
   -60.62317    -59.11447    -65.73833    -58.89392    -49.80893    -50.61313    -49.42419     -46.6415    -61.24823    -60.06782    -62.66016     -60.6103 
   -58.83806    -61.92991    -61.40813    -58.40027     -48.6438    -47.41311    -47.46614    -48.58205    -59.99445    -59.02145    -60.73587    -59.41689 
   -60.46429    -62.10491     -61.1588    -61.31833    -47.12378     -47.7349    -49.01711    -45.34161    -60.78766    -62.05438    -59.28621    -60.14341 
   -58.01421    -58.36292    -59.50577    -58.54365    -63.93659    -68.04579    -46.38242    -45.34372    -59.04429    -57.35635    -77.31526    -77.34573 
    -58.3859    -59.43554    -62.47527    -61.39869     -68.0348    -70.52244    -50.25094    -48.42733    -60.53203    -61.10188    -79.63306    -80.70871 
   -132.6667    -61.94328    -61.41437    -61.41711    -66.91227     -69.5952     -45.9315    -47.72358    -61.68072    -60.84478     -79.1386    -81.26497 
   -76.91335    -76.34933    -78.90916    -79.53637    -67.98385     -68.6511    -65.45279    -62.11038    -79.97691    -79.73848    -78.40704    -78.40361 

-------[ 2023-10-19 17:42:00 ] # GEN4b -> set3: 5805 - 6083
sbs.hcal.adc.timeoffset = 
   -80.83146     -81.0332    -82.06934    -82.59971    -68.52122    -70.25626    -71.01216    -68.33287     -80.2566    -81.59585    -85.28074    -80.07095 
   -81.74717    -82.32752    -61.99715     -64.0846    -68.76327    -70.02502    -69.89026    -69.58222    -63.54868    -62.68625    -79.64421    -79.45971 
   -62.54994    -59.58093    -62.36889    -67.13881    -48.49095    -51.31613    -48.19784    -48.85618    -63.33856    -62.22627    -60.67325    -61.88667 
   -63.74005    -62.66201    -64.48442     -63.1836    -50.70434    -51.63927    -50.63318    -50.55482    -62.21878    -63.13316    -61.71173    -61.24861 
   -62.61774     -63.0332    -60.83526    -62.79937     -71.5286    -71.30581    -49.89098    -48.61965    -61.60459     -62.0795    -80.89408    -80.55646 
   -62.50769     -63.3455    -63.28552    -62.65238    -68.36923    -71.59049    -51.81951    -49.12301    -63.66667    -61.91584     -81.8054    -82.35049 
   -58.22108    -59.18363    -55.01161    -57.76633    -48.76025    -46.78178     -50.3132     -48.3558    -63.69469    -61.23065    -62.98584    -64.37402 
   -81.21712     -81.8385    -82.15934    -82.00468    -69.55582    -70.53273     -70.0657    -68.55888    -78.97768    -80.65874    -79.05732    -81.19671 
   -60.91669     -62.4944    -61.20371    -62.57577    -68.21619    -70.67055    -47.68494    -47.51957     -61.8397    -61.42827    -80.14437    -81.42094 
   -59.55147    -61.70038    -81.26653    -80.96679    -70.40642    -69.48849    -50.50763    -50.08892    -81.28527    -79.51209    -81.62209    -80.72357 
   -63.61478    -62.43075    -61.81156    -62.37947    -71.36358    -69.81698    -51.30748     -51.4616    -63.26553    -62.63759    -78.80284    -79.96269 
   -80.50736    -82.84514    -80.68246    -79.98628    -50.79731    -50.64591     -68.5994     -67.8476    -80.98563    -80.20321    -62.64801    -62.94729 
   -56.38841    -59.02994    -58.94521    -57.97029    -49.55782    -50.40395    -46.84341    -45.34399    -60.68455     -59.1026    -62.67293    -63.38664 
   -63.10147    -61.85117    -62.34881    -61.59614    -52.22502    -49.62905     -52.3834    -49.95541    -62.89705    -60.57089    -63.91245    -62.47013 
    -78.4252     -81.5733    -81.04805    -79.88955    -50.90856    -52.72085    -69.32861    -68.04866    -81.02654    -77.08289    -63.25259    -63.61874 
   -64.45129    -62.57663    -63.33866    -62.82811    -50.87383    -50.31471    -52.05838    -49.98198    -61.46369    -62.44038    -62.45692    -64.01902 
   -61.70234    -62.48972    -60.82446    -61.31475    -48.63624    -52.85025    -48.27303    -45.15798    -61.61482    -59.15719     -62.2275    -59.88666 
   -62.75282    -61.07845    -67.77165    -60.84704    -51.83129    -52.56253    -51.41282    -48.64192    -63.30949     -62.0443    -64.64253    -62.78227 
   -60.80899    -63.96632    -63.34838    -60.38863    -50.61032    -49.49316    -49.51038    -50.65099    -61.93629    -60.99006    -62.78543    -61.42057 
   -62.40566    -64.09341    -63.10999    -63.25335    -49.16397    -49.69846    -50.98367    -47.32181    -62.78511    -64.09648    -61.29144    -62.07282 
   -59.95145    -60.42919    -61.54843    -60.51113    -65.92037    -69.95942    -48.34113    -47.32156    -60.95348    -59.17632    -79.42483    -79.33976 
   -60.41469     -61.3888    -64.62848    -63.53572    -70.09501    -72.60517    -52.31207     -50.4853    -62.52404    -63.08608     -81.7168    -82.56556 
   -124.4825    -63.91171    -63.44885    -63.57596    -68.96543    -71.65455    -48.20885    -49.68226    -63.69454     -62.8395    -81.11473    -83.22854 
   -79.11311    -78.48598     -81.0429    -81.66521    -69.92539    -70.61206    -67.37284    -64.16337    -82.10482    -81.74936    -80.36629     -80.3341 

--------[ 2023-11-01 00:00:00 ] # Begin pion-A_LL: HCAL to 11 m:

sbs.hcal.tmax = 100.0

sbs.hcal.position = 0 0 6.175


--------[ 2024-04-01 00:00:00 ]
# GEN-RP: HCAL is at 9.007 m, while front GEM layer is at 4.324 m
# so relative to internal detector coordinates we should put HCAL at 4.683 m
# this information goes into the back constraint point for tracking
sbs.hcal.position = 0 0 4.897

###### Andrew Cheyne - new hcal correction and SVD aligment ##### 2025/06/19
# 2026-07-01 - Andrew Cheyne -
# generating calibration data for offsets using run770 and 0 baseline offsets
# in theory shouln't have to do this, but since previous attempt didnt work, I want to establish a baseline from 0 rather than using previous GEN data - I plan to put more meaningful tdcoffset values in for next pass

# TDC calibrations
sbs.hcal.tdc.calib = 0.11186
sbs.hcal.reftdc.calib = 0.11186

sbs.hcal.adc.timeoffset = 0.0

sbs.hcal.tdc.offset = 0.0
sbs.hcal.meantime_offset =
    -85.16740    -85.16740    -85.16740    -85.16740    -85.16740    -85.16740    -85.16740    -85.16740    -85.16740    -85.16740    -85.16740    -85.16740
    -85.16740    -85.16740    -85.16740    -85.16740    -96.89176    -93.28439    -95.70719    -93.41569    -85.16740    -85.16740    -85.16740    -85.16740
    -85.16740    -85.16740    -85.16740    -85.16740    -95.32341    -91.66181    -95.15018    -98.28423    -61.90590    -69.21847    -85.16740    -85.16740
    -85.16740    -85.16740    -77.92239    -78.22633    -90.77512    -93.75410    -89.83897    -88.95540    -77.90171    -77.70180    -78.41740    -85.16740
    -85.16740    -74.41740    -75.91740    -77.27562    -87.26815    -90.04446    -87.98933    -93.19390    -80.17734    -79.18609    -81.04326    -76.72468
    -85.16740    -68.70351    -81.44656    -81.66475    -92.77912    -86.39139    -91.20223    -95.48456    -80.04139    -81.14527    -77.63294    -71.68347
    -85.16740    -86.54240    -85.16740    -86.54106    -97.60558    -97.36745    -92.89110    -95.92462    -86.26701    -83.21509    -84.49721    -82.91740
    -85.16740    -81.94141    -80.66235    -81.38412    -95.29607    -93.04186    -93.43795    -94.66533    -82.35547    -81.75465    -84.38415    -82.68575
    -85.16740    -77.16278    -82.02037    -78.79974    -94.09091    -92.92717    -93.11188    -89.97946    -87.82477    -77.43991    -81.03644    -82.18286
    -85.16740    -71.25070    -80.70102    -74.94420    -92.21912    -90.89860    -91.28767    -92.68764    -76.67671    -82.05852   -131.91740    -85.16740
    -85.16740    -77.41740    -78.61938    -79.64135    -87.54367    -90.75394    -88.17136    -94.41858    -73.09325    -76.98282    -79.09920    -64.39211
    -98.91740    -76.25629    -76.23859    -82.73537    -87.17408    -91.91431    -91.82314    -91.92601    -76.27812    -80.33567    -75.38767   -110.41740
    -85.16740    -66.92551    -76.52155    -75.36701    -88.82139    -89.52498    -87.74679    -92.39447    -79.28755    -75.35601    -78.13619    -85.16740
    -64.41574    -68.32408    -75.06645    -74.77245    -84.71836    -88.64867    -85.73803    -89.10734    -75.87132    -77.77432    -74.11713    -85.16740
    -85.16740    -76.76296    -75.21444    -74.44946    -86.00472    -84.39930    -86.69711    -86.12496    -75.53108    -76.25549    -77.89180    -85.05645
    -85.16740    -69.28557    -70.92997    -74.44548    -88.72895    -87.67602    -85.25618    -88.53850    -76.12141    -72.40854    -79.23951    -80.38256
    -85.16740    -85.16740    -61.10486    -76.87562    -87.27329    -86.93770    -90.01724    -92.51762    -76.52907    -79.77338    -76.52624    -82.34521
    -85.16740    -85.16740    -85.16740    -96.37218    -85.47842    -85.99155   -104.15930   -109.14429    -96.78506    -96.57258    -75.75695    -75.86046
    -85.16740    -85.16740    -85.16740    -74.40505   -105.98225   -104.09635    -87.70390    -91.76597    -76.62946    -76.36022    -92.81448    -85.16740
    -85.16740    -85.16740    -85.16740    -78.08478   -103.41405   -105.53559    -88.99702    -94.05574    -76.29416    -78.63267    -63.12318    -85.16740
    -85.16740    -85.16740    -85.16740    -76.41740   -106.19056   -108.52296    -85.08398    -89.27737    -80.61134    -80.01246    -85.16740    -85.16740
    -85.16740    -85.16740    -85.16740    -85.16740    -85.16740    -85.16740    -87.56442    -96.41740    -85.16740    -85.16740    -85.16740    -85.16740
    -85.16740    -85.16740    -85.16740    -85.16740    -89.91740    -85.16740    -85.16740    -85.16740    -85.16740    -85.16740    -85.16740    -85.16740
    -85.16740    -85.16740    -85.16740    -85.16740    -85.16740    -85.16740    -85.16740    -85.16740    -85.16740    -85.16740    -85.16740    -85.16740

sbs.hcal.tw0 =
    -20.7615    -20.7615    -20.7615    -20.7615    -20.7615    -20.7615    -20.7615    -20.7615    -20.7615    -20.7615    -20.7615    -20.7615
    -20.7615    -20.7615    -20.7615    -20.7615    -20.7615    -20.7615    -20.7615    -20.7615    -20.7615    -20.7615    -20.7615    -20.7615
    -20.7615    -20.7615    -20.7615    -20.7615    -20.7615    -20.7615    -20.7615    -20.7615    -20.7615    -20.7615    -20.7615    -20.7615
    -20.7615    -20.7615    -20.7615    -20.7615    -20.7615    -14.3131    -20.7615    -20.7615    -20.7615    -20.7615    -20.7615    -20.7615
    -20.7615    -20.7615    -20.7615    -20.7615    -20.7615     -5.3253    -37.6251     -6.1761    -20.7615    -20.7615    -20.7615    -20.7615
    -20.7615    -20.7615    -20.7615    -20.7615     -5.6644    -37.0584    -37.8151    -20.7615    -20.7615    -20.7615    -20.7615    -20.7615
    -20.7615    -20.7615    -20.7615    -20.7615    -20.7615    -24.8985    -17.9711    -31.9110    -20.7615    -20.7615    -20.7615    -20.7615
    -20.7615    -20.7615    -20.7615    -20.7615     -1.0891    -16.6967    -12.4775    -32.7947    -54.0686    -20.7615    -20.7615    -20.7615
    -20.7615    -20.7615    -20.7615    -20.7615     -5.3961    -20.7615    -36.0649    -65.0712    -20.7615    -20.7615    -20.7615    -20.7615
    -20.7615    -20.7615    -20.7615    -58.1041     -2.2925     -7.7604    -19.5392    -13.9103    -54.3278    -20.7615    -20.7615    -20.7615
    -20.7615    -20.7615    -20.7615     -8.4666    -14.7216     -6.4264    -34.0596     -1.3369    -67.7026    -20.7615    -20.7615    -20.7615
    -20.7615    -20.7615    -20.7615    -20.7615    -14.8821     -5.3854     -7.4708     -7.9783    -34.8273    -20.7615    -20.7615    -20.7615
    -20.7615    -20.7615    -20.7615    -29.4829    -20.7615     -9.8000    -25.7958     -1.2347    -20.7615    -20.7615    -20.7615    -20.7615
    -20.7615    -20.7615    -20.7615    -14.0711     -3.1058    -19.9558    -13.7613     -8.1180    -13.8027    -20.7615    -20.7615    -20.7615
    -20.7615    -20.7615    -20.7615    -20.7615    -13.2812    -29.7576    -18.6207    -31.2313    -20.4967    -94.6722    -20.7615    -20.7615
    -20.7615    -20.7615    -20.7615    -20.7615     -0.2797    -25.6004    -32.6217    -20.7615     -7.4554    -20.7615    -20.7615    -20.7615
    -20.7615    -20.7615    -20.7615    -20.7615    -20.7615    -11.5253     -7.7986    -31.6945    -34.0375    -20.7615    -20.7615    -20.7615
    -20.7615    -20.7615    -20.7615    -20.7615    -20.7615    -24.8341    -10.8618     -3.6012    -20.7615    -20.7615    -20.7615    -20.7615
    -20.7615    -20.7615    -20.7615    -20.7615    -20.7615    -18.4164    -15.4191     -4.2095    -12.4148    -20.7615    -20.7615    -20.7615
    -20.7615    -20.7615    -20.7615    -20.7615    -20.7615    -20.7615    -20.7615     -1.4562    -20.7615    -20.7615    -20.7615    -20.7615
    -20.7615    -20.7615    -20.7615    -20.7615    -20.7615    -20.7615    -20.7615    -20.7615    -20.7615    -20.7615    -20.7615    -20.7615
    -20.7615    -20.7615    -20.7615    -20.7615    -20.7615    -20.7615    -20.7615    -20.7615    -20.7615    -20.7615    -20.7615    -20.7615
    -20.7615    -20.7615    -20.7615    -20.7615    -20.7615    -20.7615    -20.7615    -20.7615    -20.7615    -20.7615    -20.7615    -20.7615
    -20.7615    -20.7615    -20.7615    -20.7615    -20.7615    -20.7615    -20.7615    -20.7615    -20.7615    -20.7615    -20.7615    -20.7615

sbs.hcal.tw1 =
      0.7476      0.7476      0.7476      0.7476      0.7476      0.7476      0.7476      0.7476      0.7476      0.7476      0.7476      0.7476
      0.7476      0.7476      0.7476      0.7476      0.7476      0.7476      0.7476      0.7476      0.7476      0.7476      0.7476      0.7476
      0.7476      0.7476      0.7476      0.7476      0.7476      0.7476      0.7476      0.7476      0.7476      0.7476      0.7476      0.7476
      0.7476      0.7476      0.7476      0.7476      0.7476      0.6984      0.7116      0.7476      0.7476      0.7476      0.7476      0.7476
      0.7476      0.7476      0.7476      0.7476      0.7476      0.7056      0.7476      0.6929      0.7476      0.7476      0.7476      0.7476
      0.7476      0.7476      0.7476      0.7476      1.1425      0.7476      0.7476      0.8569      0.7476      0.7476      0.7476      0.7476
      0.7476      0.7476      0.7476      0.7476      0.6395      0.0638      0.2312      0.7476      2.2602      0.7476      0.7476      0.7476
      0.7476      0.7476      0.7476      0.7476      1.1279      0.7476      0.2603      0.7476      0.7476      0.7476      0.7476      0.7476
      0.7476      0.7476      0.7476      0.7476      0.9722      0.9638      0.7476      0.7476      2.8255      0.7476      0.7476      0.7476
      0.7476      0.7476      0.7476      0.7476      0.8444      0.3407      0.2741      0.3006      0.7476      0.7476      0.7476      0.7476
      0.7476      0.7476      0.7476      0.4963      0.7476      0.4844      0.7476      1.2850      0.7476      0.7476      0.7476      0.7476
      0.7476      0.7476      0.7476      1.7015      0.0651      0.8612      0.4178      0.0355      0.7476      0.7476      0.7476      0.7476
      0.7476      0.7476      0.7476      0.7476      0.7476      0.1075      0.7476      0.5030      1.8638      0.7476      0.7476      0.7476
      0.7476      0.7476      0.7476      0.4238      0.4072      0.7476      0.7476      0.5289      0.3437      0.7476      0.7476      0.7476
      0.7476      0.7476      0.7476      0.7476      0.5015      0.7476      0.7476      0.7476      0.7476      0.7476      0.7476      0.7476
      0.7476      0.7476      0.7476      0.7476      0.5641      0.7476      0.7476      1.0371      0.2320      0.7476      0.7476      0.7476
      0.7476      0.7476      0.7476      0.7476      0.7476      0.7476      0.7329      0.7476      0.7476      0.7476      0.7476      0.7476
      0.7476      0.7476      0.7476      0.7476      0.7476      0.7476      0.3933      0.7456      2.1247      0.7476      0.7476      0.7476
      0.7476      0.7476      0.7476      0.7476      0.7476      0.3569      0.7476      1.2633      0.2542      0.7476      0.7476      0.7476
      0.7476      0.7476      0.7476      0.7476      0.7476      0.7476      0.7476      0.7476      0.7476      0.7476      0.7476      0.7476
      0.7476      0.7476      0.7476      0.7476      0.7476      0.7476      0.7476      0.7476      0.7476      0.7476      0.7476      0.7476
      0.7476      0.7476      0.7476      0.7476      0.7476      0.7476      0.7476      0.7476      0.7476      0.7476      0.7476      0.7476
      0.7476      0.7476      0.7476      0.7476      0.7476      0.7476      0.7476      0.7476      0.7476      0.7476      0.7476      0.7476
      0.7476      0.7476      0.7476      0.7476      0.7476      0.7476      0.7476      0.7476      0.7476      0.7476      0.7476      0.7476

--------[ 2024-10-01 00:00:00 ] # start GEP:

# let's go ahead and put in some sensible offline clustering thresholds:
# lowering these offline thresholds as they seem to be cutting out too many good hits.
sbs.hcal.emin = 0.02 #
sbs.hcal.emin_clSeed = 0.1 # 5 MeV, cluster seed threshold (offline)
sbs.hcal.emin_clTotal = 0.5 # 10 MeV, cluster total threshold (offline)


sbs.hcal.tmax = 20.0 # will shrink when we do FADC time alignment (reduced from 100.0 during gep 6/2)

# HCAL position for back tracker search region constraint:
# AJRP 2025-04-07: we offset HCAL position vertically to compensate for vertical offset of GEM coordinate system. The "position" variable specifies the HCAL origin in
# GEM coordinates (we might need to modify the code too, oh wait, nope, the code already does this correctly).
# since HCAL is 10 m from the target and our initial guess for the origin of the GEM coordinate system is 3.685 m from target, HCAL z position should be
# 6.315 m (initial guess, will need adjustment)

# adjusting HCAL position relative to aligned GEM coordinate system
# (AJRP 4/20/2025):
# this one works for Kin. 1:

sbs.hcal.position = 0.1535 0.0 6.3813



--------[ 2025-04-09 00:00:00 ] ## RF send to another channel for new configuration
## crate slot start_channel end_channel ref_channel(0:HCal cosmic, 2:Beam)
sbs.hcal.detmap =
  28   3      0     15 -1
  28   4      0     15 -1
  28   5      0     15 -1
  28   6      0     15 -1
  28   7      0     15 -1
  28   8      0     15 -1
  28   9      0     15 -1
  28   10     0     15 -1
  28   13     0     15 -1
  28   14     0     15 -1
  28   15     0     15 -1
  28   16     0     15 -1
  28   17     0     15 -1
  28   18     0     15 -1
  28   19     0     15 -1
  28   20     0     15 -1
  29   19     0     15 -1
  29   20     0     15 -1
  17    4     0    31 -1 # 32 channels
  17    4     32   63 -1 # 32 channels
  17    5     0    31 -1 # 32 channels
  17    5     32   63 -1 # 32 channels
  17    6     0    31 -1 # 32 channels
  17    6     32   63 -1 # 32 channels
  17    7     0    31 -1 # 32 channels
  17    7     32   63 -1 # 32 channels
  17    8     0    31 -1 # 32 channels
  17    8     32   32 -1 # 1 channel. Sum module trigger copy (logical). sbs.hcal.Ref.tdc[0]
  17    8     34   34 -1 # 1 channel. Copy of DVCS pulser EDTM signal (logical). sbs.hcal.Ref.tdc[1]
  17    8     35   35 -1 # 1 channel. Copy of BB trigger (logical). TDC reference channel. sbs.hcal.Ref.tdc[2]
#  17    8     36   36 5 # 1 channel. RF copy (logical). sbs.hcal.Ref.tdc[3]
  17    8     41   41 -1 # 1 channel. RF copy(logical). sbs.hcal.Ref.tdc[3]
  17    8     42   42 -1 # 1 channel. Copy of Coin-Match (ECAL-HCAL). sbs.hcal.Ref.tdc[4]
  17    8     43   43 -1 # 1 channel. Copy of ECAL-HCAL coin (logical). sbs.hcal.Ref.tdc[5]
  17    8     45   45 -1 # 1 channel. Copy of ECAL clust trig (logical). sbs.hcal.Ref.tdc[6]
  17    8     47   47 -1 # 1 channel. Copy of HCAL clust trig (logical). sbs.hcal.Ref.tdc[7]



## Channel map from channel to logical channel
sbs.hcal.start_chanmap=1
sbs.hcal.chanmap =
#fADC Logical Mapping
##   Ch1   2   3   4   5   6   7   8   9   10  11  12  13  14  15  16 #
##----------------------------------------------------------------
#1
#       1   7   2   8   3   9   4   10  5   11  6   12
#       13  19  14  20  15  21  16  22  17  23  18  24
	73  79  74  80  75  81  76  82  77  83  78  84  109 115 110 116   #fADC 1
	85  91  86  92  87  93  88  94  89  95  90  96  111 117 112 118   #fADC 2
	97  103 98  104 99  105 100 106 101 107 102 108 113 119 114 120   #fADC 3
	121 127 122 128 123 129 124 130 125 131 126 132 13  19  14  20    #fADC 4
	133 139 134 140 135 141 136 142 137 143 138 144 15  21  16  22    #fADC 5
	1   7   2   8   3   9   4   10  5   11  6   12  17  23  18  24    #fADC 6
	25  31  26  32  27  33  28  34  29  35  30  36  61  67  62  68    #fADC 7
	37  43  38  44  39  45  40  46  41  47  42  48  63  69  64  70    #fADC 8
	49  55  50  56  51  57  52  58  53  59  54  60  65  71  66  72    #fADC 9
	145 151 146 152 147 153 148 154 149 155 150 156 181 187 182 188   #fADC 10
 	157 163 158 164 159 165 160 166 161 167 162 168 183 189 184 190   #fADC 11
	169 175 170 176 171 177 172 178 173 179 174 180 185 191 186 192   #fADC 12
	193 199 194 200 195 201 196 202 197 203 198 204 229 235 230 236   #fADC 13
	205 211 206 212 207 213 208 214 209 215 210 216 231 237 232 238   #fADC 14
	217 223 218 224 219 225 220 226 221 227 222 228 233 239 234 240   #fADC 15
	241 247 242 248 243 249 244 250 245 251 246 252 277 283 278 284   #fADC 16
	253 259 254 260 255 261 256 262 257 263 258 264 279 285 280 286   #fADC 17
	265 271 266 272 267 273 268 274 269 275 270 276 281 287 282 288  #-1000  #fADC 18
#F1TDC Logical Mapping
##   Ch33  34  35  36  37  38  39  40  41  42  43  44  45  46  47  48  49  50  51  52  53  54  55  56  57  58  59  60  61  62  63  64 #
##----------------------------------------------------------------
#1
#       13  19  14  20  15  21  16  22  17  23  18  24  1   7   2   8   3   9   4   10  5   11  6   12
       85  91  86  92  87  93  88  94  89  95  90  96  111 117 112 118 73  79  74  80  75  81  76  82  77  83  78  84  109 115 110 116  #TDC 1. Ribbons 1, 2.
       169 175 170 176 171 177 172 178 173 179 174 180 185 191 186 192 157 163 158 164 159 165 160 166 161 167 162 168 183 189 184 190  #TDC 1. Ribbons 11, 12.
       121 127 122 128 123 129 124 130 125 131 126 132 13  19  14  20  97  103 98  104 99  105 100 106 101 107 102 108 113 119 114 120  #TDC 2. Ribbons 3, 4.
       205 211 206 212 207 213 208 214 209 215 210 216 231 237 232 238 193 199 194 200 195 201 196 202 197 203 198 204 229 235 230 236  #TDC 2. Ribbons 13, 14.
       1   7   2   8   3   9   4   10  5   11  6   12  17  23  18  24  133 139 134 140 135 141 136 142 137 143 138 144 15  21  16  22   #TDC 3. Ribbons 5, 6.
       241 247 242 248 243 249 244 250 245 251 246 252 277 283 278 284 217 223 218 224 219 225 220 226 221 227 222 228 233 239 234 240  #TDC 3. Ribbons 15, 16.
       37  43  38  44  39  45  40  46  41  47  42  48  63  69  64  70  25  31  26  32  27  33  28  34  29  35  30  36  61  67  62  68   #TDC 4. Ribbons 7, 8.
       265 271 266 272 267 273 268 274 269 275 270 276 281 287 282 288 253 259 254 260 255 261 256 262 257 263 258 264 279 285 280 286  #TDC 4. Ribbons 17, 18.
##   Ch1   2   3   4   5   6   7   8   9   10  11  12  13  14  15  16
       145 151 146 152 147 153 148 154 149 155 150 156 181 187 182 188 49  55  50  56  51  57  52  58  53  59  54  60  65  71  66  72   -1000  -1000  -1000  -1000  -1000  -1000 -1000 -1000 #TDC 5. Ribbons 9, 10.




sbs.hcal.reftdc.GoodTimeCut = 0.0 0.0 0.0 0.0 200.0 200.0 200.0 200.0

--------[ 2025-04-14 00:00:00 ] #gep

#sbs.hcal.adc.gain =
#0.00175  0.00266867  0.00263163  0.00180382  0.00263728  0.00185798  0.0024062  0.00332779  0.00145959  0.00145491  0.00222524  0.00374568
#0.00175  0.0028114  0.00168388  0.00165362  0.00176223  0.00191629  0.00127553  0.00033258  0.000987108  0.00208857  0.00104803  0.00256277
#0.00175  0.000549083  0.000775478  0.00143323  0.00133923  0.00150582  0.000878316  0.00116677  0.00122135  0.00180183  0.000868816  0.0031688
#0.00175  0.00165191  0.00138037  0.00117046  0.00117154  0.00130065  0.00149967  0.00168174  0.00171157  0.00208062  0.00191594  0.00296845
#0.00175  0.00131023  0.0015652  0.00146996  0.00149789  0.00122581  0.00593109  0.0015631  0.00183514  0.00202092  0.00184944  0.00272894
#0.00157432  0.00224432  0.00539881  0.00144749  0.00150163  0.00162213  0.00478427  0.00646931  0.00156161  0.00147743  0.00173477  0.00254265
#0.00169373  0.000275533  0.000298944  0.000599265  0.00105645  0.00086871  0.00537655  0.00151191  0.00183094  0.00200068  0.00173649  0.00311957
#0.0030827  0.00186074  0.00144928  0.00160785  0.00141713  0.00129993  0.00175116  0.00180068  0.00199998  0.00208202  0.00197725  0.00326762
#0.00512732  0.00154451  0.000979505  0.00125333  0.00560868  0.00139283  0.00639753  0.00143264  0.00162997  0.00190801  0.00176975  0.00300717
#0.00260136  0.00148176  0.00146341  0.00241193  0.00448435  0.0048605  0.00316093  0.00549604  0.00169573  0.00209187  0.00155949  0.00305697
#0.00607633  0.00171058  0.00137975  0.00376586  0.00325535  0.0042552  0.00322693  0.00453971  0.00180745  0.00197599  0.00126722  0.00216883
#0.0072298  0.00174206  0.00140851  0.00432777  0.00468926  0.00407823  0.00191684  0.00284799  0.00154032  0.00213906  0.00240923  0.00372126
#0.000449533  0.000488912  0.000590922  0.000582451  0.000745794  0.00375036  0.00731751  0.0050222  0.00159181  0.00142471  0.00228241  0.0035386
#0.00660769  0.00120219  0.00137378  0.00110814  0.00654334  0.00449991  0.00235282  0.00617055  0.00133372  0.00214296  0.00270455  0.00379699
#0.00212358  0.0017905  0.00117037  0.00140173  0.00379  0.0012812  0.00579402  0.00305254  0.00172918  0.000244951  0.00250264  0.00341337
#0.00335189  0.00127896  0.00148071  0.00133853  0.00341832  0.00404559  0.00375034  0.00618623  0.00147448  0.00191438  0.00274045  0.00356526
#0.00349821  0.000794794  0.00150729  0.00127622  0.00111391  0.00139497  0.00137369  0.000975249  0.00109081  0.00155438  0.00195526  0.00340549
#0.00274887  0.00140077  0.00135238  0.00107242  0.0015003  0.00127913  0.00167818  0.00187533  0.0015864  0.0015361  0.00244788  0.00366691
#0.0050249  0.00292725  0.00159332  0.00131823  0.00154002  0.00129025  0.00152842  0.00172602  0.00125051  0.00149605  0.0020386  0.0037875
#0.00432152  0.00164664  0.00152238  0.00133137  0.0018508  0.00123938  0.00137083  0.00119434  0.0016172  0.00155701  0.00168128  0.00372496
#0.0045194  0.00171242  0.000476805  0.001309  0.00130803  0.00128104  0.00124791  0.00160076  0.00154403  0.00131706  0.00138985  0.00410904
#0.00265122  0.00116889  0.00190811  0.00166903  0.00179654  0.00185825  0.00169268  0.00158463  0.00158704  0.00105741  0.00183152  0.00338812
#0.00175  0.00403728  0.00184311  0.00188862  0.00164165  0.00163744  0.00149042  0.00142973  0.00163888  0.00171401  0.00262937  0.00308539
#0.00731553  0.00733844  0.00269888  0.00236267  0.00204097  0.00246712  0.00241754  0.00240661  0.00195007  0.00151657  0.00263376  0.00416878

#sbs.hcal.adc.gain =
#0.00175 0.00266867 0.00248753 0.00118659 0.00202843 0.00139718 0.000767698 0.00332779 0.00145959 0.00145491 0.00222524 0.00374568
#0.00175 0.0028114 0.00143237 0.00141717 0.00114724 0.00115513 0.00115414 0.000431388 0.000355789 0.00208857 0.00104803 0.00256277
#0.00175 0.000549083 0.000427533 0.000917853 0.00115522 0.00129455 0.000817159 0.000937315 0.00066353 0.000901407 0.00115469 0.0031688
#0.00175 0.00165191 0.000773611 0.000542983 0.000507172 0.00102499 0.000995261 0.00104622 0.00127268 0.000822928 0.00148811 0.0011529
#0.00175 0.00087855 0.00102805 0.00094335 0.00120416 0.000667238 0.00160959 0.00104194 0.0011155 0.000851267 0.00184944 0.00180177
#0.00157432 0.00192178 0.00127668 0.00100715 0.00083853 0.00132074 0.00134153 0.00149609 0.000964623 0.000806977 0.00173477 0.000271177
#0.000536685 0.000275533 0.000114529 0.000162853 0.000749393 0.000208274 0.00165847 0.00122794 0.00108286 0.000936394 0.00090362 0.000631609
#0.00221862 0.00113032 0.000802802 0.000907579 0.000802017 0.000744979 0.000932967 0.00110245 0.00112031 0.000871384 0.000656244 0.00146627
#0.0022979 0.000399668 0.000513048 0.000822988 0.00145161 0.000966007 0.000821253 0.000888291 0.000938245 0.00124007 0.000528409 0.000638621
#0.000322831 0.00064841 0.00110805 0.00131266 0.00133824 0.00122521 0.00142116 0.00139691 0.000968436 0.00108129 0.000356568 0.00305697
#7.07777e-05 0.000674456 0.000398808 0.00119794 0.00127177 0.00140396 0.00134784 0.00133483 0.00103542 0.00081815 0.000336627 0.000210069
#0.00204233 0.00145252 0.000861477 0.00145835 0.00157118 0.00163139 0.000943129 0.00120259 0.00100671 0.00103276 0.000553424 0.00372126
#0.000427546 0.000185854 0.000211719 0.000155254 0.000734935 0.00052851 0.00280963 0.0013887 0.000901801 0.000701984 0.000274876 0.0035386
#0.00145567 0.000407449 0.000852401 0.000808269 0.000926764 0.0013338 0.000989948 0.00143403 0.000809161 0.000918454 0.000813494 0.000633545
#0.0018788 0.000699444 0.000818154 0.000685237 0.00138153 0.00104299 0.00170299 0.00136781 0.00101689 0.000244951 0.00108634 0.00341337
#0.00335189 0.000662883 0.000974489 0.000785475 0.00149495 0.00108854 0.00130588 0.00153274 0.000907452 0.00127104 0.00132802 0.000934719
#0.00349821 0.000593003 0.00127177 0.000755451 0.000469689 0.000404649 0.00100028 0.000441134 0.000802944 0.000975416 0.000908317 0.000712344
#0.00274887 0.000213843 0.000925365 0.000622808 0.000810655 0.000722003 0.000784716 0.00117554 0.000906565 0.000912548 0.00105877 0.000455222
#0.0050249 0.00129402 0.00108014 0.000737545 0.00130617 0.000794135 0.00112797 0.00116869 0.00074659 0.000948605 0.0020386 0.00119858
#0.00432152 0.000122349 0.00121993 0.000748279 0.000852032 0.000799686 0.000768158 0.00086154 0.00107591 0.00100355 0.00113327 0.000124021
#0.0045194 0.0014132 0.000203692 0.000481408 0.000811856 0.000517328 0.000934701 0.000742542 0.0012143 0.000497621 0.00157896 0.000227729
#0.00265122 0.00116889 0.000828281 0.000937045 0.00138162 0.00109004 0.000802935 0.00114406 0.00105709 0.00103522 0.00168929 0.00338812
#0.00175 0.00403728 0.00120509 0.000843067 0.00121312 0.00136144 0.00109364 0.000833814 0.0013025 0.00171401 0.00315617 0.00308539
#0.00731553 0.00733844 0.000338846 0.000558649 0.000609703 0.00124431 0.000763998 0.00159659 0.00195007 0.00122355 0.00263376 0.00416878

#sbs.hcal.adc.gain =
#0.00175 0.00266867 0.00248753 0.00118659 0.00202843 0.00139718 0.000767698 0.00332779 0.00145959 0.00145491 0.00222524 0.00374568
#0.00175 0.0028114 0.00143237 0.00141717 0.00114724 0.00115513 0.00115414 0.000431388 0.000355789 0.00208857 0.00104803 0.00256277
#0.00175 0.000549083 0.000427533 0.000917853 0.00115522 0.00129455 0.000817159 0.000937315 0.00066353 0.000901407 0.00115469 0.0031688
#0.00175 0.00165191 0.000773611 0.000542983 0.000507172 0.00102499 0.000995261 0.00104622 0.00127268 0.000822928 0.00148811 0.0011529
#0.00175 0.00087855 0.00102805 0.00094335 0.00120416 0.000667238 0.00160959 0.00104194 0.0011155 0.000851267 0.00184944 0.00180177
#0.00157432 0.00192178 0.00127668 0.00100715 0.00083853 0.00132074 0.00134153 0.00149609 0.000964623 0.000806977 0.00173477 0.00254265
#0.000536685 0.000275533 0.000114529 0.000162853 0.000749393 0.000208274 0.00165847 0.00122794 0.00108286 0.000936394 0.00090362 0.000631609
#0.00221862 0.00113032 0.000802802 0.000907579 0.000802017 0.000744979 0.000932967 0.00110245 0.00112031 0.000871384 0.000656244 0.00146627
#0.0022979 0.000399668 0.000513048 0.000822988 0.00145161 0.000966007 0.00639753 0.000888291 0.000938245 0.00124007 0.000528409 0.000638621
#0.00260136 0.00064841 0.00110805 0.00131266 0.00133824 0.00122521 0.00142116 0.00139691 0.000968436 0.00108129 0.000356568 0.00305697
#0.00607633 0.000674456 0.000398808 0.00119794 0.00127177 0.00140396 0.00134784 0.00133483 0.00103542 0.00081815 0.000336627 0.00216883
#0.00204233 0.00145252 0.000861477 0.00145835 0.00157118 0.00163139 0.000943129 0.00120259 0.00100671 0.00103276 0.000553424 0.00372126
#0.000427546 0.000185854 0.000211719 0.000155254 0.000734935 0.00052851 0.00280963 0.0013887 0.000901801 0.000701984 0.00228241 0.0035386
#0.00145567 0.000407449 0.000852401 0.000808269 0.000926764 0.0013338 0.000989948 0.00143403 0.000809161 0.000918454 0.000813494 0.000633545
#0.0018788 0.000699444 0.000818154 0.000685237 0.00138153 0.00104299 0.00170299 0.00136781 0.00101689 0.000244951 0.00108634 0.00341337
#0.00335189 0.000662883 0.000974489 0.000785475 0.00149495 0.00108854 0.00130588 0.00153274 0.000907452 0.00127104 0.00132802 0.000934719
#0.00349821 0.000593003 0.00127177 0.000755451 0.000469689 0.000404649 0.00100028 0.000441134 0.000802944 0.000975416 0.000908317 0.000712344
#0.00274887 0.00140077 0.000925365 0.000622808 0.000810655 0.000722003 0.000784716 0.00117554 0.000906565 0.000912548 0.00105877 0.00366691
#0.0050249 0.00129402 0.00108014 0.000737545 0.00130617 0.000794135 0.00112797 0.00116869 0.00074659 0.000948605 0.0020386 0.00119858
#0.00432152 0.00164664 0.00121993 0.000748279 0.000852032 0.000799686 0.000768158 0.00086154 0.00107591 0.00100355 0.00113327 0.00372496
#0.0045194 0.0014132 0.000203692 0.000481408 0.000811856 0.000517328 0.000934701 0.000742542 0.0012143 0.000497621 0.00157896 0.00410904
#0.00265122 0.00116889 0.000828281 0.000937045 0.00138162 0.00109004 0.000802935 0.00114406 0.00105709 0.00103522 0.00168929 0.00338812
#0.00175 0.00403728 0.00120509 0.000843067 0.00121312 0.00136144 0.00109364 0.000833814 0.0013025 0.00171401 0.00315617 0.00308539
#0.00731553 0.00733844 0.000338846 0.000558649 0.000609703 0.00124431 0.000763998 0.00159659 0.00195007 0.00122355 0.00263376 0.00416878

# try multiplying all "offline" FADC gains by 1/.07:
sbs.hcal.adc.gain =
0.025 0.038123857 0.035536143 0.016951286 0.028977571 0.019959714 0.010967114 0.047539857 0.020851286 0.020784429 0.031789143 0.053509714
0.025 0.040162857 0.020462429 0.020245286 0.016389143 0.016501857 0.016487714 0.006162686 0.0050827 0.029836714 0.014971857 0.036611
0.025 0.007844043 0.006107614 0.013112186 0.016503143 0.018493571 0.0116737 0.013390214 0.009479 0.012877243 0.016495571 0.045268571
0.025 0.023598714 0.011051586 0.0077569 0.007245314 0.014642714 0.014218014 0.014946 0.018181143 0.011756114 0.021258714 0.01647
0.025 0.012550714 0.014686429 0.013476429 0.017202286 0.009531971 0.022994143 0.014884857 0.015935714 0.012160957 0.026420571 0.025739571
0.022490286 0.027454 0.018238286 0.014387857 0.011979 0.018867714 0.019164714 0.021372714 0.013780329 0.011528243 0.024782429 0.036323571
0.007666929 0.003936186 0.001636129 0.002326471 0.010705614 0.002975343 0.023692429 0.017542 0.015469429 0.013377057 0.012908857 0.009022986
0.031694571 0.016147429 0.0114686 0.012965414 0.011457386 0.010642557 0.0133281 0.015749286 0.016004429 0.012448343 0.009374914 0.020946714
0.032827143 0.005709543 0.007329257 0.011756971 0.020737286 0.0138001 0.030464428 0.012689871 0.0134035 0.017715286 0.0075487 0.009123157
0.037162286 0.009263 0.015829286 0.018752286 0.019117714 0.017503 0.020302286 0.019955857 0.0138348 0.015447 0.005093829 0.043671
0.086804714 0.009635086 0.005697257 0.017113429 0.018168143 0.020056571 0.019254857 0.019069 0.014791714 0.011687857 0.004808957 0.030983286
0.029176143 0.020750286 0.012306814 0.020833571 0.022445429 0.023305571 0.013473271 0.017179857 0.014381571 0.014753714 0.007906057 0.053160857
0.0061078 0.002655057 0.0051187 0.003839 0.03839 0.007550143 0.040137571 0.019838571 0.012882871 0.010028343 0.032605857 0.050551429
0.020795286 0.0058207 0.012177157 0.0115467 0.013239486 0.019054286 0.014142114 0.020486143 0.011559443 0.013120771 0.011621343 0.009050643
0.02684 0.009992057 0.011687914 0.0097891 0.019736143 0.014899857 0.024328429 0.019540143 0.014527 0.0034993 0.015519143 0.048762429
0.047884143 0.009469757 0.013921271 0.011221071 0.021356429 0.015550571 0.018655429 0.021896286 0.0129636 0.018157714 0.018971714 0.013353129
0.049974429 0.008471471 0.018168143 0.010792157 0.006709843 0.0057807 0.014289714 0.006301914 0.011470629 0.013934514 0.012975957 0.010176343
0.039269571 0.020011 0.0132195 0.008897257 0.011580786 0.010314329 0.011210229 0.016793429 0.012950929 0.0130364 0.015125286 0.052384429
0.071784286 0.018486 0.015430571 0.010536357 0.018659571 0.011344786 0.016113857 0.016695571 0.010665571 0.0135515 0.029122857 0.017122571
0.061736 0.023523429 0.017427571 0.0106897 0.012171886 0.011424086 0.010973686 0.012307714 0.015370143 0.014336429 0.016189571 0.053213714
0.064562857 0.020188571 0.002909886 0.006877257 0.011597943 0.0073904 0.013352871 0.010607743 0.017347143 0.007108871 0.022556571 0.058700571
0.037874571 0.016698429 0.011832586 0.013386357 0.019737429 0.015572 0.0114705 0.016343714 0.015101286 0.014788857 0.024132714 0.048401714
0.025 0.057675429 0.017215571 0.012043814 0.017330286 0.019449143 0.015623429 0.011911629 0.018607143 0.024485857 0.045088143 0.044077
0.104507571 0.104834857 0.004840657 0.0079807 0.008710043 0.017775857 0.010914257 0.022808429 0.027858143 0.017479286 0.037625143 0.059554

--------[ 2025-06-27 13:40:00 ] #gep

sbs.hcal.adc.gain =
0.035 0.045 0.04 0.028 0.03 0.0403286 0.021 0.047539857 0.020851286 0.020784429 0.031789143 0.053509714
0.05 0.040162857 0.0374292 0.020245286 0.0345586 0.0303777 0.0406503 0.012 0.01 0.029836714 0.025 0.036611
0.05 0.015 0.0131555 0.02922186 0.0288293 0.0294794 0.0131531 0.0324507 0.0171627 0.01 0.014 0.045268571
0.05 0.05 0.0264921 0.0208451 0.0235549 0.014642714 0.014218014 0.014946 0.018181143 0.011756114 0.021258714 0.01647
0.05 0.04 0.0294066 0.013476429 0.017202286 0.009531971 0.022994143 0.014884857 0.015935714 0.012160957 0.026420571 0.05
0.05 0.06 0.0331127 0.014387857 0.030984 0.018867714 0.019164714 0.021372714 0.013780329 0.011528243 0.024782429 0.036323571
0.006 0.007 0.0018 0.002 0.011 0.0028 0.023692429 0.017542 0.015469429 0.013377057 0.012908857 0.02
0.065 0.03 0.0233232 0.012965414 0.0236049 0.010642557 0.0133281 0.015749286 0.014 0.0371177 0.02 0.05
0.065 0.01 0.0189744 0.011756971 0.020737286 0.0138001 0.030464428 0.012689871 0.011 0.017715286 0.015 0.018
0.037162286 0.04 0.0214891 0.018752286 0.019117714 0.017503 0.020302286 0.019955857 0.011 0.015447 0.01 0.043671
0.1 0.035 0.006 0.017113429 0.018168143 0.020056571 0.019254857 0.019069 0.014791714 0.011687857 0.008 0.030983286
0.06 0.04 0.0226666 0.020833571 0.022445429 0.023305571 0.013473271 0.017179857 0.014381571 0.014753714 0.016 0.053160857
0.012 0.005 0.007 0.005 0.07 0.00862817 0.055 0.019838571 0.012882871 0.0301403 0.032605857 0.06
0.04 0.01 0.0174174 0.009 0.013239486 0.019054286 0.014142114 0.020486143 0.011559443 0.013120771 0.02 0.018
0.05 0.03 0.0250478 0.0149643 0.019736143 0.014899857 0.024328429 0.019540143 0.014527 0.001 0.015519143 0.048762429
0.1 0.018 0.02723081 0.0170732 0.021356429 0.015550571 0.018655429 0.021896286 0.0129636 0.018157714 0.018971714 0.02
0.049974429 0.016 0.030565 0.0164491 0.07 0.0151781 0.045 0.0131491 0.011470629 0.013934514 0.012975957 0.015
0.09 0.04 0.0247966 0.0149481 0.0215293 0.010314329 0.011210229 0.016793429 0.012950929 0.0130364 0.015125286 0.052384429
0.071784286 0.035 0.0364785 0.0191208 0.0298037 0.0192986 0.016113857 0.016695571 0.008 0.0135515 0.029122857 0.03
0.061736 0.045 0.033 0.0226001 0.0312942 0.0204307 0.010973686 0.012307714 0.015370143 0.014336429 0.016189571 0.053213714
0.064562857 0.04 0.0055 0.0157005 0.0238238 0.0207883 0.04 0.0286598 0.017347143 0.0055 0.022556571 0.062
0.07 0.032 0.022 0.013386357 0.0445027 0.015572 0.0114705 0.016343714 0.015101286 0.004 0.024132714 0.048401714
0.05 0.105 0.034 0.024 0.017330286 0.019449143 0.0288543 0.0230001 0.018607143 0.024485857 0.045088143 0.044077
0.115 0.115 0.008 0.015 0.015 0.017775857 0.02 0.022808429 0.027858143 0.017479286 0.037625143 0.075

--------[ 2025-06-28 12:30:00 ] #gep

sbs.hcal.adc.gain =
0.05 0.045 0.04 0.028 0.03 0.0403286 0.035 0.047539857 0.025 0.025 0.031789143 0.053509714
0.05 0.040162857 0.0374292 0.020245286 0.0345586 0.0303777 0.0406503 0.012 0.03 0.029836714 0.025 0.03
0.05 0.015 0.025 0.02922186 0.0288293 0.0294794 0.018 0.0324507 0.0171627 0.01 0.014 0.045268571
0.05 0.05 0.0264921 0.0208451 0.0235549 0.014642714 0.014218014 0.014946 0.014 0.011756114 0.021258714 0.01647
0.05 0.04 0.0294066 0.013476429 0.017202286 0.009531971 0.017 0.014884857 0.012 0.012160957 0.026420571 0.05
0.05 0.06 0.0331127 0.014387857 0.030984 0.018867714 0.015 0.017 0.013780329 0.011528243 0.024782429 0.032
0.006 0.007 0.004 0.005 0.011 0.0035 0.018 0.0155 0.014 0.013377057 0.012908857 0.02
0.065 0.03 0.0233232 0.012965414 0.021 0.012 0.0133281 0.015749286 0.012 0.02 0.02 0.05
0.065 0.03 0.0189744 0.011756971 0.017 0.0138001 0.02 0.012689871 0.01 0.017715286 0.015 0.02
0.037162286 0.04 0.0214891 0.018752286 0.019117714 0.017503 0.020302286 0.015 0.011 0.015447 0.01 0.04
0.1 0.035 0.009 0.017113429 0.018168143 0.020056571 0.017 0.017 0.012 0.011687857 0.008 0.022
0.06 0.04 0.0226666 0.020833571 0.022445429 0.023305571 0.013473271 0.017179857 0.014381571 0.014753714 0.016 0.048
0.012 0.015 0.015 0.005 0.07 0.00862817 0.044 0.019838571 0.012882871 0.025 0.032605857 0.045
0.04 0.03 0.0174174 0.009 0.013239486 0.016 0.014142114 0.015 0.011559443 0.013120771 0.02 0.018
0.05 0.04 0.0250478 0.0149643 0.019736143 0.014899857 0.022 0.019540143 0.014527 0.002 0.015519143 0.032
0.1 0.022 0.02723081 0.0170732 0.021356429 0.015550571 0.015 0.016 0.0129636 0.018157714 0.018971714 0.02
0.049974429 0.016 0.030565 0.0164491 0.07 0.0151781 0.033 0.0131491 0.011470629 0.013934514 0.012975957 0.015
0.09 0.04 0.0247966 0.0149481 0.0215293 0.010314329 0.011210229 0.016793429 0.011 0.0130364 0.015125286 0.048
0.071784286 0.035 0.0364785 0.0191208 0.0298037 0.0192986 0.016113857 0.016695571 0.008 0.0135515 0.029122857 0.03
0.061736 0.045 0.033 0.0226001 0.0312942 0.0204307 0.010973686 0.012307714 0.015370143 0.014336429 0.016189571 0.04
0.064562857 0.04 0.017 0.0157005 0.0238238 0.0207883 0.033 0.02 0.012 0.0055 0.019 0.045
0.07 0.032 0.022 0.013386357 0.0445027 0.015572 0.0114705 0.016343714 0.013 0.012 0.024132714 0.036
0.15 0.2 0.034 0.024 0.017330286 0.017 0.0288543 0.0230001 0.014 0.024485857 0.045088143 0.044077
0.09 0.1 0.024 0.015 0.015 0.015 0.024 0.022808429 0.027858143 0.017479286 0.037625143 0.08

--------[ 2025-06-28 16:30:00 ] #gep

sbs.hcal.adc.gain =
0.05 0.045 0.04 0.028 0.03 0.0403286 0.035 0.047539857 0.025 0.025 0.031789143 0.053509714
0.05 0.040162857 0.0374292 0.020245286 0.0345586 0.0303777 0.0406503 0.012 0.03 0.029836714 0.025 0.03
0.05 0.015 0.025 0.02922186 0.0288293 0.0294794 0.018 0.0324507 0.0171627 0.01 0.014 0.045268571
0.05 0.05 0.0264921 0.0208451 0.0235549 0.014642714 0.014218014 0.014946 0.014 0.011756114 0.021258714 0.01647
0.05 0.04 0.0294066 0.013476429 0.017202286 0.009531971 0.017 0.014884857 0.012 0.012160957 0.026420571 0.05
0.05 0.06 0.0331127 0.014387857 0.030984 0.018867714 0.015 0.017 0.013780329 0.011528243 0.024782429 0.032
0.006 0.007 0.004 0.005 0.011 0.0035 0.018 0.0155 0.014 0.013377057 0.012908857 0.02
0.065 0.03 0.0233232 0.012965414 0.021 0.012 0.0133281 0.015749286 0.012 0.02 0.02 0.05
0.065 0.03 0.0189744 0.011756971 0.017 0.0138001 0.02 0.012689871 0.01 0.017715286 0.015 0.02
0.037162286 0.04 0.0214891 0.018752286 0.019117714 0.017503 0.020302286 0.015 0.011 0.015447 0.01 0.04
0.1 0.035 0.009 0.017113429 0.018168143 0.020056571 0.017 0.017 0.012 0.011687857 0.008 0.018
0.06 0.04 0.0226666 0.020833571 0.022445429 0.023305571 0.013473271 0.017179857 0.014381571 0.014753714 0.016 0.048
0.012 0.015 0.015 0.005 0.07 0.00862817 0.044 0.019838571 0.012882871 0.025 0.032605857 0.045
0.04 0.03 0.0174174 0.009 0.013239486 0.016 0.014142114 0.015 0.011559443 0.013120771 0.02 0.018
0.05 0.04 0.0250478 0.0149643 0.019736143 0.014899857 0.022 0.019540143 0.014527 0.002 0.015519143 0.032
0.1 0.022 0.02723081 0.0170732 0.021356429 0.015550571 0.015 0.016 0.0129636 0.018157714 0.018971714 0.02
0.049974429 0.016 0.030565 0.0164491 0.07 0.0151781 0.033 0.0131491 0.011470629 0.013934514 0.012975957 0.015
0.09 0.04 0.0247966 0.0149481 0.0215293 0.010314329 0.011210229 0.016793429 0.011 0.0130364 0.015125286 0.04
0.071784286 0.035 0.0364785 0.0191208 0.0298037 0.0192986 0.016113857 0.016695571 0.008 0.0135515 0.029122857 0.03
0.061736 0.045 0.033 0.0226001 0.0312942 0.0204307 0.010973686 0.012307714 0.015370143 0.014336429 0.016189571 0.04
0.064562857 0.04 0.017 0.0157005 0.0238238 0.0207883 0.033 0.02 0.012 0.0055 0.019 0.045
0.07 0.032 0.022 0.013386357 0.0445027 0.015572 0.0114705 0.016343714 0.013 0.008 0.024132714 0.036
0.15 0.125 0.034 0.024 0.017330286 0.017 0.0288543 0.0230001 0.014 0.024485857 0.045088143 0.044077
0.09 0.1 0.024 0.015 0.015 0.015 0.024 0.022808429 0.027858143 0.017479286 0.037625143 0.065

--------[ 2025-06-30 14:35:00 ] #gep

# August 18 result here; these gains will center the HCAL sampling fraction distribution at 1:
sbs.hcal.adc.gain =
  0.133334   0.106667  0.0476323  0.0352445  0.0141796  0.0336633  0.0819727   0.138692  0.0925053   0.046667  0.0423858  0.0713468
  0.106667  0.0316027  0.0383436  0.0368152  0.0473257  0.0452301  0.0565689  0.0323956  0.0444881  0.0420208  0.0333336  0.0400003
  0.100001  0.0328437 0.00717282  0.0451118   0.044701  0.0439625  0.0252153  0.0397387  0.0304994  0.0218697  0.0186668  0.0603585
  0.106667   0.044334  0.0301543  0.0321016  0.0365388  0.0385873  0.0382893  0.0429621  0.0261903  0.0281819  0.0384914  0.0320002
 0.0800006  0.0461526  0.0312637     0.0287  0.0337158  0.0277724  0.0384585   0.037364  0.0295568  0.0344603  0.0120628  0.0666671
  0.106667  0.0309196  0.0344383   0.026712   0.048431  0.0469169  0.0362453  0.0357896  0.0291205  0.0177104  0.0202198   0.023034
 0.0120001 0.00899432 0.00826438 0.00429998  0.0262836  0.0130008  0.0480757  0.0335667  0.0294585  0.0215164  0.0493661  0.0266669
 0.0866673  0.0409454  0.0300636  0.0295768  0.0374491  0.0348974  0.0389387  0.0405093  0.0236853  0.0350253  0.0318161  0.0666671
 0.0866673  0.0384446  0.0141267  0.0234095   0.033634  0.0346957  0.0262882  0.0490464  0.0216143  0.0339171  0.0334751  0.0320002
 0.0171758  0.0224243  0.0251313   0.028845  0.0367428  0.0316879  0.0465552  0.0336886  0.0252773  0.0358703  0.0215244  0.0533337
  0.133334  0.0303883  0.0103358  0.0234693  0.0332895  0.0400704  0.0384015  0.0399494  0.0267945  0.0253254  0.0106546  0.0240002
 0.0800006  0.0183676  0.0296332  0.0334813  0.0456086   0.052185  0.0344603  0.0436975  0.0252802  0.0386743  0.0410531  0.0640005
 0.0160001  0.0123195  0.0146197  0.0103371  0.0646263   0.018901   0.093985  0.0379386  0.0287144  0.0235342  0.0434748  0.0600004
 0.0608789    0.01084   0.021172  0.0167562  0.0249124   0.036472  0.0315484   0.038639  0.0219707  0.0296974  0.0251327  0.0135707
 0.0836906  0.0420864  0.0276744   0.027152  0.0340713  0.0326294  0.0413083  0.0411438  0.0319671 0.00224891  0.0615076   0.118336
 0.0394873  0.0219299  0.0343113  0.0238084  0.0374348  0.0329065  0.0331475  0.0385285  0.0323795  0.0374317  0.0362786  0.0288931
 0.0666331 0.00706435  0.0398879  0.0238862  0.0785614  0.0255816  0.0634288  0.0211868  0.0237257  0.0210793  0.0269828  0.0102613
  0.120001  0.0169714  0.0312601  0.0210826   0.038253  0.0344174   0.033082  0.0424098   0.026338  0.0239841  0.0577029  0.0334783
 0.0957131   0.031936  0.0380674  0.0278848  0.0402961  0.0344192  0.0368643  0.0416803   0.016737  0.0289406  0.0364063  0.0819085
 0.0823153  0.0589009  0.0205398  0.0268204  0.0543749  0.0327286   0.029805  0.0333278  0.0284436  0.0286864  0.0434183  0.0853848
 0.0860844  0.0409213  0.0174973   0.012329  0.0324438    0.03319  0.0591887  0.0487735  0.0296057   0.010916  0.0230001    0.13908
  0.093334   0.042667  0.0342571  0.0302492  0.0564613  0.0374369   0.036529  0.0375839  0.0250461  0.0167315  0.0220723  0.0480003
  0.166668   0.133334  0.0453337  0.0207292  0.0352604    0.03685  0.0361413  0.0389248  0.0319439  0.0374877  0.0209168  0.0587698
  0.106667   0.106667  0.0320002 0.00768253  0.0129625  0.0496162  0.0608472  0.0141471  0.0399807  0.0445663   0.031542  0.0680005

# "OLD" June 30 result here.
#sbs.hcal.adc.gain =
#0.1 0.08 0.08 0.05 0.055 0.0403286 0.035 0.047539857 0.03 0.035 0.031789143 0.053509714
#0.08 0.048 0.045 0.0243 0.0345586 0.024 0.0406503 0.018 0.03 0.029836714 0.025 0.03
#0.075 0.027 0.03 0.02922186 0.0288293 0.024 0.018 0.0324507 0.0171627 0.01 0.014 0.045268571
#0.08 0.05 0.0264921 0.0208451 0.0235549 0.014642714 0.014218014 0.014946 0.014 0.016 0.021258714 0.024
#0.06 0.04 0.0294066 0.013476429 0.017202286 0.009531971 0.017 0.014884857 0.012 0.0146 0.026420571 0.05
#0.08 0.06 0.0331127 0.014387857 0.030984 0.018867714 0.015 0.017 0.013780329 0.011528243 0.024782429 0.032
#0.009 0.01 0.006 0.005 0.011 0.0065 0.018 0.0155 0.014 0.013377057 0.0142 0.02
#0.065 0.03 0.0233232 0.012965414 0.021 0.012 0.0133281 0.015749286 0.012 0.02 0.02 0.05
#0.065 0.03 0.021 0.011756971 0.017 0.0138001 0.02 0.014 0.01 0.017715286 0.015 0.024
#0.037162286 0.04 0.0214891 0.018752286 0.019117714 0.017503 0.020302286 0.015 0.011 0.015447 0.011 0.04
#0.1 0.035 0.009 0.017113429 0.018168143 0.020056571 0.017 0.017 0.012 0.011687857 0.008 0.018
#0.06 0.04 0.0226666 0.020833571 0.022445429 0.023305571 0.013473271 0.017179857 0.014381571 0.014753714 0.016 0.048
#0.012 0.015 0.015 0.008 0.07 0.012 0.044 0.019838571 0.012882871 0.025 0.032605857 0.045
#0.04 0.03 0.0174174 0.009 0.013239486 0.016 0.014142114 0.015 0.011559443 0.013120771 0.02 0.0216
#0.05 0.04 0.0250478 0.0149643 0.019736143 0.014899857 0.017 0.019540143 0.014527 0.0025 0.015519143 0.032
#0.1 0.022 0.02723081 0.0170732 0.021356429 0.015550571 0.015 0.016 0.0129636 0.018157714 0.018971714 0.02
#0.049974429 0.016 0.030565 0.0164491 0.07 0.012 0.033 0.0131491 0.011470629 0.013934514 0.012975957 0.015
#0.09 0.04 0.0247966 0.0149481 0.0215293 0.010314329 0.011210229 0.016793429 0.011 0.0130364 0.015125286 0.04
#0.071784286 0.035 0.0364785 0.0191208 0.0298037 0.0192986 0.016113857 0.016695571 0.008 0.0135515 0.029122857 0.03
#0.061736 0.045 0.033 0.0226001 0.0312942 0.0204307 0.010973686 0.012307714 0.015370143 0.014336429 0.016189571 0.04
#0.064562857 0.04 0.017 0.0157005 0.0238238 0.016 0.033 0.02 0.012 0.0055 0.019 0.045
#0.07 0.032 0.027 0.013386357 0.0445027 0.015572 0.0114705 0.016343714 0.013 0.008 0.024132714 0.036
#0.125 0.1 0.034 0.024 0.017330286 0.017 0.0288543 0.0230001 0.014 0.024485857 0.036 0.044077
#0.08 0.08 0.024 0.015 0.018 0.015 0.024 0.022808429 0.027858143 0.017479286 0.037625143 0.051


--------[ 2025-05-09 00:00:00 ] #gep3

sbs.hcal.reftdc.GoodTimeCut = 0.0 0.0 0.0 0.0 110.0 110.0 110.0 110.0

sbs.hcal.adctime_min_clusterselect = 80.0
sbs.hcal.adctime_max_clusterselect = 110.0

# implement "effective z" for HCAL applicable to Kin. 3
# NOTE: these offsets will need to be updated after re-optimizing the GEM global alignment:
sbs.hcal.position = 0.192 -0.0215 6.696

--------[ 2025-04-14 17:00:00 ] ## ECAL and HCAL trigger signal sent to different channels
## crate slot start_channel end_channel ref_channel(0:HCal cosmic, 2:Beam)
sbs.hcal.detmap =
  28   3      0     15 -1
  28   4      0     15 -1
  28   5      0     15 -1
  28   6      0     15 -1
  28   7      0     15 -1
  28   8      0     15 -1
  28   9      0     15 -1
  28   10     0     15 -1
  28   13     0     15 -1
  28   14     0     15 -1
  28   15     0     15 -1
  28   16     0     15 -1
  28   17     0     15 -1
  28   18     0     15 -1
  28   19     0     15 -1
  28   20     0     15 -1
  29   19     0     15 -1
  29   20     0     15 -1
  17    4     0    31 -1 # 32 channels
  17    4     32   63 -1 # 32 channels
  17    5     0    31 -1 # 32 channels
  17    5     32   63 -1 # 32 channels
  17    6     0    31 -1 # 32 channels
  17    6     32   63 -1 # 32 channels
  17    7     0    31 -1 # 32 channels
  17    7     32   63 -1 # 32 channels
  17    8     0    31 -1 # 32 channels
  17    8     32   32 -1 # 1 channel. Sum module trigger copy (logical). sbs.hcal.Ref.tdc[0]
  17    8     34   34 -1 # 1 channel. Copy of DVCS pulser EDTM signal (logical). sbs.hcal.Ref.tdc[1]
  17    8     35   35 -1 # 1 channel. Copy of BB trigger (logical). TDC reference channel. sbs.hcal.Ref.tdc[2]
#  17    8     36   36 5 # 1 channel. RF copy (logical). sbs.hcal.Ref.tdc[3]
  17    8     41   41 -1 # 1 channel. RF copy(logical). sbs.hcal.Ref.tdc[3]
  17    8     42   42 -1 # 1 channel. Copy of Coin-Match (ECAL-HCAL). sbs.hcal.Ref.tdc[4]
  17    8     43   43 -1 # 1 channel. Copy of ECAL-HCAL coin (logical). sbs.hcal.Ref.tdc[5]
  17    8     44   44 -1 # 1 channel. Copy of ECAL clust trig (logical). sbs.hcal.Ref.tdc[6]
  17    8     45   45 -1 # 1 channel. Copy of HCAL clust trig (logical). sbs.hcal.Ref.tdc[7]



## Channel map from channel to logical channel
sbs.hcal.start_chanmap=1
sbs.hcal.chanmap =
#fADC Logical Mapping
##   Ch1   2   3   4   5   6   7   8   9   10  11  12  13  14  15  16 #
##----------------------------------------------------------------
#1
#       1   7   2   8   3   9   4   10  5   11  6   12
#       13  19  14  20  15  21  16  22  17  23  18  24
	73  79  74  80  75  81  76  82  77  83  78  84  109 115 110 116   #fADC 1
	85  91  86  92  87  93  88  94  89  95  90  96  111 117 112 118   #fADC 2
	97  103 98  104 99  105 100 106 101 107 102 108 113 119 114 120   #fADC 3
	121 127 122 128 123 129 124 130 125 131 126 132 13  19  14  20    #fADC 4
	133 139 134 140 135 141 136 142 137 143 138 144 15  21  16  22    #fADC 5
	1   7   2   8   3   9   4   10  5   11  6   12  17  23  18  24    #fADC 6
	25  31  26  32  27  33  28  34  29  35  30  36  61  67  62  68    #fADC 7
	37  43  38  44  39  45  40  46  41  47  42  48  63  69  64  70    #fADC 8
	49  55  50  56  51  57  52  58  53  59  54  60  65  71  66  72    #fADC 9
	145 151 146 152 147 153 148 154 149 155 150 156 181 187 182 188   #fADC 10
 	157 163 158 164 159 165 160 166 161 167 162 168 183 189 184 190   #fADC 11
	169 175 170 176 171 177 172 178 173 179 174 180 185 191 186 192   #fADC 12
	193 199 194 200 195 201 196 202 197 203 198 204 229 235 230 236   #fADC 13
	205 211 206 212 207 213 208 214 209 215 210 216 231 237 232 238   #fADC 14
	217 223 218 224 219 225 220 226 221 227 222 228 233 239 234 240   #fADC 15
	241 247 242 248 243 249 244 250 245 251 246 252 277 283 278 284   #fADC 16
	253 259 254 260 255 261 256 262 257 263 258 264 279 285 280 286   #fADC 17
	265 271 266 272 267 273 268 274 269 275 270 276 281 287 282 288  #-1000  #fADC 18
#F1TDC Logical Mapping
##   Ch33  34  35  36  37  38  39  40  41  42  43  44  45  46  47  48  49  50  51  52  53  54  55  56  57  58  59  60  61  62  63  64 #
##----------------------------------------------------------------
#1
#       13  19  14  20  15  21  16  22  17  23  18  24  1   7   2   8   3   9   4   10  5   11  6   12
       85  91  86  92  87  93  88  94  89  95  90  96  111 117 112 118 73  79  74  80  75  81  76  82  77  83  78  84  109 115 110 116  #TDC 1. Ribbons 1, 2.
       169 175 170 176 171 177 172 178 173 179 174 180 185 191 186 192 157 163 158 164 159 165 160 166 161 167 162 168 183 189 184 190  #TDC 1. Ribbons 11, 12.
       121 127 122 128 123 129 124 130 125 131 126 132 13  19  14  20  97  103 98  104 99  105 100 106 101 107 102 108 113 119 114 120  #TDC 2. Ribbons 3, 4.
       205 211 206 212 207 213 208 214 209 215 210 216 231 237 232 238 193 199 194 200 195 201 196 202 197 203 198 204 229 235 230 236  #TDC 2. Ribbons 13, 14.
       1   7   2   8   3   9   4   10  5   11  6   12  17  23  18  24  133 139 134 140 135 141 136 142 137 143 138 144 15  21  16  22   #TDC 3. Ribbons 5, 6.
       241 247 242 248 243 249 244 250 245 251 246 252 277 283 278 284 217 223 218 224 219 225 220 226 221 227 222 228 233 239 234 240  #TDC 3. Ribbons 15, 16.
       37  43  38  44  39  45  40  46  41  47  42  48  63  69  64  70  25  31  26  32  27  33  28  34  29  35  30  36  61  67  62  68   #TDC 4. Ribbons 7, 8.
       265 271 266 272 267 273 268 274 269 275 270 276 281 287 282 288 253 259 254 260 255 261 256 262 257 263 258 264 279 285 280 286  #TDC 4. Ribbons 17, 18.
##   Ch1   2   3   4   5   6   7   8   9   10  11  12  13  14  15  16
       145 151 146 152 147 153 148 154 149 155 150 156 181 187 182 188 49  55  50  56  51  57  52  58  53  59  54  60  65  71  66  72   -1000  -1000  -1000  -1000  -1000  -1000 -1000 -1000 #TDC 5. Ribbons 9, 10.
